2026-05-27 01:58:19,035 [     24]   INFO - #c.i.p.i.b.AppStarter - ------------------------------------------------------ IDE STARTED ------------------------------------------------------
2026-05-27 01:58:19,050 [     39]   INFO - #c.i.p.i.b.AppStarter - loading shell environment is turned off
2026-05-27 01:58:19,054 [     43]   INFO - #c.i.p.i.b.AppStarter - Will skip the config import to directory "/home/evgrart/.cache/JetBrains/Qodana/ac8555c8-b0bfb7b1/config" (exists = true). Current entries: "options", "ide.vmoptions".
2026-05-27 01:58:19,080 [     69]   INFO - #c.i.p.i.b.AppStarter - JNA library (64-bit) loaded in 30 ms
2026-05-27 01:58:19,088 [     77]   INFO - #c.i.p.i.b.AppStarter - IDE: Qodana for JVM (build #QDJVM-261.24091, Wed, 27 May 2026 01:58:19 +0300)
2026-05-27 01:58:19,089 [     78]   INFO - #c.i.p.i.b.AppStarter - OS: Linux (6.17.0-29-generic)
2026-05-27 01:58:19,089 [     78]   INFO - #c.i.p.i.b.AppStarter - JRE: 25.0.2+10-b329.111, amd64 (JetBrains s.r.o.)
2026-05-27 01:58:19,089 [     78]   INFO - #c.i.p.i.b.AppStarter - JVM: 25.0.2+10-b329.111 (OpenJDK 64-Bit Server VM)
2026-05-27 01:58:19,091 [     80]   INFO - #c.i.p.i.b.AppStarter - PID: 47885
2026-05-27 01:58:19,091 [     80]   INFO - #c.i.p.i.b.AppStarter - desktop: KDE
2026-05-27 01:58:19,091 [     80]   INFO - #c.i.p.i.b.AppStarter - toolkit: sun.awt.HeadlessToolkit
2026-05-27 01:58:19,112 [    101]   INFO - #c.i.p.i.b.AppStarter - JVM options: [abort, vfprintf, -XX:ErrorFile=/home/evgrart/java_error_in_idea_%p.log, -XX:HeapDumpPath=/home/evgrart/java_error_in_idea.hprof, -Xms128m, -XX:JbrShrinkingGcMaxHeapFreeRatio=40, -XX:ReservedCodeCacheSize=512m, -XX:+HeapDumpOnOutOfMemoryError, -XX:-OmitStackTraceInFastThrow, -XX:CICompilerCount=2, -XX:+IgnoreUnrecognizedVMOptions, -XX:+UnlockDiagnosticVMOptions, -XX:TieredOldPercentage=100000, -ea, -Dsun.io.useCanonCaches=false, -Dsun.java2d.metal=true, -Djbr.catch.SIGABRT=true, -Djdk.http.auth.tunneling.disabledSchemes="", -Djdk.attach.allowAttachSelf=true, -Djdk.module.illegalAccess.silent=true, -Djdk.nio.maxCachedBufferSize=2097152, -Djava.util.zip.use.nio.for.zip.file.access=true, -Dkotlinx.coroutines.debug=off, -Dskiko.rendering.useScreenMenuBar=false, -Djava.nio.file.spi.DefaultFileSystemProvider=com.intellij.platform.core.nio.fs.MultiRoutingFileSystemProvider, -Dintellij.plugins.custom.built.in.repository.url=https://buildserver.labs.intellij.net/guestAuth/repository/download/ijplatform_IjPlatform261_IdeaInstallersBuild/930158814:id/IU-plugins/plugins.xml,https://buildserver.labs.intellij.net/guestAuth/repository/download/ijplatform_IjPlatform261_IdeaInstallersBuild/930158814:id/IU-plugins/auto-uploading/plugins.xml, -Dsun.tools.attach.tmp.only=true, -Dawt.lock.fair=true, -Dawt.toolkit.name=auto, -Djava.awt.headless=true, -Didea.log.path=/mnt/agent/work/75485c7b3f73db93/logs/plugins/, -Ddisabled.plugins.file.path=/home/evgrart/.cache/JetBrains/Qodana/qodana-QDJVMC-261.24091.87.tar/disabled_plugins.txt, -Didea.config.path=/home/evgrart/.cache/JetBrains/Qodana/ac8555c8-b0bfb7b1/config, -Didea.headless.enable.statistics=true, -Didea.headless.statistics.device.id=200820300000000-0000-0000-0000-000000000000, -Didea.headless.statistics.salt=0229f593f62e84ad29a64cebb6a9b861, -Didea.log.path=dist/qodana/results/log, -Didea.plugins.path=/home/evgrart/.cache/JetBrains/Qodana/ac8555c8-b0bfb7b1/cache/plugins/261, -Didea.system.path=/home/evgrart/.cache/JetBrains/Qodana/ac8555c8-b0bfb7b1/cache/idea/261, -Dplugin.path=/home/evgrart/.cache/JetBrains/Qodana/qodana-QDJVMC-261.24091.87.tar/custom-plugins/devkit,/home/evgrart/.cache/JetBrains/Qodana/qodana-QDJVMC-261.24091.87.tar/custom-plugins/uiDesigner, -Dqodana.automation.guid=7b5ba563-f7a1-4a5b-94b8-6d8dfd4b20b3, -Dqodana.coverage.input=/home/evgrart/opi3/.qodana/code-coverage, -Dqodana.path.to.project.dir.from.project.root=opi3, -XX:MaxRAMPercentage=70, -Xlog:gc*:dist/qodana/results/log/gc.log, -Djb.vmOptionsFile=/home/evgrart/.cache/JetBrains/Qodana/ac8555c8-b0bfb7b1/config/ide.vmoptions, -Djava.system.class.loader=com.intellij.util.lang.PathClassLoader, -Didea.vendor.name=JetBrains, -Didea.paths.selector=IntelliJIdea2026.1, -Djna.boot.library.path=/home/evgrart/.cache/JetBrains/Qodana/qodana-QDJVMC-261.24091.87.tar/lib/jna/amd64, -Djna.nosys=true, -Djna.noclasspath=true, -Dpty4j.preferred.native.folder=/home/evgrart/.cache/JetBrains/Qodana/qodana-QDJVMC-261.24091.87.tar/lib/pty4j, -Dio.netty.allocator.type=pooled, -Dskiko.library.path=/home/evgrart/.cache/JetBrains/Qodana/qodana-QDJVMC-261.24091.87.tar/lib/skiko-awt-runtime-all, -Dintellij.platform.runtime.repository.path=/home/evgrart/.cache/JetBrains/Qodana/qodana-QDJVMC-261.24091.87.tar/modules/module-descriptors.dat, -Dsplash=true, -Daether.connector.resumeDownloads=false, -Dcompose.swing.render.on.graphics=true, --enable-native-access=ALL-UNNAMED, --add-opens=java.base/java.io=ALL-UNNAMED, --add-opens=java.base/java.lang=ALL-UNNAMED, --add-opens=java.base/java.lang.ref=ALL-UNNAMED, --add-opens=java.base/java.lang.reflect=ALL-UNNAMED, --add-opens=java.base/java.net=ALL-UNNAMED, --add-opens=java.base/java.nio=ALL-UNNAMED, --add-opens=java.base/java.nio.charset=ALL-UNNAMED, --add-opens=java.base/java.text=ALL-UNNAMED, --add-opens=java.base/java.time=ALL-UNNAMED, --add-opens=java.base/java.util=ALL-UNNAMED, --add-opens=java.base/java.util.concurrent=ALL-UNNAMED, --add-opens=java.base/java.util.concurrent.atomic=ALL-UNNAMED, --add-opens=java.base/java.util.concurrent.locks=ALL-UNNAMED, --add-opens=java.base/jdk.internal.ref=ALL-UNNAMED, --add-opens=java.base/jdk.internal.vm=ALL-UNNAMED, --add-opens=java.base/sun.net.dns=ALL-UNNAMED, --add-opens=java.base/sun.nio=ALL-UNNAMED, --add-opens=java.base/sun.nio.ch=ALL-UNNAMED, --add-opens=java.base/sun.nio.fs=ALL-UNNAMED, --add-opens=java.base/sun.security.ssl=ALL-UNNAMED, --add-opens=java.base/sun.security.util=ALL-UNNAMED, --add-opens=java.desktop/com.sun.java.swing=ALL-UNNAMED, --add-opens=java.desktop/com.sun.java.swing.plaf.gtk=ALL-UNNAMED, --add-opens=java.desktop/java.awt=ALL-UNNAMED, --add-opens=java.desktop/java.awt.dnd.peer=ALL-UNNAMED, --add-opens=java.desktop/java.awt.event=ALL-UNNAMED, --add-opens=java.desktop/java.awt.font=ALL-UNNAMED, --add-opens=java.desktop/java.awt.image=ALL-UNNAMED, --add-opens=java.desktop/java.awt.peer=ALL-UNNAMED, --add-opens=java.desktop/javax.swing=ALL-UNNAMED, --add-opens=java.desktop/javax.swing.plaf.basic=ALL-UNNAMED, --add-opens=java.desktop/javax.swing.text=ALL-UNNAMED, --add-opens=java.desktop/javax.swing.text.html=ALL-UNNAMED, --add-opens=java.desktop/javax.swing.text.html.parser=ALL-UNNAMED, --add-opens=java.desktop/sun.awt=ALL-UNNAMED, --add-opens=java.desktop/sun.awt.X11=ALL-UNNAMED, --add-opens=java.desktop/sun.awt.datatransfer=ALL-UNNAMED, --add-opens=java.desktop/sun.awt.image=ALL-UNNAMED, --add-opens=java.desktop/sun.font=ALL-UNNAMED, --add-opens=java.desktop/sun.java2d=ALL-UNNAMED, --add-opens=java.desktop/sun.swing=ALL-UNNAMED, --add-opens=java.management/sun.management=ALL-UNNAMED, --add-opens=jdk.attach/sun.tools.attach=ALL-UNNAMED, --add-opens=jdk.compiler/com.sun.tools.javac.api=ALL-UNNAMED, --add-opens=jdk.internal.jvmstat/sun.jvmstat.monitor=ALL-UNNAMED, --add-opens=jdk.jdi/com.sun.tools.jdi=ALL-UNNAMED, -Dqodana.application=true, -Dintellij.platform.load.app.info.from.resources=true, -Dfus.internal.reduce.initial.delay=true, -Didea.headless.statistics.max.files.to.send=5000, -Djava.awt.headless=true, -Didea.qodana.thirdpartyplugins.accept=true, -Dide.warmup.use.predicates=false, -Dvcs.log.index.enable=false, -Didea.job.launcher.without.timeout=true, -Dscanning.in.smart.mode=false, -Deap.login.enabled=false, -Dsdk.download.consent=true, -Dide.activity.tracking.enable.debug=true, -Deslint.service.expiration.timeout.ms=5000, -Dphp.additional.library.manager.new.updater=true, -Dide.region.url.mapping.expiration.timeout=7200, -Dexternal.system.auto.import.headless.async=true, -Dmaven.default.headless.import=true, -Dide.do.not.check.ls.on.startup=true, -Dqodana.product.name=Qodana for JVM, -Dqodana.build.number=QDJVM-261.24091, -Dqodana.eap=false, -Dide.native.launcher=true]
2026-05-27 01:58:19,114 [    103]   INFO - #c.i.p.i.b.AppStarter - args: qodana --config qodana.yaml --config-dir /tmp/qd-effective-config-1099582011 /home/evgrart/opi3 dist/qodana/results
2026-05-27 01:58:19,114 [    103]   INFO - #c.i.p.i.b.AppStarter - library path: /usr/java/packages/lib:/usr/lib64:/lib64:/lib:/usr/lib
2026-05-27 01:58:19,114 [    103]   INFO - #c.i.p.i.b.AppStarter - boot library path: /home/evgrart/.cache/JetBrains/Qodana/qodana-QDJVMC-261.24091.87.tar/jbr/lib
2026-05-27 01:58:19,115 [    104]   INFO - #c.i.p.i.b.AppStarter - locale=en_US JNU=UTF-8 file.encoding=UTF-8
    idea.home.path=/home/evgrart/.cache/JetBrains/Qodana/qodana-QDJVMC-261.24091.87.tar
    idea.config.path=/home/evgrart/.cache/JetBrains/Qodana/ac8555c8-b0bfb7b1/config
    idea.system.path=/home/evgrart/.cache/JetBrains/Qodana/ac8555c8-b0bfb7b1/cache/idea/261
    idea.plugins.path=/home/evgrart/.cache/JetBrains/Qodana/ac8555c8-b0bfb7b1/cache/plugins/261 -> java.nio.file.NoSuchFileException: /home/evgrart/.cache/JetBrains/Qodana/ac8555c8-b0bfb7b1/cache/plugins/261
    idea.log.path=/home/evgrart/opi3/dist/qodana/results/log
2026-05-27 01:58:19,120 [    109]   INFO - #c.i.p.i.b.AppStarter - CPU cores: 8; ForkJoinPool.commonPool: java.util.concurrent.ForkJoinPool@2dff00ad[Running, parallelism = 8, size = 0, active = 0, running = 0, steals = 0, tasks = 0, submissions = 0]; factory: com.intellij.concurrency.IdeaForkJoinWorkerThreadFactory@6959c881
2026-05-27 01:58:19,566 [    555]   INFO - #c.i.i.p.DisabledPluginsState - Plugins to disable: [com.intellij.modules.ultimate], applied
2026-05-27 01:58:19,583 [    572]   WARN - #c.i.i.p.PluginManager - Dist index is missing or corrupted; an OLD, DEPRECATED, SOON-TO-BE-REMOVED implementation will be used
2026-05-27 01:58:20,056 [   1045]   INFO - #c.i.i.p.PluginManager - Ignoring cached broken plugins file from an earlier IDE build (IU-261.24091)
2026-05-27 01:58:20,181 [   1170]   INFO - #c.i.i.p.PluginManager - Plugin set resolution:
Module intellij.json.frontend.split is not enabled because dependency intellij.platform.frontend.split is not available
Module intellij.properties.copyright is not enabled because dependency com.intellij.copyright is not available
Module intellij.platform.identifiers.highlighting.backend is not enabled because dependency com.jetbrains.remoteDevelopment is not available
Module intellij.editorconfig.frontend.split is not enabled because dependency intellij.platform.frontend.split is not available
Module intellij.vcs.git.terminal is not enabled because dependency org.jetbrains.plugins.terminal is not available
Module intellij.devkit.mcp is not enabled because dependency com.intellij.mcpServer is not available
Module intellij.kotlin.devkit.k1 is not enabled because dependency com.intellij.modules.kotlin.k1 is not available
Module intellij.devkit.workspaceModel.k1 is not enabled because dependency com.intellij.modules.kotlin.k1 is not available
Module intellij.kotlin.performanceExtendedPlugin is not enabled because dependency intellij.performanceTesting.vcs is not available
Module intellij.kotlin.jvm.decompiler is not enabled because dependency org.jetbrains.java.decompiler is not available
Module intellij.kotlin.completion.ml is not enabled because dependency com.intellij.completion.ml.ranking is not available
Module intellij.kotlin.grazie is not enabled because dependency tanvd.grazi is not available
Module intellij.kotlin.coverage is not enabled because dependency Coverage is not available
Module intellij.kotlin.copyright is not enabled because dependency com.intellij.copyright is not available
Module kotlin-ultimate.profiler is not enabled because dependency com.intellij.LineProfiler is not available
Module kotlin-ultimate.wasm.debugger is not enabled because dependency intellij.javascript.debugger.backend is not available
Module kotlin-ultimate.javascript.nodeJs is not enabled because dependency intellij.javascript.codeinsight is not available
Module kotlin-ultimate.javascript.debugger is not enabled because dependency intellij.javascript.debugger.backend is not available
Module intellij.java.promo is not enabled because dependency com.intellij.modules.idea.community is not available
Module intellij.java.copyright is not enabled because dependency com.intellij.copyright is not available
Module intellij.profiler.ultimate is not enabled because dependency com.intellij.modules.ultimate is not available
Module intellij.java.duplicates.analysis is not enabled because dependency com.intellij.modules.ultimate is not available
Module intellij.java.duplicates is not enabled because dependency com.intellij.modules.ultimate is not available
Module intellij.java.duplicatesDetection is not enabled because dependency intellij.java.duplicates is not available
Module intellij.java.terminal is not enabled because dependency org.jetbrains.plugins.terminal is not available
Module intellij.java.performancePlugin is not enabled because dependency intellij.performanceTesting.vcs is not available
Module intellij.java.featuresTrainer is not enabled because dependency training is not available
Module intellij.kotlin.featuresTrainer is not enabled because dependency intellij.java.featuresTrainer is not available
Module intellij.java.backend.split is not enabled because dependency intellij.platform.backend.split is not available
Module intellij.java.frontend.split is not enabled because dependency intellij.platform.frontend.split is not available
Module kotlin-ultimate.native-debugger is not enabled because dependency intellij.cidr.runner is not available
Module kotlin-ultimate.ultimate-native is not enabled because dependency kotlin-ultimate.native-debugger is not available
Module intellij.gradle.java.coverage is not enabled because dependency Coverage is not available
Module intellij.gradle.java.toml is not enabled because dependency intellij.toml.core is not available
Module intellij.gradle.dependencyUpdater is not enabled because dependency org.jetbrains.idea.gradle.dsl is not available
Module intellij.gradle.analysis is not enabled because dependency org.jetbrains.idea.gradle.dsl is not available
Module intellij.java.ide.customization.training is not enabled because dependency intellij.java.featuresTrainer is not available
Module intellij.qodana.rust is not enabled because dependency com.intellij.modules.rustrover is not available
Module intellij.qodana.jvm.swagger is not enabled because dependency com.intellij.swagger is not available
Module intellij.qodana.python.community is not enabled because dependency com.intellij.modules.python is not available
Module intellij.qodana.inspectionKts is not enabled because dependency com.intellij.modules.ultimate is not available
Module intellij.qodana.inspectionKts.mcp is not enabled because dependency intellij.qodana.inspectionKts is not available
Module intellij.qodana.inspectionKts.java is not enabled because dependency intellij.qodana.inspectionKts is not available
Module intellij.qodana.inspectionKts.kotlin is not enabled because dependency intellij.qodana.inspectionKts is not available
Module intellij.qodana.inspectionKts.js is not enabled because dependency intellij.qodana.inspectionKts is not available
Module intellij.qodana.cpp is not enabled because dependency intellij.cidr.projectModel is not available
Module intellij.qodana.jvm.coverage is not enabled because dependency Coverage is not available
Module intellij.qodana.python.coverage is not enabled because dependency intellij.python is not available
Module intellij.qodana.php is not enabled because dependency com.jetbrains.php is not available
Module intellij.qodana.js is not enabled because dependency JavaScript is not available
Module intellij.qodana.go is not enabled because dependency intellij.go.coverage is not available
Module intellij.qodana/yaml is not enabled because dependency intellij.yaml.backend is not available
Module intellij.gradle.java.groovy.ml is not enabled because dependency com.intellij.completion.ml.ranking is not available
Module intellij.gradle.java.groovy.toml is not enabled because dependency intellij.gradle.java.toml is not available
Module intellij.groovy.byteCodeViewer is not enabled because dependency ByteCodeViewer is not available
Module intellij.groovy.copyright is not enabled because dependency intellij.java.copyright is not available
Module intellij.groovy.ant is not enabled because dependency AntSupport is not available
Module intellij.groovy.duplicates is not enabled because dependency com.intellij.modules.ultimate is not available
Module intellij.gradle.toml is not enabled because dependency intellij.toml.core is not available
Module intellij.kotlin.gradle.codeInsight.toml is not enabled because dependency intellij.gradle.java.toml is not available
Module intellij.kotlin.gradle.codeInsight.toml.k2 is not enabled because dependency intellij.gradle.java.toml is not available
Module intellij.maven.profiler is not enabled because dependency intellij.profiler.ultimate is not available
Module intellij.gradle.java.performance is not enabled because dependency com.jetbrains.performancePlugin is not available
Module intellij.gradle.profiler is not enabled because dependency intellij.profiler.ultimate is not available
2026-05-27 01:58:20,224 [   1213]   INFO - #c.i.p.i.b.AppStarter - Loaded bundled plugins: IDEA CORE (261.24091), DevKit Runtime (261.24091.0), Gradle (261.24091.0), Java (261.24091.0), Properties (261.24091.0), Qodana (261.24091.0), XPathView + XSLT (261.24091.0), JSON (261.24091.0), Git (261.24091.0), Configuration Script (261.24091.0), EditorConfig (261.24091.0), Kotlin (261.24091.0-IJ), Lombok (261.24091.0), JUnit (261.24091.0), TestNG (261.24091.0), Gradle for Java (261.24091.0), Java IDE Customization (261.24091.0), Java Internationalization (261.24091.0), Eclipse Interoperability (261.24091.0), Groovy (261.24091.0), Artifacts Repository Search (261.24091.0), Maven (261.24091.0)
2026-05-27 01:58:20,224 [   1213]   INFO - #c.i.p.i.b.AppStarter - Loaded custom plugins: Plugin DevKit (261.24091.0), Swing UI Designer (261.24091.0)
2026-05-27 01:58:20,280 [   1269]   WARN - #c.i.p.instanceContainer - InstanceNotOverridableException: Override failed for com.intellij.openapi.project.impl.ProjectStoreFactory: com.intellij.configurationScript.providers.ConfigurationScriptProjectStoreFactory attempts to override com.intellij.configurationStore.PlatformLangProjectStoreFactory, but the existing implementation is not overriddable (not declared as 'open=true')
2026-05-27 01:58:20,476 [   1465]   INFO - #o.j.q.s.i.s.QodanaApplicationStarter - Command line arguments: [qodana, --config, qodana.yaml, --config-dir, /tmp/qd-effective-config-1099582011, /home/evgrart/opi3, dist/qodana/results]
2026-05-27 01:58:20,516 [   1505]   INFO - #c.i.u.i.PageCacheUtils - File page caching params:
	DEFAULT_PAGE_SIZE: 10485760
	Direct memory to use, max: 11563696128
	FilePageCache: regular
	Regular FilePageCache: 629145600 bytes
	DirectByteBuffers pool: 104857600 bytes
2026-05-27 01:58:20,544 [   1533]   INFO - #c.i.u.s.JBUIScale - System scale factor: 1.0 (IDE-managed HiDPI)
2026-05-27 01:58:20,550 [   1539]   INFO - #c.i.p.e.i.f.EelMultiRoutingFileSystemBackendInitializationService - Eel MultiRoutingFileSystem backend is initialized
2026-05-27 01:58:20,569 [   1558]   INFO - #c.i.o.v.n.i.VfsData - Use SoftReference in VFS cache: true
2026-05-27 01:58:20,632 [   1621]   INFO - #c.i.a.o.PathMacrosImpl - Loaded path macros: {MAVEN_REPOSITORY=/home/evgrart/.m2/repository}
2026-05-27 01:58:20,646 [   1635]   INFO - #c.i.o.v.n.p.PersistentFSLoader - VFS uses names enumerator over mmapped file
2026-05-27 01:58:20,651 [   1640]   INFO - #c.i.o.v.n.p.PersistentFSLoader - VFS uses streamlined attributes storage (over mmapped file)
2026-05-27 01:58:20,652 [   1641]   INFO - #c.i.o.v.n.p.PersistentFSLoader - VFS uses content storage over memory-mapped file, with compression algo: LZ4[ > 8000b ]
2026-05-27 01:58:20,657 [   1646]   INFO - #c.i.o.v.n.p.PersistentFSLoader - VFS uses OverMMappedFile(pageSize=67108864, acquireStorageOwnership=true) storage for main file records table
2026-05-27 01:58:20,810 [   1799]   INFO - c.i.p.i.IdeFingerprint - Calculated dependencies fingerprint in 388 ms (hash=2nks5k5arhy21, buildTime=1779836299, appVersion=QDJVM-261.24091)
2026-05-27 01:58:20,880 [   1869]   INFO - #c.i.o.v.n.p.PersistentFSLoader - VFS: impl (expected) version=65, 0 file records, 0 content blobs
2026-05-27 01:58:20,893 [   1882]   INFO - #c.i.o.v.n.p.FSRecordsImpl - VFS initialized: 250 ms, 0 failed attempts, 0 error(s) were recovered
2026-05-27 01:58:20,895 [   1884]   INFO - #c.i.o.v.n.p.FSRecordsImpl - VFS scanned: file-by-name index was populated
2026-05-27 01:58:20,917 [   1906]   INFO - #c.i.o.u.LowMemoryWatcherManager - Use ExponentiallySmoothingTracker(90000 ms)
2026-05-27 01:58:20,934 [   1923]   INFO - #c.i.o.u.LowMemoryWatcherManager - Subscribing to MemoryPool[G1 Old Gen]{max: 11584667648, threshold: 11005433856 (0.95 * max)}
2026-05-27 01:58:20,935 [   1924]   INFO - #c.i.o.u.LowMemoryWatcherManager - Schedule GC-time updating: each 15000ms
2026-05-27 01:58:20,941 [   1930]   INFO - #c.i.o.v.n.p.PersistentFSImpl - VFS.MAX_FILE_LENGTH_TO_CACHE: 1048576
2026-05-27 01:58:21,638 [   2627]   INFO - #c.i.p.k.b.BackendKernelServiceKt - Backend started Kernel
2026-05-27 01:58:21,655 [   2644]   INFO - #c.i.l.LocalizationStateServiceImpl - [i18n] Localization property from registry is null
2026-05-27 01:58:21,701 [   2690]   INFO - #c.i.i.p.ExpiredPluginsState - Plugins to skip: []
2026-05-27 01:58:21,737 [   2726]   INFO - #c.i.i.s.StatisticsRegionSettingsServiceImpl - Statistics. Region code is not_set
2026-05-27 01:58:21,843 [   2832]   INFO - #c.i.o.v.n.p.FSRecords - VFS health-check enabled: first after 600000 ms, and each following 43200000 ms, wrap in RA: true
2026-05-27 01:58:21,888 [   2877]   INFO - #c.i.p.trialPromotion - IDE is not managed
2026-05-27 01:58:21,903 [   2892]   INFO - #c.i.s.c.m.SettingsRepositoryToSettingsSyncMigration - No data from settingsRepository in 'settingsRepository' folder => no migration needed
2026-05-27 01:58:21,911 [   2900]   INFO - #c.i.p.trialPromotion - [auto-trial check] Not eligible for auto-trial: the user is not new or imported config is not old enough
2026-05-27 01:58:21,926 [   2915]   INFO - #c.i.i.s.e.StatisticsEventLoggerProvider - Initialize event logger provider for 'FUS'
2026-05-27 01:58:21,936 [   2925]   INFO - #c.i.i.s.e.StatisticsEventLoggerProvider - Initialize event logger provider for 'MP'
2026-05-27 01:58:21,937 [   2926]   INFO - #fleet.kernel.Transactor - Very long change!!! Duration: 238.276601ms, change from: fleet.tracing.runtime.Span$Noop@61573f1b
2026-05-27 01:58:21,938 [   2927]   INFO - #c.i.i.s.e.StatisticsEventLoggerProvider - Initialize event logger provider for 'TRACE'
2026-05-27 01:58:21,942 [   2931]   INFO - #c.i.i.s.e.StatisticsEventLoggerProvider - Initialize event logger provider for 'ML'
2026-05-27 01:58:22,033 [   3022]   INFO - #c.i.p.trialPromotion - Checking available licenses for product [QDL]
2026-05-27 01:58:22,061 [   3050]   INFO - #c.i.p.trialPromotion - Get licenses: request requires authentication
2026-05-27 01:58:22,061 [   3050]   INFO - #c.i.p.trialPromotion - Checking trial availability for product [QDL]
2026-05-27 01:58:22,184 [   3173]   INFO - #o.j.i.BuiltInServerManager - built-in server started, port 63342
2026-05-27 01:58:22,267 [   3256]   INFO - #c.i.u.i.c.d.IndexWriter - Use com.intellij.util.indexing.contentQueue.dev.MultiThreadedWithSuspendIndexWriter@4e6ccb24 as (parallel) index writer implementation
2026-05-27 01:58:22,276 [   3265]   INFO - #c.i.u.i.i.SlruIndexStorageCacheProvider - SLRU cache will be used for indexes
2026-05-27 01:58:22,276 [   3265]   INFO - #c.i.u.i.i.MapIndexStorageCacheProvider$Companion - Default index storage cache provider [com.intellij.util.indexing.impl.SlruIndexStorageCacheProvider@7a3b7321] is used
2026-05-27 01:58:22,281 [   3270]   INFO - #c.i.u.i.FileBasedIndexImpl - Loading indexes
2026-05-27 01:58:22,284 [   3273]   INFO - #c.i.o.v.i.l.NativeFileWatcherImpl - Native file watcher is disabled
2026-05-27 01:58:22,287 [   3276]   INFO - #c.i.u.n.s.CertificateManager - Default SSL context initialized
2026-05-27 01:58:22,340 [   3329]   INFO - #c.i.f.n.TrigramIndexFilter - Filter exclude extensions is enabled: CustomizableExcludeExtensions([com.intellij.java.JavaLibrarySourcesExcludingIndexFilterExtension@78568bef])
2026-05-27 01:58:23,029 [   4018]   INFO - #c.i.u.i.FileBasedIndexImpl - Indices to be built:org.jetbrains.kotlin.idea.vfilefinder.KotlinMetadataFilePackageIndex(v = 2),org.jetbrains.kotlin.idea.versions.KotlinJvmMetadataVersionIndex(v = 5),json.file.root.values(v = 5),DomFileIndex(v = 0),fileIncludes(v = 6),IdIndex(v = 22),java.fun.expression(v = 6),java.null.method.argument(v = 1),KotlinBinaryRootToPackageIndex(v = 7),HashFragmentIndex(v = 19111503),java.binary.plus.expression(v = 4),LombokConfigIndex(v = 15),IdeaPluginRegistrationIndex(v = 20),RelaxSymbolIndex(v = 0),FrameworkDetectionIndex(v = 65536),xmlProperties(v = 2),XsltSymbolIndex(v = 0),PluginIdModuleIndex(v = 13),org.jetbrains.kotlin.idea.vfilefinder.KotlinMetadataFileIndex(v = 2),devkit.ExtensionPointClassIndex(v = 12),KotlinTopLevelClassLikeDeclarationByPackageShortNameIndex(v = 3),org.jetbrains.kotlin.idea.versions.KotlinJsMetadataVersionIndex(v = 3),bytecodeAnalysis(v = 11),KotlinPackageSourcesMemberNamesIndex(v = 2),filetypes(v = 4096),XmlTagNames(v = 1),devkit.ExtensionPointIndex(v = 12),org.jetbrains.kotlin.idea.vfilefinder.KotlinStdlibIndex(v = 2),XmlNamespaces(v = 8),java.auto.module.name(v = 6),org.jetbrains.kotlin.idea.vfilefinder.KotlinPartialPackageNamesIndex(v = 5),org.jetbrains.kotlin.idea.vfilefinder.KotlinBuiltInsMetadataIndex(v = 4),html5.custom.attributes.index(v = 1),org.jetbrains.kotlin.idea.vfilefinder.KotlinJvmModuleAnnotationsIndex(v = 1),org.jetbrains.kotlin.idea.vfilefinder.KotlinModuleMappingIndex(v = 5),java.source.module.name(v = 4),org.jetbrains.kotlin.idea.vfilefinder.KotlinJavaScriptMetaFileIndex(v = 4),TodoIndex(v = 13),SchemaTypeInheritance(v = 2),PluginIdDependenciesIndex(v = 17),com.intellij.uiDesigner.FormClassIndex(v = 0),Stubs(v = 46),FilenameIndex(v = 258),org.jetbrains.kotlin.idea.vfilefinder.KlibMetaFileIndex(v = 4),KotlinTopLevelCallableByPackageShortNameIndex(v = 3),editorconfig.index.name(v = 5),Trigram.Index(v = 4),org.jetbrains.kotlin.idea.vfilefinder.KotlinClassFileIndex(v = 3)
2026-05-27 01:58:23,032 [   4021]   INFO - #c.i.u.i.FileBasedIndexImpl - Using simple flusher for indexes
2026-05-27 01:58:23,043 [   4032]   INFO - #c.i.u.i.IndexDataInitializer - Index data initialization done: 753 ms. Initialized indexes: [FilenameIndex, filetypes, Trigram.Index, XsltSymbolIndex, XmlTagNames, FrameworkDetectionIndex, fileIncludes, HashFragmentIndex, XmlNamespaces, TodoIndex, IdIndex, SchemaTypeInheritance, html5.custom.attributes.index, editorconfig.index.name, xmlProperties, RelaxSymbolIndex, json.file.root.values, java.auto.module.name, DomFileIndex, java.binary.plus.expression, java.fun.expression, java.source.module.name, PluginIdModuleIndex, PluginIdDependenciesIndex, bytecodeAnalysis, java.null.method.argument, IdeaPluginRegistrationIndex, devkit.ExtensionPointIndex, devkit.ExtensionPointClassIndex, Stubs, org.jetbrains.kotlin.idea.vfilefinder.KotlinJavaScriptMetaFileIndex, org.jetbrains.kotlin.idea.vfilefinder.KotlinClassFileIndex, org.jetbrains.kotlin.idea.versions.KotlinJvmMetadataVersionIndex, org.jetbrains.kotlin.idea.versions.KotlinJsMetadataVersionIndex, org.jetbrains.kotlin.idea.vfilefinder.KotlinPartialPackageNamesIndex, org.jetbrains.kotlin.idea.vfilefinder.KotlinMetadataFileIndex, org.jetbrains.kotlin.idea.vfilefinder.KotlinModuleMappingIndex, org.jetbrains.kotlin.idea.vfilefinder.KotlinMetadataFilePackageIndex, org.jetbrains.kotlin.idea.vfilefinder.KotlinJvmModuleAnnotationsIndex, org.jetbrains.kotlin.idea.vfilefinder.KotlinBuiltInsMetadataIndex, KotlinPackageSourcesMemberNamesIndex, KotlinTopLevelClassLikeDeclarationByPackageShortNameIndex, org.jetbrains.kotlin.idea.vfilefinder.KlibMetaFileIndex, KotlinTopLevelCallableByPackageShortNameIndex, KotlinBinaryRootToPackageIndex, LombokConfigIndex, com.intellij.uiDesigner.FormClassIndex, org.jetbrains.kotlin.idea.vfilefinder.KotlinStdlibIndex].
2026-05-27 01:58:23,517 [   4506]   INFO - #c.i.p.s.StubIndexImpl - Following stub indices will be built:properties.index(v = 2),org.jetbrains.kotlin.idea.stubindex.KotlinTopLevelPropertyFqnNameIndex(v = 3),java.anonymous.baseref(v = 2),dom.namespaceKey(v = 1),java.annotations(v = 2),gr.annot.method.name(v = 5),java.method.name(v = 2),jvm.static.member.type(v = 2),jvm.static.member.name(v = 2),org.jetbrains.kotlin.idea.stubindex.KotlinClassShortNameIndex(v = 3),org.jetbrains.kotlin.idea.stubindex.KotlinInnerTypeAliasClassIdIndex(v = 2),gr.method.name(v = 5),org.jetbrains.kotlin.idea.stubindex.KotlinPropertyShortNameIndex(v = 2),org.jetbrains.kotlin.idea.stubindex.KotlinScriptFqnIndex(v = 2),org.jetbrains.kotlin.idea.stubindex.KotlinSuperClassIndex(v = 2),KotlinTypeAliasByExpansionShortNameIndex(v = 2),KotlinOverridableInternalMembersShortNameIndex(v = 2),org.jetbrains.kotlin.idea.stubindex.KotlinFunctionShortNameIndex(v = 3),java.unnamed.class(v = 2),gr.field.name(v = 5),KotlinTopLevelExpectFunctionFqNameIndex(v = 2),kotlin.primeIndexKey(v = 2),KotlinTopLevelTypeAliasByPackageIndex(v = 2),org.jetbrains.kotlin.idea.stubindex.KotlinFilePartClassIndex(v = 2),KotlinProbablyNothingFunctionShortNameIndex(v = 2),org.jetbrains.kotlin.idea.stubindex.KotlinAnnotationsIndex(v = 3),org.jetbrains.kotlin.idea.stubindex.KotlinFullClassNameIndex(v = 3),java.class.shortname(v = 4),KotlinTopLevelExpectPropertyFqNameIndex(v = 2),org.jetbrains.kotlin.idea.stubindex.KotlinFileFacadeFqNameIndex(v = 2),KotlinTopLevelFunctionByPackageIndex(v = 2),dom.elementClass(v = 0),org.jetbrains.kotlin.idea.stubindex.KotlinExactPackagesIndex(v = 2),java.class.extlist(v = 3),KotlinTopLevelPropertyByPackageIndex(v = 2),org.jetbrains.kotlin.idea.stubindex.KotlinTopLevelFunctionFqnNameIndex(v = 3),org.jetbrains.kotlin.idea.stubindex.KotlinTypeAliasShortNameIndex(v = 2),KotlinTopLevelExtensionsByReceiverTypeIndex(v = 4),gr.script.class(v = 5),org.jetbrains.kotlin.idea.stubindex.KotlinSubclassObjectNameIndex(v = 3),org.jetbrains.kotlin.idea.stubindex.KotlinTopLevelTypeAliasFqNameIndex(v = 2),org.jetbrains.kotlin.idea.stubindex.KotlinMultifileClassPartIndex(v = 2),gr.annot.members(v = 5),gr.class.super(v = 5),KotlinExtensionsInObjectsByReceiverTypeIndex(v = 2),java.module.name(v = 4),java.method.parameter.types(v = 3),java.record.component.name(v = 2),org.jetbrains.kotlin.idea.stubindex.KotlinFileFacadeShortNameIndex(v = 3),gr.script.fqn.s(v = 5),gr.anonymous.class(v = 6),KotlinProbablyContractedFunctionShortNameIndex(v = 2),gr.class.fqn.s(v = 5),KotlinFileFacadeClassByPackageIndex(v = 2),org.jetbrains.kotlin.idea.stubindex.KotlinTopLevelClassByPackageIndex(v = 2),java.field.name(v = 2),KotlinProbablyNothingPropertyShortNameIndex(v = 2),org.jetbrains.kotlin.idea.stubindex.KotlinJvmNameAnnotationIndex(v = 2),KotlinProbablyInjectedFunctionShortNameIndex(v = 2),java.class.fqn(v = 1)
2026-05-27 01:58:23,519 [   4508]   INFO - #c.i.u.i.IndexDataInitializer - Index data initialization done: 475 ms. Initialized stub indexes: {org.jetbrains.kotlin.idea.stubindex.KotlinScriptFqnIndex, KotlinFileFacadeClassByPackageIndex, KotlinTopLevelExpectFunctionFqNameIndex, KotlinProbablyNothingPropertyShortNameIndex, KotlinProbablyInjectedFunctionShortNameIndex, jvm.static.member.name, gr.script.class, org.jetbrains.kotlin.idea.stubindex.KotlinFilePartClassIndex, KotlinTopLevelPropertyByPackageIndex, KotlinOverridableInternalMembersShortNameIndex, gr.anonymous.class, org.jetbrains.kotlin.idea.stubindex.KotlinFullClassNameIndex, org.jetbrains.kotlin.idea.stubindex.KotlinAnnotationsIndex, org.jetbrains.kotlin.idea.stubindex.KotlinFileFacadeFqNameIndex, org.jetbrains.kotlin.idea.stubindex.KotlinTopLevelPropertyFqnNameIndex, properties.index, gr.method.name, org.jetbrains.kotlin.idea.stubindex.KotlinTypeAliasShortNameIndex, java.class.fqn, java.annotations, org.jetbrains.kotlin.idea.stubindex.KotlinFunctionShortNameIndex, org.jetbrains.kotlin.idea.stubindex.KotlinJvmNameAnnotationIndex, org.jetbrains.kotlin.idea.stubindex.KotlinTopLevelClassByPackageIndex, java.class.extlist, java.module.name, KotlinTopLevelFunctionByPackageIndex, java.class.shortname, KotlinTypeAliasByExpansionShortNameIndex, gr.class.super, jvm.static.member.type, org.jetbrains.kotlin.idea.stubindex.KotlinPropertyShortNameIndex, gr.annot.method.name, org.jetbrains.kotlin.idea.stubindex.KotlinTopLevelTypeAliasFqNameIndex, KotlinTopLevelTypeAliasByPackageIndex, KotlinTopLevelExpectPropertyFqNameIndex, org.jetbrains.kotlin.idea.stubindex.KotlinExactPackagesIndex, java.unnamed.class, org.jetbrains.kotlin.idea.stubindex.KotlinMultifileClassPartIndex, org.jetbrains.kotlin.idea.stubindex.KotlinFileFacadeShortNameIndex, java.anonymous.baseref, gr.annot.members, dom.namespaceKey, gr.field.name, java.record.component.name, KotlinTopLevelExtensionsByReceiverTypeIndex, org.jetbrains.kotlin.idea.stubindex.KotlinTopLevelFunctionFqnNameIndex, KotlinProbablyNothingFunctionShortNameIndex, gr.script.fqn.s, KotlinProbablyContractedFunctionShortNameIndex, kotlin.primeIndexKey, KotlinExtensionsInObjectsByReceiverTypeIndex, org.jetbrains.kotlin.idea.stubindex.KotlinSubclassObjectNameIndex, java.method.parameter.types, java.method.name, org.jetbrains.kotlin.idea.stubindex.KotlinSuperClassIndex, org.jetbrains.kotlin.idea.stubindex.KotlinClassShortNameIndex, gr.class.fqn.s, org.jetbrains.kotlin.idea.stubindex.KotlinInnerTypeAliasClassIdIndex, java.field.name, dom.elementClass}.
2026-05-27 01:58:23,801 [   4790]   INFO - o.j.q.s.i.r.cloud - QODANA_TOKEN environment variable is not defined
2026-05-27 01:58:23,808 [   4797]   INFO - STDOUT - By using this linter, you agree to
2026-05-27 01:58:23,809 [   4798]   INFO - STDOUT - - JetBrains Privacy Policy (https://jb.gg/jetbrains-privacy-policy)
2026-05-27 01:58:23,809 [   4798]   INFO - STDOUT - - Qodana Community Linters Agreement (https://jb.gg/qodana-community-linters)
2026-05-27 01:58:23,809 [   4798]   INFO - STDOUT - Qodana license plan: Community
2026-05-27 01:58:23,828 [   4817]   WARN - org.jline - Unable to create a system terminal, creating a dumb terminal (enable debug logging for more information)
2026-05-27 01:58:23,875 [   4864]   WARN - org.jline - Unable to create a system terminal, creating a dumb terminal (enable debug logging for more information)
2026-05-27 01:58:23,887 [   4876]   INFO - STDOUT -                                         
2026-05-27 01:58:23,887 [   4876]   INFO - STDOUT -           _              _       
2026-05-27 01:58:23,888 [   4877]   INFO - STDOUT -          /\ \           /\ \        Qodana for JVM 2026.1.2 Preview
2026-05-27 01:58:23,888 [   4877]   INFO - STDOUT -         /  \ \         /  \ \       Documentation
2026-05-27 01:58:23,888 [   4877]   INFO - STDOUT -        / /\ \ \       / /\ \ \      https://jb.gg/qodana-docs
2026-05-27 01:58:23,888 [   4877]   INFO - STDOUT -       / / /\ \ \     / / /\ \ \     Contact us at
2026-05-27 01:58:23,888 [   4877]   INFO - STDOUT -      / / /  \ \_\   / / /  \ \_\    qodana-support@jetbrains.com
2026-05-27 01:58:23,888 [   4877]   INFO - STDOUT -     / / / _ / / /  / / /   / / /    Or via our issue tracker
2026-05-27 01:58:23,888 [   4877]   INFO - STDOUT -    / / / /\ \/ /  / / /   / / /     https://jb.gg/qodana-issue
2026-05-27 01:58:23,888 [   4877]   INFO - STDOUT -   / / /__\ \ \/  / / /___/ / /      Or share your feedback at our forum
2026-05-27 01:58:23,889 [   4878]   INFO - STDOUT -  / / /____\ \ \ / / /____\/ /       https://jb.gg/qodana-forum
2026-05-27 01:58:23,889 [   4878]   INFO - STDOUT -  \/________\_\/ \/_________/     
2026-05-27 01:58:23,889 [   4878]   INFO - STDOUT -                                                    
2026-05-27 01:58:23,889 [   4878]   INFO - STDOUT -                                         
2026-05-27 01:58:23,889 [   4878]   INFO - STDOUT - Starting up Qodana for JVM 2026.1.2 Preview (build QDJVM-261.24091)…done.
2026-05-27 01:58:24,156 [   5145]   WARN - #c.i.p.trialPromotion - Trial dry-run: request failed: There is no release for version 2026.1
2026-05-27 01:58:39,597 [  20586]   INFO - #o.j.q.j.j.QodanaConfigJdkService - Setting up JDK '17' from Qodana config
2026-05-27 01:58:39,669 [  20658]   INFO - #c.i.o.p.i.j.JdkAuto - Looking for a local SDK for JDK with name 17
2026-05-27 01:58:39,781 [  20770]   INFO - #c.i.o.p.i.j.JdkAuto - The following local JDKs were found: [/home/evgrart/.jdks/openjdk-23.0.2, 23.0.2, 23], [/usr/lib/jvm/default-java, 21.0.10, 21], [/usr/lib/jvm/java-1.21.0-openjdk-amd64, 21.0.10, 21], [/usr/lib/jvm/java-21-openjdk-amd64, 21.0.10, 21], [/home/evgrart/.jdks/corretto-21.0.6, 21.0.6, 21], [/home/evgrart/.jdks/ms-17.0.15, 17.0.15, 17], [/home/evgrart/.jdks/corretto-17.0.14, 17.0.14, 17]
2026-05-27 01:58:39,994 [  20983]   INFO - #c.i.w.i.i.j.s.JpsGlobalModelSynchronizerImpl - Loading global entities com.intellij.platform.workspace.jps.entities.SdkEntity from files
2026-05-27 01:58:39,997 [  20986]   INFO - #c.i.w.i.i.j.s.JpsGlobalModelSynchronizerImpl - Loading global entities com.intellij.platform.workspace.jps.entities.LibraryEntity from files
2026-05-27 01:58:40,076 [  21065]   INFO - #c.i.u.s.JBUIScale - Computed user scale factor: 1.0 (IDE-managed HiDPI)
2026-05-27 01:58:41,083 [  22072]   INFO - #c.i.w.i.i.GlobalWorkspaceModel - Global model updated to version 2 in 33 ms: Adding SDK: 17 JavaSDK
2026-05-27 01:58:41,084 [  22073]   INFO - #c.i.o.p.i.UnknownMissingSdkFixLocal - Automatically set Sdk SdkLookup{JDK, name=17, withSdkHomeFilter} to /home/evgrart/.jdks/ms-17.0.15
2026-05-27 01:58:41,085 [  22074]   INFO - #o.j.q.j.j.QodanaConfigJdkService - Setting up JDK '17' from Qodana config completed
2026-05-27 01:58:41,092 [  22081]   INFO - #o.j.q.s.i.r.ConsoleLog - Preparing for the Project opening stage ...
2026-05-27 01:58:41,092 [  22081]   INFO - STDOUT - Opening project…Preparing for the Project opening stage ...
2026-05-27 01:58:41,164 [  22153]   INFO - #c.i.p.p.ProjectEntitiesStorage - Creating entity for project ProjectId#iv5a08hlhf6t0au7sb4v
2026-05-27 01:58:41,171 [  22160]   INFO - #c.i.p.p.ProjectEntitiesStorage - Entity for project ProjectId#iv5a08hlhf6t0au7sb4v created successfully
2026-05-27 01:58:41,215 [  22204]   INFO - #c.i.c.ComponentStoreImpl - Project store initialization started for path: /home/evgrart/opi3 and template: null
2026-05-27 01:58:41,229 [  22218]   INFO - #c.i.c.ComponentStoreImpl - Project store initialized with paths: [Macro(key=$PROJECT_CONFIG_DIR$, value=/home/evgrart/opi3/.idea), Macro(key=$WORKSPACE_FILE$, value=/home/evgrart/opi3/.idea/workspace.xml), Macro(key=$PROJECT_FILE$, value=/home/evgrart/opi3/.idea/misc.xml), Macro(key=$CACHE_FILE$, value=/home/evgrart/.cache/JetBrains/Qodana/ac8555c8-b0bfb7b1/cache/idea/261/projects/opi3.81207af4/cache-state.xml), Macro(key=$PRODUCT_WORKSPACE_FILE$, value=/home/evgrart/.cache/JetBrains/Qodana/ac8555c8-b0bfb7b1/config/workspace/3EHXA4451pJsqYen3Po3FpoM8bh.xml)]
2026-05-27 01:58:41,272 [  22261]   INFO - #c.i.w.i.i.GlobalWorkspaceModel - Project opi3 is added to the list of initializing and open projects
2026-05-27 01:58:41,274 [  22263]   INFO - #c.i.w.i.i.l.m.ModuleBridgeLoaderService - Workspace model loaded without cache. Loading real project state into workspace model. Thread[#41,DefaultDispatcher-worker-9,5,main]
2026-05-27 01:58:41,395 [  22384]   INFO - #c.i.w.i.i.GlobalWorkspaceModel - Sync global entities with mutable entity storage
2026-05-27 01:58:41,449 [  22438]   INFO - #c.i.w.i.i.l.l.ProjectLibraryTableBridgeImpl - Initial load of project-level (project=opi3) libraries. There are 0 libraries to load.
2026-05-27 01:58:41,453 [  22442]   INFO - #c.i.w.i.i.j.s.JpsProjectModelSynchronizer - Attempt 1: Apply JPS storage (iml files)
2026-05-27 01:58:41,541 [  22530]   INFO - #c.i.c.m.CodeInsightContextEnabling - multiverse is enabled
2026-05-27 01:58:41,587 [  22576]   INFO - #c.i.w.i.i.GlobalWorkspaceModel - During global workspace model update the changes were also applied to project: opi3
2026-05-27 01:58:41,587 [  22576]   INFO - #c.i.w.i.i.GlobalWorkspaceModel - Global model updated to version 3 in 6 ms: Sync entities from project opi3 with global storage
2026-05-27 01:58:41,593 [  22582]   INFO - #c.i.w.i.i.EntitiesOrphanageImpl - Update orphanage. 0 modules added
2026-05-27 01:58:41,633 [  22622]   INFO - #c.i.w.i.i.WorkspaceModelImpl - Project model for project opi3 updated to version 1
2026-05-27 01:58:41,634 [  22623]   INFO - #c.i.w.i.i.j.s.JpsProjectModelSynchronizer - Attempt 1: Changes were successfully applied
2026-05-27 01:58:41,801 [  22790]   INFO - #c.i.o.p.i.ProjectManagerImpl - Project opi3 was added to the list of open projects
2026-05-27 01:58:41,847 [  22836]   INFO - #c.i.p.c.ProjectCodeStyleSettingsManager - Initialized from default code style settings.
2026-05-27 01:58:41,911 [  22900]   INFO - #c.i.o.p.MergingQueueGuiExecutor - Running task: (dumb mode task) com.intellij.openapi.project.InitialDumbTaskRequiredForSmartMode@3bc88dc9
2026-05-27 01:58:41,913 [  22902]   INFO - #c.i.o.p.DumbServiceMergingTaskQueue - Initializing DumbServiceMergingTaskQueue...
2026-05-27 01:58:41,922 [  22911]   INFO - STDOUT - 'dumb-mode' is in progress...
2026-05-27 01:58:41,926 [  22915]   INFO - #c.i.o.p.InitialDumbTaskRequiredForSmartMode - Running task required for smart mode: com.intellij.util.indexing.ProjectFileBasedIndexStartupActivity@55f34d8a
2026-05-27 01:58:41,941 [  22930]   INFO - #c.i.u.i.FileBasedIndexImpl - Indexes are already loaded
2026-05-27 01:58:41,953 [  22942]   INFO - #c.i.u.i.p.IncrementalProjectIndexableFilesFilterHolder - PersistentProjectIndexableFilesFilterFactory is chosen as indexable files filter factory for project: opi3
2026-05-27 01:58:41,984 [  22973]   INFO - #c.i.u.i.FileBasedIndexImpl - Indexes are already loaded
2026-05-27 01:58:42,021 [  23010]   INFO - #c.i.u.i.d.AppIndexingDependenciesService - Invalidating all indexing flags. Reason: App fingerprint changed: FingerprintImpl(fingerprint=0) to FingerprintImpl(fingerprint=-5866699676738618967)
2026-05-27 01:58:42,067 [  23056]   INFO - #c.i.u.i.UnindexedFilesScanner - Full scanning on startup will NOT be skipped for project [opi3] because of following unsatisfied conditions:
FILTER_IS_NOT_UP_TO_DATE: Persistent indexable files filter is NOT up-to-date because of following unsatisfied conditions: [IS_FILTER_LOADED_FROM_DISK, INDEXING_REQUEST_ID_DID_NOT_CHANGE_AFTER_LAST_SCANNING]
2026-05-27 01:58:42,088 [  23077]   INFO - #c.i.o.e.s.p.m.ExternalProjectsDataStorage - Load external projects data in 17 millis (read time: 2)
2026-05-27 01:58:42,158 [  23147]   INFO - #c.i.d.PerformanceWatcherImpl - Post-startup activities under progress took 234ms; general responsiveness: ok; EDT responsiveness: ok
2026-05-27 01:58:42,241 [  23230]   INFO - #o.j.k.i.PluginStartupActivity - Kotlin plugin mode: K2
2026-05-27 01:58:42,263 [  23252]   INFO - #o.j.q.s.i.r.ConsoleLog - Setting project JDK 17
2026-05-27 01:58:42,263 [  23252]   INFO - STDOUT - Setting project JDK 17
2026-05-27 01:58:42,274 [  23263]   INFO - #c.i.w.i.i.EntitiesOrphanageImpl - Update orphanage. 0 modules added
2026-05-27 01:58:42,282 [  23271]   INFO - #c.i.i.s.IdeStartupScripts - 0 startup script(s) found
2026-05-27 01:58:42,284 [  23273]   INFO - #c.i.o.p.UnindexedFilesScannerExecutor - [81207af4] Running task: com.intellij.util.indexing.UnindexedFilesScannerExecutorImpl$ScheduledScanningTask@6cac2e12
2026-05-27 01:58:42,287 [  23276]   INFO - #c.i.w.i.i.WorkspaceModelImpl - Project model for project opi3 updated to version 2 in 203 ms: ConstantEntitiesCheckActivity
2026-05-27 01:58:42,297 [  23286]   INFO - #c.i.o.p.InitialDumbTaskRequiredForSmartMode - Finished task required for smart mode: com.intellij.util.indexing.ProjectFileBasedIndexStartupActivity@55f34d8a
2026-05-27 01:58:42,301 [  23290]   INFO - #c.i.o.p.InitialDumbTaskRequiredForSmartMode - Running task required for smart mode: com.intellij.util.indexing.FileBasedIndexInfrastructureExtensionStartup@4164c489
2026-05-27 01:58:42,301 [  23290]   INFO - #c.i.o.p.InitialDumbTaskRequiredForSmartMode - Finished task required for smart mode: com.intellij.util.indexing.FileBasedIndexInfrastructureExtensionStartup@4164c489
2026-05-27 01:58:42,302 [  23291]   INFO - #c.i.o.p.InitialDumbTaskRequiredForSmartMode - Running task required for smart mode: com.intellij.util.indexing.DumbModeWhileScanningSubscriber@65ae0146
2026-05-27 01:58:42,302 [  23291]   INFO - #c.i.o.p.InitialDumbTaskRequiredForSmartMode - Finished task required for smart mode: com.intellij.util.indexing.DumbModeWhileScanningSubscriber@65ae0146
2026-05-27 01:58:42,302 [  23291]   INFO - #c.i.o.p.InitialDumbTaskRequiredForSmartMode - Running task required for smart mode: com.intellij.ide.projectWizard.generators.SdkPreIndexingRequiredForSmartModeActivity@65a77eb6
2026-05-27 01:58:42,311 [  23300]   INFO - #c.i.o.p.InitialDumbTaskRequiredForSmartMode - Finished task required for smart mode: com.intellij.ide.projectWizard.generators.SdkPreIndexingRequiredForSmartModeActivity@65a77eb6
2026-05-27 01:58:42,312 [  23301]   INFO - #c.i.o.p.MergingQueueGuiExecutor - Task finished: (dumb mode task) com.intellij.openapi.project.InitialDumbTaskRequiredForSmartMode@3bc88dc9
2026-05-27 01:58:42,330 [  23319]   INFO - #c.i.u.i.UnindexedFilesScanner - [81207af4] scanning stage (scanning id=0): DelayedPushProperties
2026-05-27 01:58:42,349 [  23338]   INFO - #c.i.u.i.FileBasedIndexImpl - Indexes are already loaded
2026-05-27 01:58:42,355 [  23344]   INFO - #c.i.u.i.UnindexedFilesScanner - [81207af4] Started scanning for indexing of [opi3]. Reason: On project open
2026-05-27 01:58:42,358 [  23347]   INFO - #c.i.u.i.UnindexedFilesScanner - [81207af4] scanning stage (scanning id=0): CreatingIterators
2026-05-27 01:58:42,362 [  23351]   INFO - #c.i.p.d.i.f.FrontendXBreakpointManager - Breakpoint created for XBreakpointId(uid=1)
2026-05-27 01:58:42,374 [  23363]   INFO - #c.i.o.a.i.NonBlockingReadActionImpl - OTel monitoring for NonBlockingReadAction is enabled
2026-05-27 01:58:42,395 [  23384]   INFO - #c.i.w.i.i.EntitiesOrphanageImpl - Update orphanage. 0 modules added
2026-05-27 01:58:42,397 [  23386]   INFO - #c.i.w.i.i.WorkspaceModelImpl - Project model for project opi3 updated to version 3 in 36 ms: setOrClearProjectSdkName: SdkId(name=17, type=JavaSDK)
2026-05-27 01:58:42,437 [  23426]   INFO - #c.i.o.p.i.ProgressManagerImpl - checkCancelled is invoked while write-action is pending. nonCancellable: false, hasProgressIndicator: true, hasContextJob: true, hasNoneBehavior: false, hasOnlyHooksBehavior: false, cancelled: true
2026-05-27 01:58:42,591 [  23580]   INFO - STDOUT - [IDE]: Task 'Analyzing project to enable smart features' ended
2026-05-27 01:58:42,598 [  23587]   INFO - #c.i.o.p.DumbServiceImpl - exit dumb mode [opi3]
2026-05-27 01:58:42,708 [  23697]   INFO - STDOUT - [IDE]: Task 'Resolving SDKs…' started
2026-05-27 01:58:42,710 [  23699]   INFO - STDOUT - [IDE]: Validating existing SDKs
2026-05-27 01:58:42,835 [  23824]   INFO - #c.i.u.i.UnindexedFilesScanner - [81207af4] scanning stage (scanning id=0): CollectingIndexableFiles
2026-05-27 01:58:42,841 [  23830]   INFO - #c.i.u.i.UnindexedFilesScanner - Scanning of [opi3] uses 8 scanning threads
2026-05-27 01:58:42,978 [  23967]   INFO - #c.i.p.i.c.i.i.JavaIdIndexer - skipSourceFilesInLibraries: false (registry: 'ide.index.id.skip.java.sources.in.libs')
2026-05-27 01:58:42,995 [  23984]   INFO - #c.i.u.i.IndexingReasonExplanationLogger - Scheduling indexing of PCSC.class (id=3678) by request of indexes: [bytecodeAnalysis->NOT_INDEXED(not indexed),org.jetbrains.kotlin.idea.vfilefinder.KotlinClassFileIndex->NOT_INDEXED(not indexed),org.jetbrains.kotlin.idea.versions.KotlinJvmMetadataVersionIndex->NOT_INDEXED(not indexed),org.jetbrains.kotlin.idea.vfilefinder.KotlinPartialPackageNamesIndex->NOT_INDEXED(not indexed),KotlinTopLevelClassLikeDeclarationByPackageShortNameIndex->NOT_INDEXED(not indexed),KotlinTopLevelCallableByPackageShortNameIndex->NOT_INDEXED(not indexed),KotlinBinaryRootToPackageIndex->NOT_INDEXED(not indexed),filetypes->NOT_INDEXED(not indexed),Stubs->NOT_INDEXED(not indexed),]. Scanner has updated file PCSC.class (id=3678) with appliers: [SingleIndexValueApplier{indexId=filetypes, inputId=3678, fileInfo='PCSC.class(id=3678)'}] and removers: []; 
2026-05-27 01:58:42,995 [  23984]   INFO - #c.i.u.i.IndexingReasonExplanationLogger - Scheduling indexing of internal.kotlin_builtins (id=3226) by request of indexes: [org.jetbrains.kotlin.idea.vfilefinder.KotlinPartialPackageNamesIndex->NOT_INDEXED(not indexed),org.jetbrains.kotlin.idea.vfilefinder.KotlinMetadataFileIndex->NOT_INDEXED(not indexed),org.jetbrains.kotlin.idea.vfilefinder.KotlinMetadataFilePackageIndex->NOT_INDEXED(not indexed),org.jetbrains.kotlin.idea.vfilefinder.KotlinBuiltInsMetadataIndex->NOT_INDEXED(not indexed),KotlinTopLevelClassLikeDeclarationByPackageShortNameIndex->NOT_INDEXED(not indexed),KotlinTopLevelCallableByPackageShortNameIndex->NOT_INDEXED(not indexed),KotlinBinaryRootToPackageIndex->NOT_INDEXED(not indexed),filetypes->NOT_INDEXED(not indexed),Stubs->NOT_INDEXED(not indexed),]. Scanner has updated file internal.kotlin_builtins (id=3226) with appliers: [SingleIndexValueApplier{indexId=filetypes, inputId=3226, fileInfo='internal.kotlin_builtins(id=3226)'}] and removers: []; 
2026-05-27 01:58:43,000 [  23989]   INFO - #c.i.u.i.IndexingReasonExplanationLogger - Scheduling indexing of reflect.kotlin_builtins (id=3224) by request of indexes: [org.jetbrains.kotlin.idea.vfilefinder.KotlinPartialPackageNamesIndex->NOT_INDEXED(not indexed),org.jetbrains.kotlin.idea.vfilefinder.KotlinMetadataFileIndex->NOT_INDEXED(not indexed),org.jetbrains.kotlin.idea.vfilefinder.KotlinMetadataFilePackageIndex->NOT_INDEXED(not indexed),org.jetbrains.kotlin.idea.vfilefinder.KotlinBuiltInsMetadataIndex->NOT_INDEXED(not indexed),KotlinTopLevelClassLikeDeclarationByPackageShortNameIndex->NOT_INDEXED(not indexed),KotlinTopLevelCallableByPackageShortNameIndex->NOT_INDEXED(not indexed),KotlinBinaryRootToPackageIndex->NOT_INDEXED(not indexed),filetypes->NOT_INDEXED(not indexed),Stubs->NOT_INDEXED(not indexed),]. Scanner has updated file reflect.kotlin_builtins (id=3224) with appliers: [SingleIndexValueApplier{indexId=filetypes, inputId=3224, fileInfo='reflect.kotlin_builtins(id=3224)'}] and removers: []; 
2026-05-27 01:58:43,000 [  23989]   INFO - #c.i.u.i.IndexingReasonExplanationLogger - Scheduling indexing of SunPCSC.class (id=3681) by request of indexes: [bytecodeAnalysis->NOT_INDEXED(not indexed),org.jetbrains.kotlin.idea.vfilefinder.KotlinClassFileIndex->NOT_INDEXED(not indexed),org.jetbrains.kotlin.idea.versions.KotlinJvmMetadataVersionIndex->NOT_INDEXED(not indexed),org.jetbrains.kotlin.idea.vfilefinder.KotlinPartialPackageNamesIndex->NOT_INDEXED(not indexed),KotlinTopLevelClassLikeDeclarationByPackageShortNameIndex->NOT_INDEXED(not indexed),KotlinTopLevelCallableByPackageShortNameIndex->NOT_INDEXED(not indexed),KotlinBinaryRootToPackageIndex->NOT_INDEXED(not indexed),filetypes->NOT_INDEXED(not indexed),Stubs->NOT_INDEXED(not indexed),]. Scanner has updated file SunPCSC.class (id=3681) with appliers: [SingleIndexValueApplier{indexId=filetypes, inputId=3681, fileInfo='SunPCSC.class(id=3681)'}] and removers: []; 
2026-05-27 01:58:43,004 [  23993]   INFO - #c.i.p.i.c.i.i.JavaIdIndexer - skipSourceFilesInLibraries: false (registry: 'ide.index.id.skip.java.sources.in.libs')
2026-05-27 01:58:43,006 [  23995]   INFO - #c.i.u.i.IndexingReasonExplanationLogger - Scheduling indexing of annotation.kotlin_builtins (id=3222) by request of indexes: [org.jetbrains.kotlin.idea.vfilefinder.KotlinPartialPackageNamesIndex->NOT_INDEXED(not indexed),org.jetbrains.kotlin.idea.vfilefinder.KotlinMetadataFileIndex->NOT_INDEXED(not indexed),org.jetbrains.kotlin.idea.vfilefinder.KotlinMetadataFilePackageIndex->NOT_INDEXED(not indexed),org.jetbrains.kotlin.idea.vfilefinder.KotlinBuiltInsMetadataIndex->NOT_INDEXED(not indexed),KotlinTopLevelClassLikeDeclarationByPackageShortNameIndex->NOT_INDEXED(not indexed),KotlinTopLevelCallableByPackageShortNameIndex->NOT_INDEXED(not indexed),KotlinBinaryRootToPackageIndex->NOT_INDEXED(not indexed),filetypes->NOT_INDEXED(not indexed),Stubs->NOT_INDEXED(not indexed),]. Scanner has updated file annotation.kotlin_builtins (id=3222) with appliers: [SingleIndexValueApplier{indexId=filetypes, inputId=3222, fileInfo='annotation.kotlin_builtins(id=3222)'}] and removers: []; 
2026-05-27 01:58:43,006 [  23995]   INFO - #c.i.u.i.IndexingReasonExplanationLogger - Scheduling indexing of CardImpl.class (id=3697) by request of indexes: [bytecodeAnalysis->NOT_INDEXED(not indexed),org.jetbrains.kotlin.idea.vfilefinder.KotlinClassFileIndex->NOT_INDEXED(not indexed),org.jetbrains.kotlin.idea.versions.KotlinJvmMetadataVersionIndex->NOT_INDEXED(not indexed),org.jetbrains.kotlin.idea.vfilefinder.KotlinPartialPackageNamesIndex->NOT_INDEXED(not indexed),KotlinTopLevelClassLikeDeclarationByPackageShortNameIndex->NOT_INDEXED(not indexed),KotlinTopLevelCallableByPackageShortNameIndex->NOT_INDEXED(not indexed),KotlinBinaryRootToPackageIndex->NOT_INDEXED(not indexed),filetypes->NOT_INDEXED(not indexed),Stubs->NOT_INDEXED(not indexed),]. Scanner has updated file CardImpl.class (id=3697) with appliers: [SingleIndexValueApplier{indexId=filetypes, inputId=3697, fileInfo='CardImpl.class(id=3697)'}] and removers: []; 
2026-05-27 01:58:43,009 [  23998]   INFO - #c.i.u.i.IndexingReasonExplanationLogger - Scheduling indexing of atomics.kotlin_builtins (id=3237) by request of indexes: [org.jetbrains.kotlin.idea.vfilefinder.KotlinPartialPackageNamesIndex->NOT_INDEXED(not indexed),org.jetbrains.kotlin.idea.vfilefinder.KotlinMetadataFileIndex->NOT_INDEXED(not indexed),org.jetbrains.kotlin.idea.vfilefinder.KotlinMetadataFilePackageIndex->NOT_INDEXED(not indexed),org.jetbrains.kotlin.idea.vfilefinder.KotlinBuiltInsMetadataIndex->NOT_INDEXED(not indexed),KotlinTopLevelClassLikeDeclarationByPackageShortNameIndex->NOT_INDEXED(not indexed),KotlinTopLevelCallableByPackageShortNameIndex->NOT_INDEXED(not indexed),KotlinBinaryRootToPackageIndex->NOT_INDEXED(not indexed),filetypes->NOT_INDEXED(not indexed),Stubs->NOT_INDEXED(not indexed),]. Scanner has updated file atomics.kotlin_builtins (id=3237) with appliers: [SingleIndexValueApplier{indexId=filetypes, inputId=3237, fileInfo='atomics.kotlin_builtins(id=3237)'}] and removers: []; 
2026-05-27 01:58:43,009 [  23998]   INFO - #c.i.u.i.IndexingReasonExplanationLogger - Scheduling indexing of SunPCSC$1.class (id=3669) by request of indexes: [bytecodeAnalysis->NOT_INDEXED(not indexed),org.jetbrains.kotlin.idea.vfilefinder.KotlinClassFileIndex->NOT_INDEXED(not indexed),org.jetbrains.kotlin.idea.versions.KotlinJvmMetadataVersionIndex->NOT_INDEXED(not indexed),org.jetbrains.kotlin.idea.vfilefinder.KotlinPartialPackageNamesIndex->NOT_INDEXED(not indexed),KotlinTopLevelClassLikeDeclarationByPackageShortNameIndex->NOT_INDEXED(not indexed),KotlinTopLevelCallableByPackageShortNameIndex->NOT_INDEXED(not indexed),KotlinBinaryRootToPackageIndex->NOT_INDEXED(not indexed),filetypes->NOT_INDEXED(not indexed),Stubs->NOT_INDEXED(not indexed),]. Scanner has updated file SunPCSC$1.class (id=3669) with appliers: [SingleIndexValueApplier{indexId=filetypes, inputId=3669, fileInfo='SunPCSC$1.class(id=3669)'}] and removers: []; 
2026-05-27 01:58:43,012 [  24001]   INFO - #c.i.u.i.IndexingReasonExplanationLogger - Scheduling indexing of ranges.kotlin_builtins (id=3220) by request of indexes: [org.jetbrains.kotlin.idea.vfilefinder.KotlinPartialPackageNamesIndex->NOT_INDEXED(not indexed),org.jetbrains.kotlin.idea.vfilefinder.KotlinMetadataFileIndex->NOT_INDEXED(not indexed),org.jetbrains.kotlin.idea.vfilefinder.KotlinMetadataFilePackageIndex->NOT_INDEXED(not indexed),org.jetbrains.kotlin.idea.vfilefinder.KotlinBuiltInsMetadataIndex->NOT_INDEXED(not indexed),KotlinTopLevelClassLikeDeclarationByPackageShortNameIndex->NOT_INDEXED(not indexed),KotlinTopLevelCallableByPackageShortNameIndex->NOT_INDEXED(not indexed),KotlinBinaryRootToPackageIndex->NOT_INDEXED(not indexed),filetypes->NOT_INDEXED(not indexed),Stubs->NOT_INDEXED(not indexed),]. Scanner has updated file ranges.kotlin_builtins (id=3220) with appliers: [SingleIndexValueApplier{indexId=filetypes, inputId=3220, fileInfo='ranges.kotlin_builtins(id=3220)'}] and removers: []; 
2026-05-27 01:58:43,012 [  24001]   INFO - #c.i.u.i.IndexingReasonExplanationLogger - Scheduling indexing of ChannelImpl.class (id=3684) by request of indexes: [bytecodeAnalysis->NOT_INDEXED(not indexed),org.jetbrains.kotlin.idea.vfilefinder.KotlinClassFileIndex->NOT_INDEXED(not indexed),org.jetbrains.kotlin.idea.versions.KotlinJvmMetadataVersionIndex->NOT_INDEXED(not indexed),org.jetbrains.kotlin.idea.vfilefinder.KotlinPartialPackageNamesIndex->NOT_INDEXED(not indexed),KotlinTopLevelClassLikeDeclarationByPackageShortNameIndex->NOT_INDEXED(not indexed),KotlinTopLevelCallableByPackageShortNameIndex->NOT_INDEXED(not indexed),KotlinBinaryRootToPackageIndex->NOT_INDEXED(not indexed),filetypes->NOT_INDEXED(not indexed),Stubs->NOT_INDEXED(not indexed),]. Scanner has updated file ChannelImpl.class (id=3684) with appliers: [SingleIndexValueApplier{indexId=filetypes, inputId=3684, fileInfo='ChannelImpl.class(id=3684)'}] and removers: []; 
2026-05-27 01:58:43,214 [  24203]   INFO - #c.i.u.i.IndexingReasonExplanationLogger - Scanner has updated file JavaApp.png (id=4493) with appliers: [SingleIndexValueApplier{indexId=filetypes, inputId=4493, fileInfo='JavaApp.png(id=4493)'}] and removers: []; 
2026-05-27 01:58:43,238 [  24227]   INFO - STDOUT - [IDE]: Task 'Resolving SDKs…' ended in 529 ms
2026-05-27 01:58:43,266 [  24255]   INFO - #c.i.u.i.IndexingReasonExplanationLogger - Scanner has updated file jpackageapplauncher (id=4476) with appliers: [SingleIndexValueApplier{indexId=filetypes, inputId=4476, fileInfo='jpackageapplauncher(id=4476)'}] and removers: []; 
2026-05-27 01:58:43,300 [  24289]   INFO - #c.i.u.i.IndexingReasonExplanationLogger - Scanner has updated file libjpackageapplauncheraux.so (id=4464) with appliers: [SingleIndexValueApplier{indexId=filetypes, inputId=4464, fileInfo='libjpackageapplauncheraux.so(id=4464)'}] and removers: []; 
2026-05-27 01:58:43,579 [  24568]   INFO - #c.i.u.i.IndexingReasonExplanationLogger - Scanner has updated file metadata.bin (id=7208) with appliers: [SingleIndexValueApplier{indexId=filetypes, inputId=7208, fileInfo='metadata.bin(id=7208)'}] and removers: []; 
2026-05-27 01:58:43,915 [  24904]   INFO - #c.i.u.i.IndexingReasonExplanationLogger - Scanner has updated file arrow.png (id=12721) with appliers: [SingleIndexValueApplier{indexId=filetypes, inputId=12721, fileInfo='arrow.png(id=12721)'}] and removers: []; 
2026-05-27 01:58:43,918 [  24907]   INFO - #c.i.u.i.IndexingReasonExplanationLogger - Scanner has updated file triangle.png (id=12723) with appliers: [SingleIndexValueApplier{indexId=filetypes, inputId=12723, fileInfo='triangle.png(id=12723)'}] and removers: []; 
2026-05-27 01:58:43,920 [  24909]   INFO - #c.i.u.i.IndexingReasonExplanationLogger - Scanner has updated file breakpoint.png (id=12722) with appliers: [SingleIndexValueApplier{indexId=filetypes, inputId=12722, fileInfo='breakpoint.png(id=12722)'}] and removers: []; 
2026-05-27 01:58:44,352 [  25341]   INFO - #c.i.u.i.IndexingReasonExplanationLogger - Scanner has updated file nfc.nrm (id=9248) with appliers: [SingleIndexValueApplier{indexId=filetypes, inputId=9248, fileInfo='nfc.nrm(id=9248)'}] and removers: []; 
2026-05-27 01:58:44,355 [  25344]   INFO - #c.i.u.i.IndexingReasonExplanationLogger - Scanner has updated file nfkc.nrm (id=9250) with appliers: [SingleIndexValueApplier{indexId=filetypes, inputId=9250, fileInfo='nfkc.nrm(id=9250)'}] and removers: []; 
2026-05-27 01:58:44,357 [  25346]   INFO - #c.i.u.i.IndexingReasonExplanationLogger - Scanner has updated file ubidi.icu (id=9249) with appliers: [SingleIndexValueApplier{indexId=filetypes, inputId=9249, fileInfo='ubidi.icu(id=9249)'}] and removers: []; 
2026-05-27 01:58:46,701 [  27690]   INFO - #c.i.u.i.UnindexedFilesScanner - [81207af4] Scanning completed for [opi3]. Number of scanned files: 42491; number of files for indexing: 42157
2026-05-27 01:58:46,701 [  27690]   INFO - #c.i.o.p.InitialVfsRefreshService - 81207af4: marking roots for initial VFS refresh
2026-05-27 01:58:46,702 [  27691]   INFO - #c.i.o.p.InitialVfsRefreshService - 81207af4: starting initial VFS refresh of 0 roots
2026-05-27 01:58:46,703 [  27692]   INFO - #c.i.o.p.InitialVfsRefreshService - 81207af4: initial VFS refresh finished in 0 ms
2026-05-27 01:58:46,721 [  27710]   INFO - #c.i.o.p.UnindexedFilesScannerExecutor - [81207af4] Task finished (scanning id=0): com.intellij.util.indexing.UnindexedFilesScannerExecutorImpl$ScheduledScanningTask@6cac2e12
2026-05-27 01:58:46,725 [  27714]   INFO - #c.i.o.p.UnindexedFilesScannerExecutor - [81207af4] Running task: com.intellij.util.indexing.UnindexedFilesScannerExecutorImpl$ScheduledScanningTask@448320cb
2026-05-27 01:58:46,726 [  27715]   INFO - #c.i.o.p.DumbServiceImpl - enter dumb mode [opi3]
2026-05-27 01:58:46,726 [  27715]   INFO - #c.i.u.i.UnindexedFilesScanner - [81207af4] scanning stage (scanning id=1): DelayedPushProperties
2026-05-27 01:58:46,727 [  27716]   INFO - #c.i.u.i.FileBasedIndexImpl - Indexes are already loaded
2026-05-27 01:58:46,727 [  27716]   INFO - #c.i.u.i.UnindexedFilesScanner - [81207af4] Started scanning for indexing of [opi3]. Reason: Changes from WorkspaceFileIndex (140 iterators)
2026-05-27 01:58:46,727 [  27716]   INFO - #c.i.u.i.UnindexedFilesScanner - [81207af4] scanning stage (scanning id=1): CreatingIterators
2026-05-27 01:58:46,727 [  27716]   INFO - #c.i.u.i.UnindexedFilesScanner - [81207af4] scanning stage (scanning id=1): CollectingIndexableFiles
2026-05-27 01:58:46,727 [  27716]   INFO - #c.i.u.i.UnindexedFilesScanner - Scanning of [opi3] uses 8 scanning threads
2026-05-27 01:58:46,730 [  27719]   INFO - #c.i.o.p.MergingQueueGuiExecutor - Running task: (dumb mode task) UnindexedFilesIndexer[opi3, reasons: [On project open]]
2026-05-27 01:58:46,738 [  27727]   INFO - #c.i.u.i.IndexingReasonExplanationLogger - Scheduling indexing of MS874.java (id=65568) by request of indexes: [IdIndex->NOT_INDEXED(not indexed),]. 
2026-05-27 01:58:46,739 [  27728]   INFO - #c.i.u.i.IndexingReasonExplanationLogger - Scheduling indexing of MS936.java (id=65491) by request of indexes: [IdIndex->NOT_INDEXED(not indexed),]. 
2026-05-27 01:58:46,739 [  27728]   INFO - #c.i.u.i.IndexingReasonExplanationLogger - Scheduling indexing of DataFrame.class (id=37026) by request of indexes: [bytecodeAnalysis->NOT_INDEXED(not indexed),org.jetbrains.kotlin.idea.vfilefinder.KotlinClassFileIndex->NOT_INDEXED(not indexed),org.jetbrains.kotlin.idea.versions.KotlinJvmMetadataVersionIndex->NOT_INDEXED(not indexed),org.jetbrains.kotlin.idea.vfilefinder.KotlinPartialPackageNamesIndex->NOT_INDEXED(not indexed),KotlinTopLevelClassLikeDeclarationByPackageShortNameIndex->NOT_INDEXED(not indexed),KotlinTopLevelCallableByPackageShortNameIndex->NOT_INDEXED(not indexed),KotlinBinaryRootToPackageIndex->NOT_INDEXED(not indexed),Stubs->NOT_INDEXED(not indexed),]. 
2026-05-27 01:58:46,739 [  27728]   INFO - #c.i.u.i.IndexingReasonExplanationLogger - Scheduling indexing of Sockets.java (id=3544) by request of indexes: [IdIndex->NOT_INDEXED(not indexed),]. 
2026-05-27 01:58:46,739 [  27728]   INFO - #c.i.u.i.IndexingReasonExplanationLogger - Scheduling indexing of MS949.java (id=65420) by request of indexes: [IdIndex->NOT_INDEXED(not indexed),]. 
2026-05-27 01:58:46,739 [  27728]   INFO - #c.i.u.i.IndexingReasonExplanationLogger - Scheduling indexing of package-info.java (id=3543) by request of indexes: [IdIndex->NOT_INDEXED(not indexed),]. 
2026-05-27 01:58:46,739 [  27728]   INFO - #c.i.u.i.IndexingReasonExplanationLogger - Scheduling indexing of MS950.java (id=65535) by request of indexes: [IdIndex->NOT_INDEXED(not indexed),]. 
2026-05-27 01:58:46,739 [  27728]   INFO - #c.i.u.i.IndexingReasonExplanationLogger - Scheduling indexing of NetworkPermission.java (id=3541) by request of indexes: [IdIndex->NOT_INDEXED(not indexed),]. 
2026-05-27 01:58:46,739 [  27728]   INFO - #c.i.u.i.IndexingReasonExplanationLogger - Scheduling indexing of IBM037.java (id=65625) by request of indexes: [IdIndex->NOT_INDEXED(not indexed),]. 
2026-05-27 01:58:46,739 [  27728]   INFO - #c.i.u.i.IndexingReasonExplanationLogger - Scheduling indexing of LinuxSocketOptions.java (id=3546) by request of indexes: [IdIndex->NOT_INDEXED(not indexed),]. 
2026-05-27 01:58:47,226 [  28215]   INFO - #c.i.d.ReporterIdLoggerActivity - Exception reporter ID: 150325361655e8e-e1ca-48eb-b585-380a0d34456f
2026-05-27 01:58:47,227 [  28216]   INFO - #c.i.o.e.s.p.m.ReprocessContentRootDataActivity - Ignored reprocess of content root data service for new projects
2026-05-27 01:58:47,365 [  28354]   INFO - #o.j.q.s.QodanaLinterBackgroundStartupActivity - Executed Qodana backgroundPostStartupActivity
2026-05-27 01:58:47,387 [  28376]   INFO - #o.j.p.g.j.IdeVersionedDataUpdater - Updating version compatibility for org.jetbrains.plugins.gradle.jvmcompat.GradleCompatibilitySupportUpdater. Last update was: 0. Update interval: 1d Url to update https://download.jetbrains.com/resources/intellij/plugins/gradle/v1/compatibility.json
2026-05-27 01:58:47,427 [  28416]   INFO - #o.j.j.b.i.CompilerReferenceIndex - backward reference index version doesn't exist
2026-05-27 01:58:47,440 [  28429]   INFO - #c.i.c.b.IsUpToDateCheckStartupActivity - suitable consumer is not found
2026-05-27 01:58:47,616 [  28605]   WARN - #c.i.o.e.autolink - Unlinked project notification is shown; Consider specifying 'external.system.link.unlinked.projects' to import the necessary build scripts.
2026-05-27 01:58:47,869 [  28858]   INFO - #c.i.u.i.UnindexedFilesScanner - [81207af4] Scanning completed for [opi3]. Number of scanned files: 42297; number of files for indexing: 41963
2026-05-27 01:58:47,873 [  28862]   INFO - #c.i.o.p.UnindexedFilesScannerExecutor - [81207af4] Task finished (scanning id=1): com.intellij.util.indexing.UnindexedFilesScannerExecutorImpl$ScheduledScanningTask@448320cb
2026-05-27 01:58:47,874 [  28863]   INFO - #c.i.u.i.FileBasedIndexImpl - Indexes are already loaded
2026-05-27 01:58:47,888 [  28877]   INFO - #c.i.u.i.c.IndexUpdateRunner - Using 8 workers for indexing and 4 for writing indexes
2026-05-27 01:58:47,979 [  28968]   INFO - #o.j.p.g.j.IdeVersionedDataUpdater - IDE versioned data for org.jetbrains.plugins.gradle.jvmcompat.GradleCompatibilitySupportUpdater was updated
2026-05-27 01:59:11,099 [  52088]   INFO - #o.j.q.s.i.r.ConsoleLog - Keep running Project opening ... so far 30s
2026-05-27 01:59:11,100 [  52089]   INFO - STDOUT - Keep running Project opening ... so far 30s
2026-05-27 01:59:15,735 [  56724]   INFO - #c.i.u.i.ProjectChangedFilesScanner - Retrieving changed during indexing files of opi3 : 0 to update, calculated in 2ms
2026-05-27 01:59:15,735 [  56724]   INFO - #c.i.u.i.UnindexedFilesIndexer - Finished for opi3. Unindexed files update took 27855ms; general responsiveness: ok; EDT responsiveness: ok
2026-05-27 01:59:15,739 [  56728]   INFO - #c.i.o.p.MergingQueueGuiExecutor - Task finished: (dumb mode task) UnindexedFilesIndexer[opi3, reasons: [On project open]]
2026-05-27 01:59:15,740 [  56729]   INFO - #c.i.o.p.MergingQueueGuiExecutor - Running task: (dumb mode task) UnindexedFilesIndexer[opi3, reasons: [Changes from WorkspaceFileIndex (140 iterators)]]
2026-05-27 01:59:15,741 [  56730]   INFO - #c.i.u.i.FileBasedIndexImpl - Indexes are already loaded
2026-05-27 01:59:15,742 [  56731]   INFO - #c.i.u.i.c.IndexUpdateRunner - Using 8 workers for indexing and 4 for writing indexes
2026-05-27 01:59:15,742 [  56731]   INFO - #c.i.u.i.ProjectChangedFilesScanner - Retrieving changed during indexing files of opi3 : 0 to update, calculated in 0ms
2026-05-27 01:59:15,743 [  56732]   INFO - #c.i.u.i.UnindexedFilesIndexer - Finished for opi3. Unindexed files update took 1ms; general responsiveness: ok; EDT responsiveness: ok
2026-05-27 01:59:15,744 [  56733]   INFO - #c.i.o.p.MergingQueueGuiExecutor - Task finished: (dumb mode task) UnindexedFilesIndexer[opi3, reasons: [Changes from WorkspaceFileIndex (140 iterators)]]
2026-05-27 01:59:15,750 [  56739]   INFO - STDOUT - [IDE]: Task 'Analyzing project to enable smart features' ended
2026-05-27 01:59:15,751 [  56740]   INFO - STDOUT - 'dumb-mode' is completed.
2026-05-27 01:59:15,753 [  56742]   INFO - #c.i.o.p.DumbServiceImpl - exit dumb mode [opi3]
2026-05-27 01:59:15,774 [  56763]   INFO - #c.i.w.i.i.j.s.JpsGlobalModelSynchronizerImpl - Saving global entities com.intellij.platform.workspace.jps.entities.SdkEntity to files
2026-05-27 01:59:15,818 [  56807]   INFO - #c.i.w.i.i.j.s.JpsGlobalModelSynchronizerImpl - Saving global entities com.intellij.platform.workspace.jps.entities.LibraryEntity to files
2026-05-27 01:59:16,115 [  57104]   INFO - #c.i.i.b.BookmarksManager - no state loaded for new bookmarks
2026-05-27 01:59:16,121 [  57110]   INFO - #c.i.i.b.BookmarkManager - no state loaded for old bookmarks
2026-05-27 01:59:16,171 [  57160]   INFO - #c.i.i.f.FavoritesManager - no state loaded for old favorites
2026-05-27 01:59:16,292 [  57281]   INFO - #c.i.c.CompilerWorkspaceConfiguration - Available processors: 8
2026-05-27 01:59:16,368 [  57357]   INFO - #git4idea.commands.GitHandler - [/home/evgrart/opi3] git -c core.quotepath=false -c log.showSignature=false version
2026-05-27 01:59:16,393 [  57382]   INFO - #c.i.a.o.PathMacrosImpl - Saved path macros: {MAVEN_REPOSITORY=/home/evgrart/.m2/repository}
2026-05-27 01:59:16,429 [  57418]   INFO - #o.j.k.i.script - [KOTLIN_SCRIPTING] Loading script definitions: classes=[], classpath=[]
2026-05-27 01:59:16,455 [  57444]   INFO - #c.i.c.ComponentStoreImpl - Saving appDefaultFont took 14 ms, ExtensionsRootType took 30 ms, FeatureUsageStatistics took 78 ms, FileTypeManager took 64 ms, FindSettings took 77 ms, GradleJvmSupportMatrix took 25 ms, JdkInstallerHistory took 32 ms, LocalizationStateService took 31 ms, Logs.Categories took 24 ms, RecentProjectsManager took 16 ms, ScratchFileService took 11 ms, UISettings took 15 ms
2026-05-27 01:59:16,461 [  57450]   INFO - #git4idea.commands.GitHandler - git version 2.43.0
2026-05-27 01:59:16,489 [  57478]   INFO - #git4idea.config.GitExecutableFileTester - Git version for /usr/bin/git: 2.43.0.0 (UNIX)
2026-05-27 01:59:16,545 [  57534]   INFO - #c.i.w.i.i.j.s.JpsGlobalModelSynchronizerImpl - Saving global entities com.intellij.platform.workspace.jps.entities.SdkEntity to files
2026-05-27 01:59:16,555 [  57544]   INFO - #c.i.w.i.i.j.s.JpsGlobalModelSynchronizerImpl - Saving global entities com.intellij.platform.workspace.jps.entities.LibraryEntity to files
2026-05-27 01:59:16,643 [  57632]   INFO - #c.i.a.o.PathMacrosImpl - Saved path macros: {MAVEN_REPOSITORY=/home/evgrart/.m2/repository}
2026-05-27 01:59:16,647 [  57636]   INFO - #c.i.c.ComponentStoreImpl - Saving appFileTypeManager took 28 ms
2026-05-27 01:59:16,998 [  57987]   INFO - #c.i.c.ComponentStoreImpl - Saving Project(name=opi3, containerState=COMPONENT_CREATED, componentStore=/home/evgrart/opi3)ExternalProjectsManager took 14 ms, GradleSettings took 13 ms, KotlinCommonCompilerArguments took 39 ms, XDebuggerManager took 50 ms
2026-05-27 01:59:17,147 [  58136]   INFO - #c.i.o.p.DumbServiceImpl - enter dumb mode [opi3]
2026-05-27 01:59:17,150 [  58139]   INFO - #c.i.o.p.MergingQueueGuiExecutor - Running task: (dumb mode task) com.intellij.openapi.roots.impl.PushedFilePropertiesUpdaterImpl$MyDumbModeTask@1807b269 (reason: Push on VFS changes)
2026-05-27 01:59:17,180 [  58169]   INFO - #c.i.o.p.MergingQueueGuiExecutor - Task finished: (dumb mode task) com.intellij.openapi.roots.impl.PushedFilePropertiesUpdaterImpl$MyDumbModeTask@1807b269 (reason: Push on VFS changes)
2026-05-27 01:59:17,181 [  58170]   INFO - #c.i.o.p.MergingQueueGuiExecutor - Running task: (dumb mode task) com.intellij.openapi.roots.impl.PushedFilePropertiesUpdaterImpl$MyDumbModeTask@30c84446 (reason: Push on VFS changes)
2026-05-27 01:59:17,183 [  58172]   INFO - #c.i.o.p.MergingQueueGuiExecutor - Task finished: (dumb mode task) com.intellij.openapi.roots.impl.PushedFilePropertiesUpdaterImpl$MyDumbModeTask@30c84446 (reason: Push on VFS changes)
2026-05-27 01:59:17,187 [  58176]   INFO - STDOUT - [IDE]: Task 'Analyzing project to enable smart features' ended
2026-05-27 01:59:17,187 [  58176]   INFO - #c.i.o.p.DumbServiceImpl - exit dumb mode [opi3]
2026-05-27 01:59:17,210 [  58199]   INFO - STDOUT - Configuration phase 0 is completed. Initiating another phase to cover possible side effects...
2026-05-27 01:59:17,210 [  58199]   INFO - STDOUT - All configuration phases are completed.
2026-05-27 01:59:17,210 [  58199]   INFO - STDOUT - 'Queries for MergingUpdateQueue' is in progress...
2026-05-27 01:59:17,482 [  58471]   INFO - #c.i.o.p.i.ProgressManagerImpl - checkCancelled is invoked while write-action is pending. nonCancellable: false, hasProgressIndicator: false, hasContextJob: true, hasNoneBehavior: false, hasOnlyHooksBehavior: false, cancelled: true
2026-05-27 01:59:17,564 [  58553]   INFO - #c.i.c.m.CodeInsightContextEnabling - multiverse is enabled
2026-05-27 01:59:17,713 [  58702]   INFO - STDOUT - 'Queries for MergingUpdateQueue' is completed.
2026-05-27 01:59:17,716 [  58705]   INFO - #c.i.w.i.i.j.s.JpsGlobalModelSynchronizerImpl - Saving global entities com.intellij.platform.workspace.jps.entities.SdkEntity to files
2026-05-27 01:59:17,719 [  58708]   INFO - #c.i.w.i.i.j.s.JpsGlobalModelSynchronizerImpl - Saving global entities com.intellij.platform.workspace.jps.entities.LibraryEntity to files
2026-05-27 01:59:17,777 [  58766]   INFO - #c.i.c.ComponentStoreImpl - Saving default projectRunDashboard took 56 ms
2026-05-27 01:59:17,845 [  58834]   INFO - #c.i.a.o.PathMacrosImpl - Saved path macros: {MAVEN_REPOSITORY=/home/evgrart/.m2/repository}
2026-05-27 01:59:17,849 [  58838]   INFO - #c.i.c.ComponentStoreImpl - Saving appAdvancedSettings took 54 ms, FileTypeManager took 19 ms
2026-05-27 01:59:17,853 [  58842]   INFO - #c.i.w.i.i.j.s.JpsGlobalModelSynchronizerImpl - Saving global entities com.intellij.platform.workspace.jps.entities.SdkEntity to files
2026-05-27 01:59:17,855 [  58844]   INFO - #c.i.w.i.i.j.s.JpsGlobalModelSynchronizerImpl - Saving global entities com.intellij.platform.workspace.jps.entities.LibraryEntity to files
2026-05-27 01:59:17,884 [  58873]   INFO - #c.i.a.o.PathMacrosImpl - Saved path macros: {MAVEN_REPOSITORY=/home/evgrart/.m2/repository}
2026-05-27 01:59:17,901 [  58890]   INFO - STDOUT - Configuration phase 1 is completed. Initiating another phase to cover possible side effects...
2026-05-27 01:59:17,901 [  58890]   INFO - STDOUT - All configuration phases are completed.
2026-05-27 01:59:17,901 [  58890]   INFO - STDOUT - 'Queries for MergingUpdateQueue' is in progress...
2026-05-27 01:59:18,945 [  59934]   INFO - STDOUT - 'Queries for MergingUpdateQueue' is completed.
2026-05-27 01:59:18,948 [  59937]   INFO - #c.i.w.i.i.j.s.JpsGlobalModelSynchronizerImpl - Saving global entities com.intellij.platform.workspace.jps.entities.SdkEntity to files
2026-05-27 01:59:18,949 [  59938]   INFO - #c.i.w.i.i.j.s.JpsGlobalModelSynchronizerImpl - Saving global entities com.intellij.platform.workspace.jps.entities.LibraryEntity to files
2026-05-27 01:59:18,982 [  59971]   INFO - #c.i.a.o.PathMacrosImpl - Saved path macros: {MAVEN_REPOSITORY=/home/evgrart/.m2/repository}
2026-05-27 01:59:18,987 [  59976]   INFO - #c.i.w.i.i.j.s.JpsGlobalModelSynchronizerImpl - Saving global entities com.intellij.platform.workspace.jps.entities.SdkEntity to files
2026-05-27 01:59:18,988 [  59977]   INFO - #c.i.w.i.i.j.s.JpsGlobalModelSynchronizerImpl - Saving global entities com.intellij.platform.workspace.jps.entities.LibraryEntity to files
2026-05-27 01:59:19,007 [  59996]   INFO - #c.i.a.o.PathMacrosImpl - Saved path macros: {MAVEN_REPOSITORY=/home/evgrart/.m2/repository}
2026-05-27 01:59:19,018 [  60007]   INFO - STDOUT - Configuration phase 2 is completed. Initiating another phase to cover possible side effects...
2026-05-27 01:59:19,018 [  60007]   INFO - STDOUT - All configuration phases are completed.
2026-05-27 01:59:19,184 [  60173]   INFO - #o.j.q.s.i.r.s.QodanaExternalProjectsImporter - Importing MAVEN project file: /home/evgrart/opi3/pom.xml
2026-05-27 01:59:19,186 [  60175]   INFO - #c.i.o.e.i.AbstractOpenProjectProvider - Linking MAVEN project /home/evgrart/opi3/pom.xml
2026-05-27 01:59:19,199 [  60188]   INFO - #c.i.w.i.i.EntitiesOrphanageImpl - Update orphanage. 0 modules added
2026-05-27 01:59:19,201 [  60190]   INFO - #c.i.w.i.i.WorkspaceModelImpl - Project model for project opi3 updated to version 4 in 4 ms: Change entity sources to externally imported
2026-05-27 01:59:19,267 [  60256]   INFO - #c.i.w.i.i.EntitiesOrphanageImpl - Update orphanage. 0 modules added
2026-05-27 01:59:19,268 [  60257]   INFO - #c.i.o.p.UnindexedFilesScannerExecutor - [81207af4] Running task: com.intellij.util.indexing.UnindexedFilesScannerExecutorImpl$ScheduledScanningTask@6b65f201
2026-05-27 01:59:19,269 [  60258]   INFO - #c.i.o.p.UnindexedFilesScannerExecutor - [81207af4] Skipping task: com.intellij.util.indexing.UnindexedFilesScannerExecutorImpl$ScheduledScanningTask@6b65f201
2026-05-27 01:59:19,269 [  60258]   INFO - #c.i.w.i.i.WorkspaceModelImpl - Project model for project opi3 updated to version 5 in 30 ms: Module model commit
2026-05-27 01:59:19,325 [  60314]   INFO - #c.i.w.i.i.EntitiesOrphanageImpl - Update orphanage. 0 modules added
2026-05-27 01:59:19,326 [  60315]   INFO - #c.i.o.p.UnindexedFilesScannerExecutor - [81207af4] Running task: com.intellij.util.indexing.UnindexedFilesScannerExecutorImpl$ScheduledScanningTask@7efabd9b
2026-05-27 01:59:19,329 [  60318]   INFO - #c.i.w.i.i.WorkspaceModelImpl - Project model for project opi3 updated to version 6 in 20 ms: Root model commit
2026-05-27 01:59:19,365 [  60354]   INFO - #c.i.w.i.i.EntitiesOrphanageImpl - Update orphanage. 0 modules added
2026-05-27 01:59:19,366 [  60355]   INFO - #c.i.w.i.i.WorkspaceModelImpl - Project model for project opi3 updated to version 7 in 29 ms: Modify external system module options
2026-05-27 01:59:19,369 [  60358]   INFO - #c.i.w.i.i.EntitiesOrphanageImpl - Update orphanage. 0 modules added
2026-05-27 01:59:19,370 [  60359]   INFO - #c.i.w.i.i.WorkspaceModelImpl - Project model for project opi3 updated to version 8 in 3 ms: Modify external system module options
2026-05-27 01:59:19,380 [  60369]   INFO - #c.i.w.i.i.EntitiesOrphanageImpl - Update orphanage. 0 modules added
2026-05-27 01:59:19,382 [  60371]   INFO - #c.i.w.i.i.WorkspaceModelImpl - Project model for project opi3 updated to version 9 in 10 ms: Change module entity source
2026-05-27 01:59:19,386 [  60375]   INFO - #c.i.u.i.UnindexedFilesScanner - [81207af4] scanning stage (scanning id=2): DelayedPushProperties
2026-05-27 01:59:19,390 [  60379]   INFO - #o.j.q.s.i.r.ConsoleLog - The Project opening stage completed in 38s
2026-05-27 01:59:19,390 [  60379]   INFO - STDOUT - The Project opening stage completed in 38s
2026-05-27 01:59:19,391 [  60380]   INFO - STDOUT - done.
2026-05-27 01:59:19,394 [  60383]   INFO - #c.i.o.p.i.ProgressManagerImpl - checkCancelled is invoked while write-action is pending. nonCancellable: false, hasProgressIndicator: false, hasContextJob: true, hasNoneBehavior: false, hasOnlyHooksBehavior: false, cancelled: true
2026-05-27 01:59:19,396 [  60385]   INFO - #c.i.u.i.FileBasedIndexImpl - Indexes are already loaded
2026-05-27 01:59:19,784 [  60773]   INFO - #o.j.q.s.i.r.ConsoleLog - Preparing for the Project configuration stage ...
2026-05-27 01:59:19,784 [  60773]   INFO - STDOUT - Preparing for the Project configuration stage ...
2026-05-27 01:59:19,785 [  60774]   INFO - STDOUT - 'Maven' is in progress...
2026-05-27 01:59:19,823 [  60812]   INFO - #c.i.u.i.UnindexedFilesScanner - [81207af4] Started scanning for indexing of [opi3]. Reason: Changes from WorkspaceFileIndex (1 iterators)
2026-05-27 01:59:19,823 [  60812]   INFO - #c.i.u.i.UnindexedFilesScanner - [81207af4] scanning stage (scanning id=2): CreatingIterators
2026-05-27 01:59:19,824 [  60813]   INFO - #c.i.u.i.UnindexedFilesScanner - [81207af4] scanning stage (scanning id=2): CollectingIndexableFiles
2026-05-27 01:59:19,824 [  60813]   INFO - #c.i.u.i.UnindexedFilesScanner - Scanning of [opi3] uses 8 scanning threads
2026-05-27 01:59:19,948 [  60937]   INFO - #c.i.u.i.IndexingReasonExplanationLogger - Scheduling indexing of params.properties (id=88448) by request of indexes: [filetypes->NOT_INDEXED(not indexed),Trigram.Index->NOT_INDEXED(not indexed),IdIndex->NOT_INDEXED(not indexed),Stubs->NOT_INDEXED(not indexed),]. Scanner has updated file params.properties (id=88448) with appliers: [SingleIndexValueApplier{indexId=filetypes, inputId=88448, fileInfo='params.properties(id=88448)'}] and removers: []; 
2026-05-27 01:59:19,950 [  60939]   INFO - #c.i.u.i.IndexingReasonExplanationLogger - Scheduling indexing of MANIFEST.MF.template (id=88447) by request of indexes: [org.jetbrains.kotlin.idea.vfilefinder.KotlinStdlibIndex->NOT_INDEXED(not indexed),filetypes->NOT_INDEXED(not indexed),Trigram.Index->NOT_INDEXED(not indexed),IdIndex->NOT_INDEXED(not indexed),]. Scanner has updated file MANIFEST.MF.template (id=88447) with appliers: [SingleIndexValueApplier{indexId=filetypes, inputId=88447, fileInfo='MANIFEST.MF.template(id=88447)'}] and removers: []; 
2026-05-27 01:59:19,952 [  60941]   INFO - #c.i.u.i.IndexingReasonExplanationLogger - Scheduling indexing of Messages.java (id=88463) by request of indexes: [filetypes->NOT_INDEXED(not indexed),IdIndex->NOT_INDEXED(not indexed),Trigram.Index->NOT_INDEXED(not indexed),]. Scanner has updated file Messages.java (id=88463) with appliers: [SingleIndexValueApplier{indexId=filetypes, inputId=88463, fileInfo='Messages.java(id=88463)'}] and removers: []; 
2026-05-27 01:59:19,952 [  60941]   INFO - #c.i.u.i.IndexingReasonExplanationLogger - Scheduling indexing of HibernateUtil.java (id=88462) by request of indexes: [filetypes->NOT_INDEXED(not indexed),IdIndex->NOT_INDEXED(not indexed),Trigram.Index->NOT_INDEXED(not indexed),]. Scanner has updated file HibernateUtil.java (id=88462) with appliers: [SingleIndexValueApplier{indexId=filetypes, inputId=88462, fileInfo='HibernateUtil.java(id=88462)'}] and removers: []; 
2026-05-27 01:59:19,953 [  60942]   INFO - #c.i.u.i.IndexingReasonExplanationLogger - Scheduling indexing of AreaCheckBean.java (id=88464) by request of indexes: [filetypes->NOT_INDEXED(not indexed),IdIndex->NOT_INDEXED(not indexed),Trigram.Index->NOT_INDEXED(not indexed),]. Scanner has updated file AreaCheckBean.java (id=88464) with appliers: [SingleIndexValueApplier{indexId=filetypes, inputId=88464, fileInfo='AreaCheckBean.java(id=88464)'}] and removers: []; 
2026-05-27 01:59:19,953 [  60942]   INFO - #c.i.u.i.IndexingReasonExplanationLogger - Scheduling indexing of CheckResult.java (id=88465) by request of indexes: [filetypes->NOT_INDEXED(not indexed),IdIndex->NOT_INDEXED(not indexed),Trigram.Index->NOT_INDEXED(not indexed),]. Scanner has updated file CheckResult.java (id=88465) with appliers: [SingleIndexValueApplier{indexId=filetypes, inputId=88465, fileInfo='CheckResult.java(id=88465)'}] and removers: []; 
2026-05-27 01:59:19,954 [  60943]   INFO - #c.i.u.i.IndexingReasonExplanationLogger - Scheduling indexing of AreaHitService.java (id=88466) by request of indexes: [filetypes->NOT_INDEXED(not indexed),IdIndex->NOT_INDEXED(not indexed),Trigram.Index->NOT_INDEXED(not indexed),]. Scanner has updated file AreaHitService.java (id=88466) with appliers: [SingleIndexValueApplier{indexId=filetypes, inputId=88466, fileInfo='AreaHitService.java(id=88466)'}] and removers: []; 
2026-05-27 01:59:19,954 [  60943]   INFO - #c.i.u.i.IndexingReasonExplanationLogger - Scheduling indexing of App.java (id=88457) by request of indexes: [filetypes->NOT_INDEXED(not indexed),IdIndex->NOT_INDEXED(not indexed),Trigram.Index->NOT_INDEXED(not indexed),]. Scanner has updated file App.java (id=88457) with appliers: [SingleIndexValueApplier{indexId=filetypes, inputId=88457, fileInfo='App.java(id=88457)'}] and removers: []; 
2026-05-27 01:59:19,955 [  60944]   INFO - #c.i.u.i.IndexingReasonExplanationLogger - Scheduling indexing of web.xml (id=88473) by request of indexes: [DomFileIndex->NOT_INDEXED(not indexed),PluginIdModuleIndex->NOT_INDEXED(not indexed),PluginIdDependenciesIndex->NOT_INDEXED(not indexed),IdeaPluginRegistrationIndex->NOT_INDEXED(not indexed),devkit.ExtensionPointIndex->NOT_INDEXED(not indexed),devkit.ExtensionPointClassIndex->NOT_INDEXED(not indexed),filetypes->NOT_INDEXED(not indexed),Trigram.Index->NOT_INDEXED(not indexed),IdIndex->NOT_INDEXED(not indexed),XsltSymbolIndex->NOT_INDEXED(not indexed),fileIncludes->NOT_INDEXED(not indexed),xmlProperties->NOT_INDEXED(not indexed),RelaxSymbolIndex->NOT_INDEXED(not indexed),Stubs->NOT_INDEXED(not indexed),]. Scanner has updated file web.xml (id=88473) with appliers: [SingleIndexValueApplier{indexId=filetypes, inputId=88473, fileInfo='web.xml(id=88473)'}] and removers: []; 
2026-05-27 01:59:19,955 [  60944]   INFO - #c.i.u.i.IndexingReasonExplanationLogger - Scheduling indexing of beans.xml (id=88474) by request of indexes: [DomFileIndex->NOT_INDEXED(not indexed),PluginIdModuleIndex->NOT_INDEXED(not indexed),PluginIdDependenciesIndex->NOT_INDEXED(not indexed),IdeaPluginRegistrationIndex->NOT_INDEXED(not indexed),devkit.ExtensionPointIndex->NOT_INDEXED(not indexed),devkit.ExtensionPointClassIndex->NOT_INDEXED(not indexed),filetypes->NOT_INDEXED(not indexed),Trigram.Index->NOT_INDEXED(not indexed),IdIndex->NOT_INDEXED(not indexed),XsltSymbolIndex->NOT_INDEXED(not indexed),fileIncludes->NOT_INDEXED(not indexed),xmlProperties->NOT_INDEXED(not indexed),RelaxSymbolIndex->NOT_INDEXED(not indexed),Stubs->NOT_INDEXED(not indexed),]. Scanner has updated file beans.xml (id=88474) with appliers: [SingleIndexValueApplier{indexId=filetypes, inputId=88474, fileInfo='beans.xml(id=88474)'}] and removers: []; 
2026-05-27 01:59:19,962 [  60951]   INFO - #c.i.u.i.IndexingReasonExplanationLogger - Scanner has updated file txw2-4.0.2.jar (id=88522) with appliers: [SingleIndexValueApplier{indexId=filetypes, inputId=88522, fileInfo='txw2-4.0.2.jar(id=88522)'}] and removers: []; 
2026-05-27 01:59:19,962 [  60951]   INFO - #c.i.u.i.IndexingReasonExplanationLogger - Scanner has updated file gson-2.10.1.jar (id=88545) with appliers: [SingleIndexValueApplier{indexId=filetypes, inputId=88545, fileInfo='gson-2.10.1.jar(id=88545)'}] and removers: []; 
2026-05-27 01:59:19,962 [  60951]   INFO - #c.i.u.i.IndexingReasonExplanationLogger - Scanner has updated file jandex-3.0.5.jar (id=88513) with appliers: [SingleIndexValueApplier{indexId=filetypes, inputId=88513, fileInfo='jandex-3.0.5.jar(id=88513)'}] and removers: []; 
2026-05-27 01:59:19,962 [  60951]   INFO - #c.i.u.i.IndexingReasonExplanationLogger - Scanner has updated file classmate-1.5.1.jar (id=88509) with appliers: [SingleIndexValueApplier{indexId=filetypes, inputId=88509, fileInfo='classmate-1.5.1.jar(id=88509)'}] and removers: []; 
2026-05-27 01:59:19,962 [  60951]   INFO - #c.i.u.i.IndexingReasonExplanationLogger - Scanner has updated file jaxb-core-4.0.2.jar (id=88532) with appliers: [SingleIndexValueApplier{indexId=filetypes, inputId=88532, fileInfo='jaxb-core-4.0.2.jar(id=88532)'}] and removers: []; 
2026-05-27 01:59:19,963 [  60952]   INFO - #c.i.u.i.IndexingReasonExplanationLogger - Scanner has updated file postgresql-42.6.0.jar (id=88536) with appliers: [SingleIndexValueApplier{indexId=filetypes, inputId=88536, fileInfo='postgresql-42.6.0.jar(id=88536)'}] and removers: []; 
2026-05-27 01:59:19,963 [  60952]   INFO - #c.i.u.i.IndexingReasonExplanationLogger - Scanner has updated file byte-buddy-1.12.18.jar (id=88533) with appliers: [SingleIndexValueApplier{indexId=filetypes, inputId=88533, fileInfo='byte-buddy-1.12.18.jar(id=88533)'}] and removers: []; 
2026-05-27 01:59:19,963 [  60952]   INFO - #c.i.u.i.IndexingReasonExplanationLogger - Scanner has updated file jaxb-runtime-4.0.2.jar (id=88507) with appliers: [SingleIndexValueApplier{indexId=filetypes, inputId=88507, fileInfo='jaxb-runtime-4.0.2.jar(id=88507)'}] and removers: []; 
2026-05-27 01:59:19,963 [  60952]   INFO - #c.i.u.i.IndexingReasonExplanationLogger - Scanner has updated file checker-qual-3.31.0.jar (id=88527) with appliers: [SingleIndexValueApplier{indexId=filetypes, inputId=88527, fileInfo='checker-qual-3.31.0.jar(id=88527)'}] and removers: []; 
2026-05-27 01:59:19,963 [  60952]   INFO - #c.i.u.i.IndexingReasonExplanationLogger - Scanner has updated file jakarta.el-api-5.0.1.jar (id=88521) with appliers: [SingleIndexValueApplier{indexId=filetypes, inputId=88521, fileInfo='jakarta.el-api-5.0.1.jar(id=88521)'}] and removers: []; 
2026-05-27 01:59:19,987 [  60976]   INFO - #o.j.i.maven - Updating index list for project Project(name=opi3, containerState=COMPONENT_CREATED, componentStore=/home/evgrart/opi3)
2026-05-27 01:59:19,990 [  60979]   INFO - #o.j.i.maven - updating index list for Project(name=opi3, containerState=COMPONENT_CREATED, componentStore=/home/evgrart/opi3) - will add repository local:local:/home/evgrart/.m2/repository, before was null
2026-05-27 01:59:19,994 [  60983]   WARN - #o.j.i.maven - updateAllMavenProjects started: incremental=true, MavenProjectsManagerEx.addManagedFilesWithProfilesAndUpdate opi3
2026-05-27 01:59:20,000 [  60989]   INFO - #o.j.i.maven - Starting update maven index for local:local:/home/evgrart/.m2/repository
2026-05-27 01:59:20,449 [  61438]   INFO - #c.i.u.i.UnindexedFilesScanner - [81207af4] Scanning completed for [opi3]. Number of scanned files: 238; number of files for indexing: 144
2026-05-27 01:59:20,454 [  61443]   INFO - #c.i.o.p.UnindexedFilesScannerExecutor - [81207af4] Task finished (scanning id=2): com.intellij.util.indexing.UnindexedFilesScannerExecutorImpl$ScheduledScanningTask@7efabd9b
2026-05-27 01:59:20,529 [  61518]   INFO - #o.j.i.maven - GAV index updated for repo /home/evgrart/.m2/repository, 1458 files processed in 199 groups in 523 millis, succeed = true
2026-05-27 01:59:20,733 [  61722]   INFO - #c.i.o.p.DumbServiceImpl - enter dumb mode [opi3]
2026-05-27 01:59:20,736 [  61725]   INFO - #c.i.o.p.MergingQueueGuiExecutor - Running task: (dumb mode task) UnindexedFilesIndexer[opi3, reasons: [Changes from WorkspaceFileIndex (1 iterators)]]
2026-05-27 01:59:20,737 [  61726]   INFO - #c.i.u.i.FileBasedIndexImpl - Indexes are already loaded
2026-05-27 01:59:20,738 [  61727]   INFO - #c.i.u.i.c.IndexUpdateRunner - Using 8 workers for indexing and 4 for writing indexes
2026-05-27 01:59:20,893 [  61882]   INFO - #o.j.i.maven - preimport statistics: linked: 1 of 1 with total 1 modules interpolated 8 of 8, 0 modules added. This statistics calculated for 0 millis
2026-05-27 01:59:20,929 [  61918]   INFO - #o.j.i.maven - Importing Maven project using Workspace API
2026-05-27 01:59:21,526 [  62515]   INFO - #c.i.w.i.i.WorkspaceModelImpl - Workspace model update attempt 1/3, updater took 92 ms: Maven update project model
2026-05-27 01:59:21,531 [  62520]   INFO - #c.i.o.p.i.ProgressManagerImpl - checkCancelled is invoked while write-action is pending. nonCancellable: false, hasProgressIndicator: false, hasContextJob: true, hasNoneBehavior: false, hasOnlyHooksBehavior: true, cancelled: false
2026-05-27 01:59:21,649 [  62638]   INFO - #c.i.w.i.i.EntitiesOrphanageImpl - Update orphanage. 0 modules added
2026-05-27 01:59:21,652 [  62641]   INFO - #c.i.w.i.i.WorkspaceModelImpl - Project model for project opi3 updated to version 10: Maven update project model
2026-05-27 01:59:21,654 [  62643]   INFO - #c.i.w.i.i.WorkspaceModelImpl - Workspace model updated in 232 ms: Maven update project model
2026-05-27 01:59:21,655 [  62644]   INFO - #c.i.o.p.i.ProgressManagerImpl - checkCancelled is invoked while write-action is pending. nonCancellable: false, hasProgressIndicator: false, hasContextJob: true, hasNoneBehavior: false, hasOnlyHooksBehavior: false, cancelled: true
2026-05-27 01:59:21,740 [  62729]   INFO - #o.j.i.m.i.w.WorkspaceProjectImporter - Project model updated to version 10 (attempts: 0, previous version: 9)
2026-05-27 01:59:21,784 [  62773]   INFO - #o.j.i.maven - [maven import] applying models to workspace model took 853ms
2026-05-27 01:59:21,799 [  62788]   INFO - #c.i.o.p.i.ProgressManagerImpl - checkCancelled is invoked while write-action is pending. nonCancellable: false, hasProgressIndicator: false, hasContextJob: true, hasNoneBehavior: false, hasOnlyHooksBehavior: true, cancelled: false
2026-05-27 01:59:22,005 [  62994]   INFO - #c.i.e.r.RemoteProcessSupport - Starring remote process. Existing info not found, creating PendingInfo:<DeferredCoroutine{Active}@745c6fbd,>
2026-05-27 01:59:22,032 [  63021]   INFO - #o.j.i.maven - Using extension org.jetbrains.idea.maven.maven3.Maven3Support@5decd69c to start MavenServer
2026-05-27 01:59:22,183 [  63172]   INFO - #c.i.e.r.RemoteProcessSupport - Remote process system:/home/evgrart/.jdks/ms-17.0.15/bin/java -Djava.awt.headless=true -Dmaven.defaultProjectBuilder.disableGlobalModelCache=true -Ddelegate.ssl.to.ide=true -Didea.version=2026.1.2 -Didea.maven.embedder.version=3.9.11 -Xmx768m -Dsun.rmi.server.exceptionTrace=true -Dmaven.ext.class.path=/home/evgrart/.cache/JetBrains/Qodana/qodana-QDJVMC-261.24091.87.tar/plugins/maven/lib/intellij.maven.rt/maven-event-listener.jar -Dfile.encoding=UTF-8 -classpath /home/evgrart/.cache/JetBrains/Qodana/qodana-QDJVMC-261.24091.87.tar/plugins/repository-search/lib/maven-model.jar:/home/evgrart/.cache/JetBrains/Qodana/qodana-QDJVMC-261.24091.87.tar/plugins/maven/lib/maven-server.jar:/home/evgrart/.cache/JetBrains/Qodana/qodana-QDJVMC-261.24091.87.tar/plugins/maven/lib/intellij.maven.rt/maven-event-listener.jar:/home/evgrart/.cache/JetBrains/Qodana/qodana-QDJVMC-261.24091.87.tar/lib/opentelemetry.jar:/home/evgrart/.cache/JetBrains/Qodana/qodana-QDJVMC-261.24091.87.tar/plugins/maven/lib/intellij.maven.server3/archetype-catalog-2.2.jar:/home/evgrart/.cache/JetBrains/Qodana/qodana-QDJVMC-261.24091.87.tar/plugins/maven/lib/intellij.maven.server3/maven-dependency-tree-1.2.jar:/home/evgrart/.cache/JetBrains/Qodana/qodana-QDJVMC-261.24091.87.tar/plugins/maven/lib/intellij.maven.server3/jackson-core-2.16.0.jar:/home/evgrart/.cache/JetBrains/Qodana/qodana-QDJVMC-261.24091.87.tar/plugins/maven/lib/intellij.maven.server3/maven-server-telemetry.jar:/home/evgrart/.cache/JetBrains/Qodana/qodana-QDJVMC-261.24091.87.tar/plugins/maven/lib/intellij.maven.server3/archetype-descriptor-2.2.jar:/home/evgrart/.cache/JetBrains/Qodana/qodana-QDJVMC-261.24091.87.tar/plugins/maven/lib/intellij.maven.server3/maven3-server.jar:/home/evgrart/.cache/JetBrains/Qodana/qodana-QDJVMC-261.24091.87.tar/plugins/maven/lib/intellij.maven.server3/nexus-indexer-3.0.4.jar:/home/evgrart/.cache/JetBrains/Qodana/qodana-QDJVMC-261.24091.87.tar/plugins/maven/lib/intellij.maven.server3/lucene-core-2.4.1.jar:/home/evgrart/.cache/JetBrains/Qodana/qodana-QDJVMC-261.24091.87.tar/plugins/maven/lib/intellij.maven.server3/nexus-indexer-artifact-1.0.1.jar:/home/evgrart/.cache/JetBrains/Qodana/qodana-QDJVMC-261.24091.87.tar/plugins/maven/lib/intellij.maven.server3/maven3-server-common.jar:/home/evgrart/.cache/JetBrains/Qodana/qodana-QDJVMC-261.24091.87.tar/plugins/maven/lib/intellij.maven.server3/archetype-common-2.2.jar:/home/evgrart/.cache/JetBrains/Qodana/qodana-QDJVMC-261.24091.87.tar/plugins/maven/lib/intellij.maven.server36/maven36-server.jar:/home/evgrart/.cache/JetBrains/Qodana/qodana-QDJVMC-261.24091.87.tar/plugins/maven/lib/maven3/lib/jspecify-1.0.0.jar:/home/evgrart/.cache/JetBrains/Qodana/qodana-QDJVMC-261.24091.87.tar/plugins/maven/lib/maven3/lib/javax.inject-1.jar:/home/evgrart/.cache/JetBrains/Qodana/qodana-QDJVMC-261.24091.87.tar/plugins/maven/lib/maven3/lib/httpcore-4.4.16.jar:/home/evgrart/.cache/JetBrains/Qodana/qodana-QDJVMC-261.24091.87.tar/plugins/maven/lib/maven3/lib/plexus-sec-dispatcher-2.0.jar:/home/evgrart/.cache/JetBrains/Qodana/qodana-QDJVMC-261.24091.87.tar/plugins/maven/lib/maven3/lib/wagon-http-shared-3.5.3.jar:/home/evgrart/.cache/JetBrains/Qodana/qodana-QDJVMC-261.24091.87.tar/plugins/maven/lib/maven3/lib/plexus-utils-3.6.0.jar:/home/evgrart/.cache/JetBrains/Qodana/qodana-QDJVMC-261.24091.87.tar/plugins/maven/lib/maven3/lib/guava-33.4.8-jre.jar:/home/evgrart/.cache/JetBrains/Qodana/qodana-QDJVMC-261.24091.87.tar/plugins/maven/lib/maven3/lib/plexus-component-annotations-2.2.0.jar:/home/evgrart/.cache/JetBrains/Qodana/qodana-QDJVMC-261.24091.87.tar/plugins/maven/lib/maven3/lib/plexus-interpolation-1.28.jar:/home/evgrart/.cache/JetBrains/Qodana/qodana-QDJVMC-261.24091.87.tar/plugins/maven/lib/maven3/lib/maven-settings-builder-3.9.11.jar:/home/evgrart/.cache/JetBrains/Qodana/qodana-QDJVMC-261.24091.87.tar/plugins/maven/lib/maven3/lib/maven-settings-3.9.11.jar:/home/evgrart/.cache/JetBrains/Qodana/qodana-QDJVMC-261.24091.87.tar/plugins/maven/lib/maven3/lib/jansi-2.4.2.jar:/home/evgrart/.cache/JetBrains/Qodana/qodana-QDJVMC-261.24091.87.tar/plugins/maven/lib/maven3/lib/maven-resolver-transport-file-1.9.24.jar:/home/evgrart/.cache/JetBrains/Qodana/qodana-QDJVMC-261.24091.87.tar/plugins/maven/lib/maven3/lib/maven-resolver-connector-basic-1.9.24.jar:/home/evgrart/.cache/JetBrains/Qodana/qodana-QDJVMC-261.24091.87.tar/plugins/maven/lib/maven3/lib/aopalliance-1.0.jar:/home/evgrart/.cache/JetBrains/Qodana/qodana-QDJVMC-261.24091.87.tar/plugins/maven/lib/maven3/lib/org.eclipse.sisu.plexus-0.9.0.M4.jar:/home/evgrart/.cache/JetBrains/Qodana/qodana-QDJVMC-261.24091.87.tar/plugins/maven/lib/maven3/lib/maven-repository-metadata-3.9.11.jar:/home/evgrart/.cache/JetBrains/Qodana/qodana-QDJVMC-261.24091.87.tar/plugins/maven/lib/maven3/lib/maven-resolver-api-1.9.24.jar:/home/evgrart/.cache/JetBrains/Qodana/qodana-QDJVMC-261.24091.87.tar/plugins/maven/lib/maven3/lib/maven-resolver-util-1.9.24.jar:/home/evgrart/.cache/JetBrains/Qodana/qodana-QDJVMC-261.24091.87.tar/plugins/maven/lib/maven3/lib/guice-5.1.0-classes.jar:/home/evgrart/.cache/JetBrains/Qodana/qodana-QDJVMC-261.24091.87.tar/plugins/maven/lib/maven3/lib/maven-resolver-spi-1.9.24.jar:/home/evgrart/.cache/JetBrains/Qodana/qodana-QDJVMC-261.24091.87.tar/plugins/maven/lib/maven3/lib/maven-resolver-named-locks-1.9.24.jar:/home/evgrart/.cache/JetBrains/Qodana/qodana-QDJVMC-261.24091.87.tar/plugins/maven/lib/maven3/lib/wagon-provider-api-3.5.3.jar:/home/evgrart/.cache/JetBrains/Qodana/qodana-QDJVMC-261.24091.87.tar/plugins/maven/lib/maven3/lib/maven-model-3.9.11.jar:/home/evgrart/.cache/JetBrains/Qodana/qodana-QDJVMC-261.24091.87.tar/plugins/maven/lib/maven3/lib/maven-artifact-3.9.11.jar:/home/evgrart/.cache/JetBrains/Qodana/qodana-QDJVMC-261.24091.87.tar/plugins/maven/lib/maven3/lib/asm-9.8.jar:/home/evgrart/.cache/JetBrains/Qodana/qodana-QDJVMC-261.24091.87.tar/plugins/maven/lib/maven3/lib/maven-model-builder-3.9.11.jar:/home/evgrart/.cache/JetBrains/Qodana/qodana-QDJVMC-261.24091.87.tar/plugins/maven/lib/maven3/lib/maven-shared-utils-3.4.2.jar:/home/evgrart/.cache/JetBrains/Qodana/qodana-QDJVMC-261.24091.87.tar/plugins/maven/lib/maven3/lib/jcl-over-slf4j-1.7.36.jar:/home/evgrart/.cache/JetBrains/Qodana/qodana-QDJVMC-261.24091.87.tar/plugins/maven/lib/maven3/lib/maven-core-3.9.11.jar:/home/evgrart/.cache/JetBrains/Qodana/qodana-QDJVMC-261.24091.87.tar/plugins/maven/lib/maven3/lib/commons-cli-1.9.0.jar:/home/evgrart/.cache/JetBrains/Qodana/qodana-QDJVMC-261.24091.87.tar/plugins/maven/lib/maven3/lib/maven-resolver-provider-3.9.11.jar:/home/evgrart/.cache/JetBrains/Qodana/qodana-QDJVMC-261.24091.87.tar/plugins/maven/lib/maven3/lib/wagon-http-3.5.3.jar:/home/evgrart/.cache/JetBrains/Qodana/qodana-QDJVMC-261.24091.87.tar/plugins/maven/lib/maven3/lib/maven-compat-3.9.11.jar:/home/evgrart/.cache/JetBrains/Qodana/qodana-QDJVMC-261.24091.87.tar/plugins/maven/lib/maven3/lib/gson-2.13.1.jar:/home/evgrart/.cache/JetBrains/Qodana/qodana-QDJVMC-261.24091.87.tar/plugins/maven/lib/maven3/lib/maven-resolver-transport-http-1.9.24.jar:/home/evgrart/.cache/JetBrains/Qodana/qodana-QDJVMC-261.24091.87.tar/plugins/maven/lib/maven3/lib/maven-resolver-impl-1.9.24.jar:/home/evgrart/.cache/JetBrains/Qodana/qodana-QDJVMC-261.24091.87.tar/plugins/maven/lib/maven3/lib/failureaccess-1.0.3.jar:/home/evgrart/.cache/JetBrains/Qodana/qodana-QDJVMC-261.24091.87.tar/plugins/maven/lib/maven3/lib/plexus-cipher-2.0.jar:/home/evgrart/.cache/JetBrains/Qodana/qodana-QDJVMC-261.24091.87.tar/plugins/maven/lib/maven3/lib/maven-builder-support-3.9.11.jar:/home/evgrart/.cache/JetBrains/Qodana/qodana-QDJVMC-261.24091.87.tar/plugins/maven/lib/maven3/lib/slf4j-api-1.7.36.jar:/home/evgrart/.cache/JetBrains/Qodana/qodana-QDJVMC-261.24091.87.tar/plugins/maven/lib/maven3/lib/javax.annotation-api-1.3.2.jar:/home/evgrart/.cache/JetBrains/Qodana/qodana-QDJVMC-261.24091.87.tar/plugins/maven/lib/maven3/lib/commons-codec-1.18.0.jar:/home/evgrart/.cache/JetBrains/Qodana/qodana-QDJVMC-261.24091.87.tar/plugins/maven/lib/maven3/lib/wagon-file-3.5.3.jar:/home/evgrart/.cache/JetBrains/Qodana/qodana-QDJVMC-261.24091.87.tar/plugins/maven/lib/maven3/lib/maven-embedder-3.9.11.jar:/home/evgrart/.cache/JetBrains/Qodana/qodana-QDJVMC-261.24091.87.tar/plugins/maven/lib/maven3/lib/error_prone_annotations-2.38.0.jar:/home/evgrart/.cache/JetBrains/Qodana/qodana-QDJVMC-261.24091.87.tar/plugins/maven/lib/maven3/lib/maven-resolver-transport-wagon-1.9.24.jar:/home/evgrart/.cache/JetBrains/Qodana/qodana-QDJVMC-261.24091.87.tar/plugins/maven/lib/maven3/lib/org.eclipse.sisu.inject-0.9.0.M4.jar:/home/evgrart/.cache/JetBrains/Qodana/qodana-QDJVMC-261.24091.87.tar/plugins/maven/lib/maven3/lib/maven-plugin-api-3.9.11.jar:/home/evgrart/.cache/JetBrains/Qodana/qodana-QDJVMC-261.24091.87.tar/plugins/maven/lib/maven3/lib/httpclient-4.5.14.jar:/home/evgrart/.cache/JetBrains/Qodana/qodana-QDJVMC-261.24091.87.tar/plugins/maven/lib/maven3/boot/plexus-classworlds-2.9.0.jar:/home/evgrart/.cache/JetBrains/Qodana/qodana-QDJVMC-261.24091.87.tar/plugins/maven/lib/maven3/boot/plexus-classworlds.license:/home/evgrart/.cache/JetBrains/Qodana/qodana-QDJVMC-261.24091.87.tar/lib/util_rt.jar:/home/evgrart/.cache/JetBrains/Qodana/qodana-QDJVMC-261.24091.87.tar/lib/annotations.jar:/home/evgrart/.cache/JetBrains/Qodana/qodana-QDJVMC-261.24091.87.tar/lib/util-8.jar org.jetbrains.idea.maven.server.RemoteMavenServer36

2026-05-27 01:59:22,191 [  63180]   INFO - #c.i.e.r.RemoteProcessSupport - Staring remote process, startNotified received, creating PendingInfo: <DeferredCoroutine{Active}@745c6fbd,>
2026-05-27 01:59:22,193 [  63182]   INFO - #o.j.i.maven - Sent token to maven server
2026-05-27 01:59:22,676 [  63665]   INFO - #c.i.u.i.ProjectChangedFilesScanner - Retrieving changed during indexing files of opi3 : 1 to update, calculated in 0ms
2026-05-27 01:59:22,699 [  63688]   INFO - #c.i.u.i.UnindexedFilesIndexer - Finished for opi3. Unindexed files update took 1962ms; general responsiveness: ok; EDT responsiveness: ok
2026-05-27 01:59:22,702 [  63691]   INFO - #c.i.o.p.MergingQueueGuiExecutor - Task finished: (dumb mode task) UnindexedFilesIndexer[opi3, reasons: [Changes from WorkspaceFileIndex (1 iterators)]]
2026-05-27 01:59:22,705 [  63694]   INFO - #c.i.o.p.UnindexedFilesScannerExecutor - [81207af4] Running task: com.intellij.util.indexing.UnindexedFilesScannerExecutorImpl$ScheduledScanningTask@3405bb98
2026-05-27 01:59:22,707 [  63696]   INFO - #c.i.o.p.DumbServiceImpl - exit dumb mode [opi3]
2026-05-27 01:59:22,707 [  63696]   INFO - STDOUT - [IDE]: Task 'Analyzing project to enable smart features' ended
2026-05-27 01:59:22,711 [  63700]   INFO - #c.i.u.i.UnindexedFilesScanner - [81207af4] scanning stage (scanning id=3): DelayedPushProperties
2026-05-27 01:59:22,711 [  63700]   INFO - #c.i.u.i.FileBasedIndexImpl - Indexes are already loaded
2026-05-27 01:59:22,711 [  63700]   INFO - #c.i.u.i.UnindexedFilesScanner - [81207af4] Started scanning for indexing of [opi3]. Reason: Merged Changes from WorkspaceFileIndex (14 iterators) with changes in: "External roots from entity (postgresql-42.6.0.jar; empty; empty; empty)", "External roots from entity (hibernate-core-6.2.7.Final.jar; empty; empty; empty)", "External roots from entity (primefaces-13.0.0-jakarta.jar; empty; empty; empty)", "External roots from entity (jakarta.jakartaee-web-api-10.0.0.jar; empty; jakarta.jakartaee-web-api-10.0.0-sources.jar; empty)", "External roots from entity (junit-jupiter-5.10.2.jar; empty; empty; empty)", "External roots from entity (primefaces-extensions-13.0.0-jakarta.jar; empty; empty; empty)", "External roots from entity (gson-2.10.1.jar; empty; gson-2.10.1-sources.jar; empty)"
2026-05-27 01:59:22,711 [  63700]   INFO - #c.i.u.i.UnindexedFilesScanner - [81207af4] scanning stage (scanning id=3): CreatingIterators
2026-05-27 01:59:22,711 [  63700]   INFO - #c.i.u.i.UnindexedFilesScanner - [81207af4] scanning stage (scanning id=3): CollectingIndexableFiles
2026-05-27 01:59:22,711 [  63700]   INFO - #c.i.u.i.UnindexedFilesScanner - Scanning of [opi3] uses 8 scanning threads
2026-05-27 01:59:22,733 [  63722]   INFO - #c.i.u.i.IndexingReasonExplanationLogger - Scheduling indexing of AreaHitServiceTest.java (id=88491) by request of indexes: [java.binary.plus.expression->NOT_INDEXED(not indexed),java.fun.expression->NOT_INDEXED(not indexed),java.null.method.argument->NOT_INDEXED(not indexed),Stubs->NOT_INDEXED(not indexed),]. 
2026-05-27 01:59:22,740 [  63729]   INFO - #c.i.u.i.IndexingReasonExplanationLogger - Scheduling indexing of Messages.java (id=88463) by request of indexes: [java.binary.plus.expression->NOT_INDEXED(not indexed),java.fun.expression->NOT_INDEXED(not indexed),java.null.method.argument->NOT_INDEXED(not indexed),Stubs->NOT_INDEXED(not indexed),]. 
2026-05-27 01:59:22,740 [  63729]   INFO - #c.i.u.i.IndexingReasonExplanationLogger - Scheduling indexing of HibernateUtil.java (id=88462) by request of indexes: [java.binary.plus.expression->NOT_INDEXED(not indexed),java.fun.expression->NOT_INDEXED(not indexed),java.null.method.argument->NOT_INDEXED(not indexed),Stubs->NOT_INDEXED(not indexed),]. 
2026-05-27 01:59:22,740 [  63729]   INFO - #c.i.u.i.IndexingReasonExplanationLogger - Scheduling indexing of AreaCheckBean.java (id=88464) by request of indexes: [java.binary.plus.expression->NOT_INDEXED(not indexed),java.fun.expression->NOT_INDEXED(not indexed),java.null.method.argument->NOT_INDEXED(not indexed),Stubs->NOT_INDEXED(not indexed),]. 
2026-05-27 01:59:22,741 [  63730]   INFO - #c.i.u.i.IndexingReasonExplanationLogger - Scheduling indexing of CheckResult.java (id=88465) by request of indexes: [java.binary.plus.expression->NOT_INDEXED(not indexed),java.fun.expression->NOT_INDEXED(not indexed),java.null.method.argument->NOT_INDEXED(not indexed),Stubs->NOT_INDEXED(not indexed),]. 
2026-05-27 01:59:22,743 [  63732]   INFO - #c.i.u.i.IndexingReasonExplanationLogger - Scheduling indexing of AreaHitService.java (id=88466) by request of indexes: [java.binary.plus.expression->NOT_INDEXED(not indexed),java.fun.expression->NOT_INDEXED(not indexed),java.null.method.argument->NOT_INDEXED(not indexed),Stubs->NOT_INDEXED(not indexed),]. 
2026-05-27 01:59:22,748 [  63737]   INFO - #c.i.u.i.IndexingReasonExplanationLogger - Scheduling indexing of App.java (id=88457) by request of indexes: [java.binary.plus.expression->NOT_INDEXED(not indexed),java.fun.expression->NOT_INDEXED(not indexed),java.null.method.argument->NOT_INDEXED(not indexed),Stubs->NOT_INDEXED(not indexed),]. 
2026-05-27 01:59:22,752 [  63741]   INFO - #c.i.u.i.IndexingReasonExplanationLogger - Scanner has updated file gson-2.10.1-sources.jar (id=88843) with appliers: [SingleIndexValueApplier{indexId=java.auto.module.name, inputId=88843, fileInfo='gson-2.10.1-sources.jar(id=88843)'}] and removers: []; 
2026-05-27 01:59:22,753 [  63742]   INFO - #c.i.u.i.IndexingReasonExplanationLogger - Scanner has updated file junit-jupiter-5.10.2.jar (id=88828) with appliers: [SingleIndexValueApplier{indexId=java.auto.module.name, inputId=88828, fileInfo='junit-jupiter-5.10.2.jar(id=88828)'}] and removers: []; 
2026-05-27 01:59:22,756 [  63745]   INFO - #c.i.u.i.IndexingReasonExplanationLogger - Scheduling indexing of LICENSE.md (id=89220) by request of indexes: [org.jetbrains.kotlin.idea.vfilefinder.KotlinStdlibIndex->NOT_INDEXED(not indexed),filetypes->NOT_INDEXED(not indexed),Trigram.Index->NOT_INDEXED(not indexed),IdIndex->NOT_INDEXED(not indexed),]. Scanner has updated file LICENSE.md (id=89220) with appliers: [SingleIndexValueApplier{indexId=filetypes, inputId=89220, fileInfo='LICENSE.md(id=89220)'}] and removers: []; 
2026-05-27 01:59:22,756 [  63745]   INFO - #c.i.u.i.IndexingReasonExplanationLogger - Scheduling indexing of MANIFEST.MF (id=89218) by request of indexes: [org.jetbrains.kotlin.idea.vfilefinder.KotlinStdlibIndex->NOT_INDEXED(not indexed),filetypes->NOT_INDEXED(not indexed),Trigram.Index->NOT_INDEXED(not indexed),IdIndex->NOT_INDEXED(not indexed),java.source.module.name->NOT_INDEXED(not indexed),]. Scanner has updated file MANIFEST.MF (id=89218) with appliers: [SingleIndexValueApplier{indexId=filetypes, inputId=89218, fileInfo='MANIFEST.MF(id=89218)'}] and removers: []; 
2026-05-27 01:59:22,758 [  63747]   INFO - #c.i.u.i.IndexingReasonExplanationLogger - Scheduling indexing of JsonScope.java (id=89570) by request of indexes: [filetypes->NOT_INDEXED(not indexed),IdIndex->NOT_INDEXED(not indexed),]. Scanner has updated file JsonScope.java (id=89570) with appliers: [SingleIndexValueApplier{indexId=filetypes, inputId=89570, fileInfo='JsonScope.java(id=89570)'}] and removers: []; 
2026-05-27 01:59:22,760 [  63749]   INFO - #c.i.u.i.IndexingReasonExplanationLogger - Scanner has updated file gson-2.10.1.jar (id=88841) with appliers: [SingleIndexValueApplier{indexId=java.auto.module.name, inputId=88841, fileInfo='gson-2.10.1.jar(id=88841)'}] and removers: []; 
2026-05-27 01:59:22,884 [  63873]   INFO - #c.i.u.i.IndexingReasonExplanationLogger - Scanner has updated file primefaces-extensions-13.0.0-jakarta.jar (id=88833) with appliers: [SingleIndexValueApplier{indexId=java.auto.module.name, inputId=88833, fileInfo='primefaces-extensions-13.0.0-jakarta.jar(id=88833)'}] and removers: []; 
2026-05-27 01:59:22,906 [  63895]   INFO - #c.i.u.i.IndexingReasonExplanationLogger - Scanner has updated file postgresql-42.6.0.jar (id=88803) with appliers: [SingleIndexValueApplier{indexId=java.auto.module.name, inputId=88803, fileInfo='postgresql-42.6.0.jar(id=88803)'}] and removers: []; 
2026-05-27 01:59:22,932 [  63921]   INFO - #c.i.u.i.IndexingReasonExplanationLogger - Scanner has updated file toggle-dn.gif (id=92273) with appliers: [SingleIndexValueApplier{indexId=filetypes, inputId=92273, fileInfo='toggle-dn.gif(id=92273)'}] and removers: []; 
2026-05-27 01:59:22,933 [  63922]   INFO - #c.i.u.i.IndexingReasonExplanationLogger - Scanner has updated file toggle-lt.gif (id=92280) with appliers: [SingleIndexValueApplier{indexId=filetypes, inputId=92280, fileInfo='toggle-lt.gif(id=92280)'}] and removers: []; 
2026-05-27 01:59:22,934 [  63923]   INFO - #c.i.u.i.IndexingReasonExplanationLogger - Scanner has updated file toggle-rt.gif (id=92274) with appliers: [SingleIndexValueApplier{indexId=filetypes, inputId=92274, fileInfo='toggle-rt.gif(id=92274)'}] and removers: []; 
2026-05-27 01:59:22,935 [  63924]   INFO - #c.i.u.i.IndexingReasonExplanationLogger - Scanner has updated file toggle-up.gif (id=92270) with appliers: [SingleIndexValueApplier{indexId=filetypes, inputId=92270, fileInfo='toggle-up.gif(id=92270)'}] and removers: []; 
2026-05-27 01:59:22,936 [  63925]   INFO - #c.i.u.i.IndexingReasonExplanationLogger - Scanner has updated file resizable-e.gif (id=92279) with appliers: [SingleIndexValueApplier{indexId=filetypes, inputId=92279, fileInfo='resizable-e.gif(id=92279)'}] and removers: []; 
2026-05-27 01:59:23,230 [  64219]   INFO - #c.i.e.r.RemoteProcessSupport - Started remote process on: 127.0.0.1:25239with service port 38455 and id = Maven36ServerImpl106cd17f
2026-05-27 01:59:23,246 [  64235]   INFO - #c.i.o.p.i.ProgressManagerImpl - checkCancelled is invoked while write-action is pending. nonCancellable: false, hasProgressIndicator: false, hasContextJob: true, hasNoneBehavior: false, hasOnlyHooksBehavior: true, cancelled: false
2026-05-27 01:59:23,928 [  64917]   INFO - #c.i.u.i.UnindexedFilesScanner - [81207af4] Scanning completed for [opi3]. Number of scanned files: 13202; number of files for indexing: 12796
2026-05-27 01:59:23,934 [  64923]   INFO - #c.i.o.p.UnindexedFilesScannerExecutor - [81207af4] Task finished (scanning id=3): com.intellij.util.indexing.UnindexedFilesScannerExecutorImpl$ScheduledScanningTask@3405bb98
2026-05-27 01:59:23,940 [  64929]   INFO - #c.i.o.p.DumbServiceImpl - enter dumb mode [opi3]
2026-05-27 01:59:23,943 [  64932]   INFO - #c.i.o.p.MergingQueueGuiExecutor - Running task: (dumb mode task) UnindexedFilesIndexer[opi3, reasons: [Merged Changes from WorkspaceFileIndex (14 iterators) with changes in: "External roots from entity (postgresql-42.6.0.jar; empty; empty; empty)", "External roots from entity (hibernate-core-6.2.7.Final.jar; empty; empty; empty)", "External roots from entity (primefaces-13.0.0-jakarta.jar; empty; empty; empty)", "External roots from entity (jakarta.jakartaee-web-api-10.0.0.jar; empty; jakarta.jakartaee-web-api-10.0.0-sources.jar; empty)", "External roots from entity (junit-jupiter-5.10.2.jar; empty; empty; empty)", "External roots from entity (primefaces-extensions-13.0.0-jakarta.jar; empty; empty; empty)", "External roots from entity (gson-2.10.1.jar; empty; gson-2.10.1-sources.jar; empty)"]]
2026-05-27 01:59:23,944 [  64933]   INFO - #c.i.u.i.FileBasedIndexImpl - Indexes are already loaded
2026-05-27 01:59:23,945 [  64934]   INFO - #c.i.u.i.c.IndexUpdateRunner - Using 8 workers for indexing and 4 for writing indexes
2026-05-27 01:59:31,494 [  72483]   INFO - #c.i.u.i.ProjectChangedFilesScanner - Retrieving changed during indexing files of opi3 : 7 to update, calculated in 72ms
2026-05-27 01:59:31,536 [  72525]   INFO - #c.i.u.i.UnindexedFilesIndexer - Finished for opi3. Unindexed files update took 7592ms; general responsiveness: ok; EDT responsiveness: ok
2026-05-27 01:59:31,538 [  72527]   INFO - #c.i.o.p.MergingQueueGuiExecutor - Task finished: (dumb mode task) UnindexedFilesIndexer[opi3, reasons: [Merged Changes from WorkspaceFileIndex (14 iterators) with changes in: "External roots from entity (postgresql-42.6.0.jar; empty; empty; empty)", "External roots from entity (hibernate-core-6.2.7.Final.jar; empty; empty; empty)", "External roots from entity (primefaces-13.0.0-jakarta.jar; empty; empty; empty)", "External roots from entity (jakarta.jakartaee-web-api-10.0.0.jar; empty; jakarta.jakartaee-web-api-10.0.0-sources.jar; empty)", "External roots from entity (junit-jupiter-5.10.2.jar; empty; empty; empty)", "External roots from entity (primefaces-extensions-13.0.0-jakarta.jar; empty; empty; empty)", "External roots from entity (gson-2.10.1.jar; empty; gson-2.10.1-sources.jar; empty)"]]
2026-05-27 01:59:31,541 [  72530]   INFO - STDOUT - [IDE]: Task 'Analyzing project to enable smart features' ended
2026-05-27 01:59:31,543 [  72532]   INFO - #c.i.o.p.DumbServiceImpl - exit dumb mode [opi3]
2026-05-27 01:59:31,567 [  72556]   INFO - #o.j.i.maven - maven plugin resolution started: [org.apache.maven.plugins:maven-compiler-plugin:3.11.0, org.apache.maven.plugins:maven-resources-plugin:3.3.1, org.apache.maven.plugins:maven-war-plugin:3.4.0, org.apache.maven.plugins:maven-site-plugin:3.12.1, org.apache.maven.plugins:maven-install-plugin:3.1.2, org.apache.maven.plugins:maven-surefire-plugin:3.2.5, org.apache.maven.plugins:maven-clean-plugin:3.2.0, org.apache.maven.plugins:maven-deploy-plugin:3.1.2]
2026-05-27 01:59:31,590 [  72579]   INFO - #o.j.i.maven - Importing Maven project using Workspace API
2026-05-27 01:59:31,807 [  72796]   INFO - #c.i.w.i.i.WorkspaceModelImpl - Workspace model update attempt 1/3, updater took 80 ms: Maven update project model
2026-05-27 01:59:32,072 [  73061]   INFO - #c.i.o.p.UnindexedFilesScannerExecutor - [81207af4] Running task: com.intellij.util.indexing.UnindexedFilesScannerExecutorImpl$ScheduledScanningTask@7ee71b5b
2026-05-27 01:59:32,078 [  73067]   INFO - #c.i.w.i.i.EntitiesOrphanageImpl - Update orphanage. 0 modules added
2026-05-27 01:59:32,083 [  73072]   INFO - #c.i.w.i.i.WorkspaceModelImpl - Project model for project opi3 updated to version 11: Maven update project model
2026-05-27 01:59:32,084 [  73073]   INFO - #c.i.w.i.i.WorkspaceModelImpl - Workspace model updated in 365 ms: Maven update project model
2026-05-27 01:59:32,087 [  73076]   INFO - #c.i.u.i.UnindexedFilesScanner - [81207af4] scanning stage (scanning id=4): DelayedPushProperties
2026-05-27 01:59:32,089 [  73078]   INFO - #c.i.o.p.i.ProgressManagerImpl - checkCancelled is invoked while write-action is pending. nonCancellable: false, hasProgressIndicator: false, hasContextJob: true, hasNoneBehavior: false, hasOnlyHooksBehavior: true, cancelled: false
2026-05-27 01:59:32,098 [  73087]   INFO - #c.i.u.i.FileBasedIndexImpl - Indexes are already loaded
2026-05-27 01:59:32,099 [  73088]   INFO - #c.i.u.i.UnindexedFilesScanner - [81207af4] Started scanning for indexing of [opi3]. Reason: Changes from WorkspaceFileIndex (44 iterators)
2026-05-27 01:59:32,099 [  73088]   INFO - #c.i.u.i.UnindexedFilesScanner - [81207af4] scanning stage (scanning id=4): CreatingIterators
2026-05-27 01:59:32,099 [  73088]   INFO - #c.i.u.i.UnindexedFilesScanner - [81207af4] scanning stage (scanning id=4): CollectingIndexableFiles
2026-05-27 01:59:32,099 [  73088]   INFO - #c.i.u.i.UnindexedFilesScanner - Scanning of [opi3] uses 8 scanning threads
2026-05-27 01:59:32,171 [  73160]   INFO - STDOUT - [IDE]: Task 'Reload files' ended
2026-05-27 01:59:32,177 [  73166]   INFO - #o.j.i.m.i.w.WorkspaceProjectImporter - Project model updated to version 11 (attempts: 0, previous version: 10)
2026-05-27 01:59:32,186 [  73175]   INFO - #c.i.u.i.IndexingReasonExplanationLogger - Scanner has updated file jakarta.json.bind-api-3.0.0.jar (id=103027) with appliers: [SingleIndexValueApplier{indexId=java.auto.module.name, inputId=103027, fileInfo='jakarta.json.bind-api-3.0.0.jar(id=103027)'}] and removers: []; 
2026-05-27 01:59:32,187 [  73176]   INFO - #c.i.u.i.IndexingReasonExplanationLogger - Scheduling indexing of JsonbProvider.class (id=103332) by request of indexes: [bytecodeAnalysis->NOT_INDEXED(not indexed),org.jetbrains.kotlin.idea.vfilefinder.KotlinClassFileIndex->NOT_INDEXED(not indexed),org.jetbrains.kotlin.idea.versions.KotlinJvmMetadataVersionIndex->NOT_INDEXED(not indexed),org.jetbrains.kotlin.idea.vfilefinder.KotlinPartialPackageNamesIndex->NOT_INDEXED(not indexed),KotlinTopLevelClassLikeDeclarationByPackageShortNameIndex->NOT_INDEXED(not indexed),KotlinTopLevelCallableByPackageShortNameIndex->NOT_INDEXED(not indexed),KotlinBinaryRootToPackageIndex->NOT_INDEXED(not indexed),filetypes->NOT_INDEXED(not indexed),Stubs->NOT_INDEXED(not indexed),]. Scanner has updated file JsonbProvider.class (id=103332) with appliers: [SingleIndexValueApplier{indexId=filetypes, inputId=103332, fileInfo='JsonbProvider.class(id=103332)'}] and removers: []; 
2026-05-27 01:59:32,187 [  73176]   INFO - #c.i.u.i.IndexingReasonExplanationLogger - Scheduling indexing of BinaryDataStrategy.class (id=103341) by request of indexes: [bytecodeAnalysis->NOT_INDEXED(not indexed),org.jetbrains.kotlin.idea.vfilefinder.KotlinClassFileIndex->NOT_INDEXED(not indexed),org.jetbrains.kotlin.idea.versions.KotlinJvmMetadataVersionIndex->NOT_INDEXED(not indexed),org.jetbrains.kotlin.idea.vfilefinder.KotlinPartialPackageNamesIndex->NOT_INDEXED(not indexed),KotlinTopLevelClassLikeDeclarationByPackageShortNameIndex->NOT_INDEXED(not indexed),KotlinTopLevelCallableByPackageShortNameIndex->NOT_INDEXED(not indexed),KotlinBinaryRootToPackageIndex->NOT_INDEXED(not indexed),filetypes->NOT_INDEXED(not indexed),Stubs->NOT_INDEXED(not indexed),]. Scanner has updated file BinaryDataStrategy.class (id=103341) with appliers: [SingleIndexValueApplier{indexId=filetypes, inputId=103341, fileInfo='BinaryDataStrategy.class(id=103341)'}] and removers: []; 
2026-05-27 01:59:32,187 [  73176]   INFO - #c.i.u.i.IndexingReasonExplanationLogger - Scheduling indexing of PropertyOrderStrategy.class (id=103342) by request of indexes: [bytecodeAnalysis->NOT_INDEXED(not indexed),org.jetbrains.kotlin.idea.vfilefinder.KotlinClassFileIndex->NOT_INDEXED(not indexed),org.jetbrains.kotlin.idea.versions.KotlinJvmMetadataVersionIndex->NOT_INDEXED(not indexed),org.jetbrains.kotlin.idea.vfilefinder.KotlinPartialPackageNamesIndex->NOT_INDEXED(not indexed),KotlinTopLevelClassLikeDeclarationByPackageShortNameIndex->NOT_INDEXED(not indexed),KotlinTopLevelCallableByPackageShortNameIndex->NOT_INDEXED(not indexed),KotlinBinaryRootToPackageIndex->NOT_INDEXED(not indexed),filetypes->NOT_INDEXED(not indexed),Stubs->NOT_INDEXED(not indexed),]. Scanner has updated file PropertyOrderStrategy.class (id=103342) with appliers: [SingleIndexValueApplier{indexId=filetypes, inputId=103342, fileInfo='PropertyOrderStrategy.class(id=103342)'}] and removers: []; 
2026-05-27 01:59:32,187 [  73176]   INFO - #c.i.u.i.IndexingReasonExplanationLogger - Scheduling indexing of PropertyNamingStrategy.class (id=103340) by request of indexes: [bytecodeAnalysis->NOT_INDEXED(not indexed),org.jetbrains.kotlin.idea.vfilefinder.KotlinClassFileIndex->NOT_INDEXED(not indexed),org.jetbrains.kotlin.idea.versions.KotlinJvmMetadataVersionIndex->NOT_INDEXED(not indexed),org.jetbrains.kotlin.idea.vfilefinder.KotlinPartialPackageNamesIndex->NOT_INDEXED(not indexed),KotlinTopLevelClassLikeDeclarationByPackageShortNameIndex->NOT_INDEXED(not indexed),KotlinTopLevelCallableByPackageShortNameIndex->NOT_INDEXED(not indexed),KotlinBinaryRootToPackageIndex->NOT_INDEXED(not indexed),filetypes->NOT_INDEXED(not indexed),Stubs->NOT_INDEXED(not indexed),]. Scanner has updated file PropertyNamingStrategy.class (id=103340) with appliers: [SingleIndexValueApplier{indexId=filetypes, inputId=103340, fileInfo='PropertyNamingStrategy.class(id=103340)'}] and removers: []; 
2026-05-27 01:59:32,187 [  73176]   INFO - #c.i.u.i.IndexingReasonExplanationLogger - Scheduling indexing of PropertyVisibilityStrategy.class (id=103343) by request of indexes: [bytecodeAnalysis->NOT_INDEXED(not indexed),org.jetbrains.kotlin.idea.vfilefinder.KotlinClassFileIndex->NOT_INDEXED(not indexed),org.jetbrains.kotlin.idea.versions.KotlinJvmMetadataVersionIndex->NOT_INDEXED(not indexed),org.jetbrains.kotlin.idea.vfilefinder.KotlinPartialPackageNamesIndex->NOT_INDEXED(not indexed),KotlinTopLevelClassLikeDeclarationByPackageShortNameIndex->NOT_INDEXED(not indexed),KotlinTopLevelCallableByPackageShortNameIndex->NOT_INDEXED(not indexed),KotlinBinaryRootToPackageIndex->NOT_INDEXED(not indexed),filetypes->NOT_INDEXED(not indexed),Stubs->NOT_INDEXED(not indexed),]. Scanner has updated file PropertyVisibilityStrategy.class (id=103343) with appliers: [SingleIndexValueApplier{indexId=filetypes, inputId=103343, fileInfo='PropertyVisibilityStrategy.class(id=103343)'}] and removers: []; 
2026-05-27 01:59:32,188 [  73177]   INFO - #c.i.u.i.IndexingReasonExplanationLogger - Scheduling indexing of JsonbAdapter.class (id=103347) by request of indexes: [bytecodeAnalysis->NOT_INDEXED(not indexed),org.jetbrains.kotlin.idea.vfilefinder.KotlinClassFileIndex->NOT_INDEXED(not indexed),org.jetbrains.kotlin.idea.versions.KotlinJvmMetadataVersionIndex->NOT_INDEXED(not indexed),org.jetbrains.kotlin.idea.vfilefinder.KotlinPartialPackageNamesIndex->NOT_INDEXED(not indexed),KotlinTopLevelClassLikeDeclarationByPackageShortNameIndex->NOT_INDEXED(not indexed),KotlinTopLevelCallableByPackageShortNameIndex->NOT_INDEXED(not indexed),KotlinBinaryRootToPackageIndex->NOT_INDEXED(not indexed),filetypes->NOT_INDEXED(not indexed),Stubs->NOT_INDEXED(not indexed),]. Scanner has updated file JsonbAdapter.class (id=103347) with appliers: [SingleIndexValueApplier{indexId=filetypes, inputId=103347, fileInfo='JsonbAdapter.class(id=103347)'}] and removers: []; 
2026-05-27 01:59:32,189 [  73178]   INFO - #c.i.u.i.IndexingReasonExplanationLogger - Scheduling indexing of JsonbCreator.class (id=103359) by request of indexes: [bytecodeAnalysis->NOT_INDEXED(not indexed),org.jetbrains.kotlin.idea.vfilefinder.KotlinClassFileIndex->NOT_INDEXED(not indexed),org.jetbrains.kotlin.idea.versions.KotlinJvmMetadataVersionIndex->NOT_INDEXED(not indexed),org.jetbrains.kotlin.idea.vfilefinder.KotlinPartialPackageNamesIndex->NOT_INDEXED(not indexed),KotlinTopLevelClassLikeDeclarationByPackageShortNameIndex->NOT_INDEXED(not indexed),KotlinTopLevelCallableByPackageShortNameIndex->NOT_INDEXED(not indexed),KotlinBinaryRootToPackageIndex->NOT_INDEXED(not indexed),filetypes->NOT_INDEXED(not indexed),Stubs->NOT_INDEXED(not indexed),]. Scanner has updated file JsonbCreator.class (id=103359) with appliers: [SingleIndexValueApplier{indexId=filetypes, inputId=103359, fileInfo='JsonbCreator.class(id=103359)'}] and removers: []; 
2026-05-27 01:59:32,189 [  73178]   INFO - #c.i.u.i.IndexingReasonExplanationLogger - Scheduling indexing of JsonbSubtype.class (id=103363) by request of indexes: [bytecodeAnalysis->NOT_INDEXED(not indexed),org.jetbrains.kotlin.idea.vfilefinder.KotlinClassFileIndex->NOT_INDEXED(not indexed),org.jetbrains.kotlin.idea.versions.KotlinJvmMetadataVersionIndex->NOT_INDEXED(not indexed),org.jetbrains.kotlin.idea.vfilefinder.KotlinPartialPackageNamesIndex->NOT_INDEXED(not indexed),KotlinTopLevelClassLikeDeclarationByPackageShortNameIndex->NOT_INDEXED(not indexed),KotlinTopLevelCallableByPackageShortNameIndex->NOT_INDEXED(not indexed),KotlinBinaryRootToPackageIndex->NOT_INDEXED(not indexed),filetypes->NOT_INDEXED(not indexed),Stubs->NOT_INDEXED(not indexed),]. Scanner has updated file JsonbSubtype.class (id=103363) with appliers: [SingleIndexValueApplier{indexId=filetypes, inputId=103363, fileInfo='JsonbSubtype.class(id=103363)'}] and removers: []; 
2026-05-27 01:59:32,189 [  73178]   INFO - #c.i.u.i.IndexingReasonExplanationLogger - Scheduling indexing of JsonbNillable.class (id=103354) by request of indexes: [bytecodeAnalysis->NOT_INDEXED(not indexed),org.jetbrains.kotlin.idea.vfilefinder.KotlinClassFileIndex->NOT_INDEXED(not indexed),org.jetbrains.kotlin.idea.versions.KotlinJvmMetadataVersionIndex->NOT_INDEXED(not indexed),org.jetbrains.kotlin.idea.vfilefinder.KotlinPartialPackageNamesIndex->NOT_INDEXED(not indexed),KotlinTopLevelClassLikeDeclarationByPackageShortNameIndex->NOT_INDEXED(not indexed),KotlinTopLevelCallableByPackageShortNameIndex->NOT_INDEXED(not indexed),KotlinBinaryRootToPackageIndex->NOT_INDEXED(not indexed),filetypes->NOT_INDEXED(not indexed),Stubs->NOT_INDEXED(not indexed),]. Scanner has updated file JsonbNillable.class (id=103354) with appliers: [SingleIndexValueApplier{indexId=filetypes, inputId=103354, fileInfo='JsonbNillable.class(id=103354)'}] and removers: []; 
2026-05-27 01:59:32,190 [  73179]   INFO - #c.i.u.i.IndexingReasonExplanationLogger - Scheduling indexing of JsonbProperty.class (id=103362) by request of indexes: [bytecodeAnalysis->NOT_INDEXED(not indexed),org.jetbrains.kotlin.idea.vfilefinder.KotlinClassFileIndex->NOT_INDEXED(not indexed),org.jetbrains.kotlin.idea.versions.KotlinJvmMetadataVersionIndex->NOT_INDEXED(not indexed),org.jetbrains.kotlin.idea.vfilefinder.KotlinPartialPackageNamesIndex->NOT_INDEXED(not indexed),KotlinTopLevelClassLikeDeclarationByPackageShortNameIndex->NOT_INDEXED(not indexed),KotlinTopLevelCallableByPackageShortNameIndex->NOT_INDEXED(not indexed),KotlinBinaryRootToPackageIndex->NOT_INDEXED(not indexed),filetypes->NOT_INDEXED(not indexed),Stubs->NOT_INDEXED(not indexed),]. Scanner has updated file JsonbProperty.class (id=103362) with appliers: [SingleIndexValueApplier{indexId=filetypes, inputId=103362, fileInfo='JsonbProperty.class(id=103362)'}] and removers: []; 
2026-05-27 01:59:32,193 [  73182]   INFO - #o.j.i.maven - [maven import] applying models to workspace model took 605ms
2026-05-27 01:59:32,201 [  73190]   INFO - #o.j.i.maven - Updating index list for project Project(name=opi3, containerState=COMPONENT_CREATED, componentStore=/home/evgrart/opi3)
2026-05-27 01:59:32,201 [  73190]   INFO - #o.j.i.maven - updating index list for Project(name=opi3, containerState=COMPONENT_CREATED, componentStore=/home/evgrart/opi3) - local:local:/home/evgrart/.m2/repository remains the same, nothing to update
2026-05-27 01:59:32,208 [  73197]   INFO - #c.i.u.i.IndexingReasonExplanationLogger - Scanner has updated file jakarta.transaction-api-2.0.1.jar (id=103208) with appliers: [SingleIndexValueApplier{indexId=java.auto.module.name, inputId=103208, fileInfo='jakarta.transaction-api-2.0.1.jar(id=103208)'}] and removers: []; 
2026-05-27 01:59:32,208 [  73197]   INFO - #c.i.u.i.IndexingReasonExplanationLogger - Scanner has updated file jakarta.interceptor-api-2.1.0.jar (id=103162) with appliers: [SingleIndexValueApplier{indexId=java.auto.module.name, inputId=103162, fileInfo='jakarta.interceptor-api-2.1.0.jar(id=103162)'}] and removers: []; 
2026-05-27 01:59:32,213 [  73202]   INFO - #c.i.u.i.IndexingReasonExplanationLogger - Scanner has updated file classmate-1.5.1.jar (id=103060) with appliers: [SingleIndexValueApplier{indexId=java.auto.module.name, inputId=103060, fileInfo='classmate-1.5.1.jar(id=103060)'}] and removers: []; 
2026-05-27 01:59:32,215 [  73204]   INFO - #c.i.u.i.IndexingReasonExplanationLogger - Scanner has updated file hibernate-commons-annotations-6.0.6.Final.jar (id=103229) with appliers: [SingleIndexValueApplier{indexId=java.auto.module.name, inputId=103229, fileInfo='hibernate-commons-annotations-6.0.6.Final.jar(id=103229)'}] and removers: []; 
2026-05-27 01:59:32,232 [  73221]   INFO - #c.i.o.p.i.ProgressManagerImpl - checkCancelled is invoked while write-action is pending. nonCancellable: false, hasProgressIndicator: false, hasContextJob: true, hasNoneBehavior: false, hasOnlyHooksBehavior: true, cancelled: false
2026-05-27 01:59:32,299 [  73288]   INFO - #c.i.u.i.IndexingReasonExplanationLogger - Scanner has updated file jakarta.ws.rs-api-3.1.0.jar (id=103038) with appliers: [SingleIndexValueApplier{indexId=java.auto.module.name, inputId=103038, fileInfo='jakarta.ws.rs-api-3.1.0.jar(id=103038)'}] and removers: []; 
2026-05-27 01:59:32,332 [  73321]   INFO - #c.i.u.i.IndexingReasonExplanationLogger - Scanner has updated file jakarta.websocket-client-api-2.1.0.jar (id=103032) with appliers: [SingleIndexValueApplier{indexId=java.auto.module.name, inputId=103032, fileInfo='jakarta.websocket-client-api-2.1.0.jar(id=103032)'}] and removers: []; 
2026-05-27 01:59:32,332 [  73321]   INFO - #c.i.u.i.IndexingReasonExplanationLogger - Scanner has updated file jakarta.el-api-5.0.1.jar (id=103108) with appliers: [SingleIndexValueApplier{indexId=java.auto.module.name, inputId=103108, fileInfo='jakarta.el-api-5.0.1.jar(id=103108)'}] and removers: []; 
2026-05-27 01:59:32,349 [  73338]   INFO - #c.i.u.i.IndexingReasonExplanationLogger - Scanner has updated file junit-platform-engine-1.10.2.jar (id=103188) with appliers: [SingleIndexValueApplier{indexId=java.auto.module.name, inputId=103188, fileInfo='junit-platform-engine-1.10.2.jar(id=103188)'}] and removers: []; 
2026-05-27 01:59:32,351 [  73340]   INFO - #c.i.u.i.IndexingReasonExplanationLogger - Scanner has updated file jakarta.servlet-api-6.0.0.jar (id=103222) with appliers: [SingleIndexValueApplier{indexId=java.auto.module.name, inputId=103222, fileInfo='jakarta.servlet-api-6.0.0.jar(id=103222)'}] and removers: []; 
2026-05-27 01:59:32,371 [  73360]   INFO - #c.i.o.p.i.ProgressManagerImpl - checkCancelled is invoked while write-action is pending. nonCancellable: false, hasProgressIndicator: false, hasContextJob: true, hasNoneBehavior: true, hasOnlyHooksBehavior: false, cancelled: false
2026-05-27 01:59:32,414 [  73403]   INFO - #c.i.o.p.DumbServiceImpl - enter dumb mode [opi3]
2026-05-27 01:59:32,417 [  73406]   INFO - #c.i.o.p.MergingQueueGuiExecutor - Running task: (dumb mode task) com.intellij.openapi.roots.impl.PushedFilePropertiesUpdaterImpl$MyDumbModeTask@188f0425 (reason: Push on VFS changes)
2026-05-27 01:59:32,438 [  73427]   INFO - #c.i.o.p.MergingQueueGuiExecutor - Task finished: (dumb mode task) com.intellij.openapi.roots.impl.PushedFilePropertiesUpdaterImpl$MyDumbModeTask@188f0425 (reason: Push on VFS changes)
2026-05-27 01:59:32,454 [  73443]   INFO - #c.i.o.p.DumbServiceImpl - exit dumb mode [opi3]
2026-05-27 01:59:32,456 [  73445]   INFO - STDOUT - [IDE]: Task 'Analyzing project to enable smart features' ended
2026-05-27 01:59:32,994 [  73983]   INFO - #c.i.u.i.UnindexedFilesScanner - [81207af4] Scanning completed for [opi3]. Number of scanned files: 7622; number of files for indexing: 7619
2026-05-27 01:59:32,997 [  73986]   INFO - #c.i.o.p.UnindexedFilesScannerExecutor - [81207af4] Task finished (scanning id=4): com.intellij.util.indexing.UnindexedFilesScannerExecutorImpl$ScheduledScanningTask@7ee71b5b
2026-05-27 01:59:33,000 [  73989]   INFO - #c.i.o.p.DumbServiceImpl - enter dumb mode [opi3]
2026-05-27 01:59:33,001 [  73990]   INFO - #c.i.o.p.UnindexedFilesScannerExecutor - [81207af4] Running task: com.intellij.util.indexing.UnindexedFilesScannerExecutorImpl$ScheduledScanningTask@1e9cbcd4
2026-05-27 01:59:33,002 [  73991]   INFO - #c.i.u.i.UnindexedFilesScanner - [81207af4] scanning stage (scanning id=5): DelayedPushProperties
2026-05-27 01:59:33,004 [  73993]   INFO - #c.i.o.p.MergingQueueGuiExecutor - Running task: (dumb mode task) UnindexedFilesIndexer[opi3, reasons: [Changes from WorkspaceFileIndex (44 iterators)]]
2026-05-27 01:59:33,004 [  73993]   INFO - #c.i.u.i.FileBasedIndexImpl - Indexes are already loaded
2026-05-27 01:59:33,014 [  74003]   INFO - #c.i.u.i.UnindexedFilesScanner - [81207af4] Started scanning for indexing of [opi3]. Reason: changes in: "External roots from entity (jakarta.ejb-api-4.0.1.jar; empty; empty; empty)", "External roots from entity (jakarta.json.bind-api-3.0.0.jar; empty; empty; empty)", "External roots from entity (jakarta.websocket-client-api-2.1.0.jar; empty; empty; empty)", "External roots from entity (jakarta.ws.rs-api-3.1.0.jar; empty; empty; empty)", "External roots from entity (jakarta.servlet.jsp.jstl-api-3.0.0.jar; empty; empty; empty)", "External roots from entity (jakarta.servlet.jsp-api-3.1.0.jar; empty; empty; empty)", "External roots from entity (jaxb-core-4.0.2.jar; empty; empty; empty)", "External roots from entity (classmate-1.5.1.jar; empty; empty; empty)", "External roots from entity (junit-platform-commons-1.10.2.jar; empty; empty; empty)", "External roots from entity (jakarta.authentication-api-3.0.0.jar; empty; empty; empty)" and 32 iterators more
2026-05-27 01:59:33,014 [  74003]   INFO - #c.i.u.i.UnindexedFilesScanner - [81207af4] scanning stage (scanning id=5): CreatingIterators
2026-05-27 01:59:33,014 [  74003]   INFO - #c.i.u.i.UnindexedFilesScanner - [81207af4] scanning stage (scanning id=5): CollectingIndexableFiles
2026-05-27 01:59:33,014 [  74003]   INFO - #c.i.u.i.UnindexedFilesScanner - Scanning of [opi3] uses 8 scanning threads
2026-05-27 01:59:33,018 [  74007]   INFO - #c.i.u.i.IndexingReasonExplanationLogger - Scheduling indexing of XmlFactory.class (id=104554) by request of indexes: [bytecodeAnalysis->NOT_INDEXED(not indexed),org.jetbrains.kotlin.idea.vfilefinder.KotlinClassFileIndex->NOT_INDEXED(not indexed),org.jetbrains.kotlin.idea.versions.KotlinJvmMetadataVersionIndex->NOT_INDEXED(not indexed),org.jetbrains.kotlin.idea.vfilefinder.KotlinPartialPackageNamesIndex->NOT_INDEXED(not indexed),KotlinTopLevelClassLikeDeclarationByPackageShortNameIndex->NOT_INDEXED(not indexed),KotlinTopLevelCallableByPackageShortNameIndex->NOT_INDEXED(not indexed),KotlinBinaryRootToPackageIndex->NOT_INDEXED(not indexed),Stubs->NOT_INDEXED(not indexed),]. 
2026-05-27 01:59:33,018 [  74007]   INFO - #c.i.u.i.IndexingReasonExplanationLogger - Scheduling indexing of Provider.class (id=103462) by request of indexes: [bytecodeAnalysis->NOT_INDEXED(not indexed),org.jetbrains.kotlin.idea.vfilefinder.KotlinClassFileIndex->NOT_INDEXED(not indexed),org.jetbrains.kotlin.idea.versions.KotlinJvmMetadataVersionIndex->NOT_INDEXED(not indexed),org.jetbrains.kotlin.idea.vfilefinder.KotlinPartialPackageNamesIndex->NOT_INDEXED(not indexed),KotlinTopLevelClassLikeDeclarationByPackageShortNameIndex->NOT_INDEXED(not indexed),KotlinTopLevelCallableByPackageShortNameIndex->NOT_INDEXED(not indexed),KotlinBinaryRootToPackageIndex->NOT_INDEXED(not indexed),Stubs->NOT_INDEXED(not indexed),]. 
2026-05-27 01:59:33,018 [  74007]   INFO - #c.i.u.i.IndexingReasonExplanationLogger - Scheduling indexing of EditDistance.class (id=104552) by request of indexes: [bytecodeAnalysis->NOT_INDEXED(not indexed),org.jetbrains.kotlin.idea.vfilefinder.KotlinClassFileIndex->NOT_INDEXED(not indexed),org.jetbrains.kotlin.idea.versions.KotlinJvmMetadataVersionIndex->NOT_INDEXED(not indexed),org.jetbrains.kotlin.idea.vfilefinder.KotlinPartialPackageNamesIndex->NOT_INDEXED(not indexed),KotlinTopLevelClassLikeDeclarationByPackageShortNameIndex->NOT_INDEXED(not indexed),KotlinTopLevelCallableByPackageShortNameIndex->NOT_INDEXED(not indexed),KotlinBinaryRootToPackageIndex->NOT_INDEXED(not indexed),Stubs->NOT_INDEXED(not indexed),]. 
2026-05-27 01:59:33,018 [  74007]   INFO - #c.i.u.i.IndexingReasonExplanationLogger - Scheduling indexing of Providers.class (id=103532) by request of indexes: [bytecodeAnalysis->NOT_INDEXED(not indexed),org.jetbrains.kotlin.idea.vfilefinder.KotlinClassFileIndex->NOT_INDEXED(not indexed),org.jetbrains.kotlin.idea.versions.KotlinJvmMetadataVersionIndex->NOT_INDEXED(not indexed),org.jetbrains.kotlin.idea.vfilefinder.KotlinPartialPackageNamesIndex->NOT_INDEXED(not indexed),KotlinTopLevelClassLikeDeclarationByPackageShortNameIndex->NOT_INDEXED(not indexed),KotlinTopLevelCallableByPackageShortNameIndex->NOT_INDEXED(not indexed),KotlinBinaryRootToPackageIndex->NOT_INDEXED(not indexed),Stubs->NOT_INDEXED(not indexed),]. 
2026-05-27 01:59:33,019 [  74008]   INFO - #c.i.u.i.IndexingReasonExplanationLogger - Scheduling indexing of XmlFactory$1.class (id=104553) by request of indexes: [bytecodeAnalysis->NOT_INDEXED(not indexed),org.jetbrains.kotlin.idea.vfilefinder.KotlinClassFileIndex->NOT_INDEXED(not indexed),org.jetbrains.kotlin.idea.versions.KotlinJvmMetadataVersionIndex->NOT_INDEXED(not indexed),org.jetbrains.kotlin.idea.vfilefinder.KotlinPartialPackageNamesIndex->NOT_INDEXED(not indexed),KotlinTopLevelClassLikeDeclarationByPackageShortNameIndex->NOT_INDEXED(not indexed),KotlinTopLevelCallableByPackageShortNameIndex->NOT_INDEXED(not indexed),KotlinBinaryRootToPackageIndex->NOT_INDEXED(not indexed),Stubs->NOT_INDEXED(not indexed),]. 
2026-05-27 01:59:33,019 [  74008]   INFO - #c.i.u.i.IndexingReasonExplanationLogger - Scheduling indexing of Expression.class (id=104408) by request of indexes: [bytecodeAnalysis->NOT_INDEXED(not indexed),org.jetbrains.kotlin.idea.vfilefinder.KotlinClassFileIndex->NOT_INDEXED(not indexed),org.jetbrains.kotlin.idea.versions.KotlinJvmMetadataVersionIndex->NOT_INDEXED(not indexed),org.jetbrains.kotlin.idea.vfilefinder.KotlinPartialPackageNamesIndex->NOT_INDEXED(not indexed),KotlinTopLevelClassLikeDeclarationByPackageShortNameIndex->NOT_INDEXED(not indexed),KotlinTopLevelCallableByPackageShortNameIndex->NOT_INDEXED(not indexed),KotlinBinaryRootToPackageIndex->NOT_INDEXED(not indexed),Stubs->NOT_INDEXED(not indexed),]. 
2026-05-27 01:59:33,019 [  74008]   INFO - #c.i.u.i.IndexingReasonExplanationLogger - Scheduling indexing of OnOpen.class (id=103813) by request of indexes: [bytecodeAnalysis->NOT_INDEXED(not indexed),org.jetbrains.kotlin.idea.vfilefinder.KotlinClassFileIndex->NOT_INDEXED(not indexed),org.jetbrains.kotlin.idea.versions.KotlinJvmMetadataVersionIndex->NOT_INDEXED(not indexed),org.jetbrains.kotlin.idea.vfilefinder.KotlinPartialPackageNamesIndex->NOT_INDEXED(not indexed),KotlinTopLevelClassLikeDeclarationByPackageShortNameIndex->NOT_INDEXED(not indexed),KotlinTopLevelCallableByPackageShortNameIndex->NOT_INDEXED(not indexed),KotlinBinaryRootToPackageIndex->NOT_INDEXED(not indexed),Stubs->NOT_INDEXED(not indexed),]. 
2026-05-27 01:59:33,019 [  74008]   INFO - #c.i.u.i.IndexingReasonExplanationLogger - Scheduling indexing of Decoder.class (id=103790) by request of indexes: [bytecodeAnalysis->NOT_INDEXED(not indexed),org.jetbrains.kotlin.idea.vfilefinder.KotlinClassFileIndex->NOT_INDEXED(not indexed),org.jetbrains.kotlin.idea.versions.KotlinJvmMetadataVersionIndex->NOT_INDEXED(not indexed),org.jetbrains.kotlin.idea.vfilefinder.KotlinPartialPackageNamesIndex->NOT_INDEXED(not indexed),KotlinTopLevelClassLikeDeclarationByPackageShortNameIndex->NOT_INDEXED(not indexed),KotlinTopLevelCallableByPackageShortNameIndex->NOT_INDEXED(not indexed),KotlinBinaryRootToPackageIndex->NOT_INDEXED(not indexed),Stubs->NOT_INDEXED(not indexed),]. 
2026-05-27 01:59:33,019 [  74008]   INFO - #c.i.u.i.IndexingReasonExplanationLogger - Scheduling indexing of Encoder.class (id=103814) by request of indexes: [bytecodeAnalysis->NOT_INDEXED(not indexed),org.jetbrains.kotlin.idea.vfilefinder.KotlinClassFileIndex->NOT_INDEXED(not indexed),org.jetbrains.kotlin.idea.versions.KotlinJvmMetadataVersionIndex->NOT_INDEXED(not indexed),org.jetbrains.kotlin.idea.vfilefinder.KotlinPartialPackageNamesIndex->NOT_INDEXED(not indexed),KotlinTopLevelClassLikeDeclarationByPackageShortNameIndex->NOT_INDEXED(not indexed),KotlinTopLevelCallableByPackageShortNameIndex->NOT_INDEXED(not indexed),KotlinBinaryRootToPackageIndex->NOT_INDEXED(not indexed),Stubs->NOT_INDEXED(not indexed),]. 
2026-05-27 01:59:33,028 [  74017]   INFO - #c.i.u.i.IndexingReasonExplanationLogger - Scheduling indexing of FactoryFinder.class (id=103541) by request of indexes: [bytecodeAnalysis->NOT_INDEXED(not indexed),org.jetbrains.kotlin.idea.vfilefinder.KotlinClassFileIndex->NOT_INDEXED(not indexed),org.jetbrains.kotlin.idea.versions.KotlinJvmMetadataVersionIndex->NOT_INDEXED(not indexed),org.jetbrains.kotlin.idea.vfilefinder.KotlinPartialPackageNamesIndex->NOT_INDEXED(not indexed),KotlinTopLevelClassLikeDeclarationByPackageShortNameIndex->NOT_INDEXED(not indexed),KotlinTopLevelCallableByPackageShortNameIndex->NOT_INDEXED(not indexed),KotlinBinaryRootToPackageIndex->NOT_INDEXED(not indexed),Stubs->NOT_INDEXED(not indexed),]. 
2026-05-27 01:59:33,325 [  74314]   INFO - #c.i.u.i.UnindexedFilesScanner - [81207af4] Scanning completed for [opi3]. Number of scanned files: 7619; number of files for indexing: 7619
2026-05-27 01:59:33,329 [  74318]   INFO - #c.i.o.p.UnindexedFilesScannerExecutor - [81207af4] Task finished (scanning id=5): com.intellij.util.indexing.UnindexedFilesScannerExecutorImpl$ScheduledScanningTask@1e9cbcd4
2026-05-27 01:59:33,330 [  74319]   INFO - #c.i.u.i.FileBasedIndexImpl - Indexes are already loaded
2026-05-27 01:59:33,334 [  74323]   INFO - #c.i.u.i.c.IndexUpdateRunner - Using 8 workers for indexing and 4 for writing indexes
2026-05-27 01:59:33,645 [  74634]   INFO - #o.j.i.maven - maven plugin resolution finished, unresolved: []
2026-05-27 01:59:34,148 [  75137]   INFO - #c.i.o.p.i.ProgressManagerImpl - checkCancelled is invoked while write-action is pending. nonCancellable: false, hasProgressIndicator: false, hasContextJob: true, hasNoneBehavior: false, hasOnlyHooksBehavior: true, cancelled: false
2026-05-27 01:59:34,199 [  75188]   WARN - #o.j.i.maven - updateAllMavenProjects finished: incremental=true, MavenProjectsManagerEx.addManagedFilesWithProfilesAndUpdate opi3
2026-05-27 01:59:35,993 [  76982]   INFO - #c.i.u.i.ProjectChangedFilesScanner - Retrieving changed during indexing files of opi3 : 14 to update, calculated in 0ms
2026-05-27 01:59:36,119 [  77108]   INFO - #c.i.u.i.UnindexedFilesIndexer - Finished for opi3. Unindexed files update took 2786ms; general responsiveness: ok; EDT responsiveness: ok
2026-05-27 01:59:36,121 [  77110]   INFO - #c.i.o.p.MergingQueueGuiExecutor - Task finished: (dumb mode task) UnindexedFilesIndexer[opi3, reasons: [Changes from WorkspaceFileIndex (44 iterators)]]
2026-05-27 01:59:36,123 [  77112]   INFO - #c.i.o.p.MergingQueueGuiExecutor - Running task: (dumb mode task) UnindexedFilesIndexer[opi3, reasons: [changes in: "External roots from entity (jakarta.ejb-api-4.0.1.jar; empty; empty; empty)", "External roots from entity (jakarta.json.bind-api-3.0.0.jar; empty; empty; empty)", "External roots from entity (jakarta.websocket-client-api-2.1.0.jar; empty; empty; empty)", "External roots from entity (jakarta.ws.rs-api-3.1.0.jar; empty; empty; empty)", "External roots from entity (jakarta.servlet.jsp.jstl-api-3.0.0.jar; empty; empty; empty)", "External roots from entity (jakarta.servlet.jsp-api-3.1.0.jar; empty; empty; empty)", "External roots from entity (jaxb-core-4.0.2.jar; empty; empty; empty)", "External roots from entity (classmate-1.5.1.jar; empty; empty; empty)", "External roots from entity (junit-platform-commons-1.10.2.jar; empty; empty; empty)", "External roots from entity (jakarta.authentication-api-3.0.0.jar; empty; empty; empty)" and 32 iterators more]]
2026-05-27 01:59:36,124 [  77113]   INFO - #c.i.u.i.FileBasedIndexImpl - Indexes are already loaded
2026-05-27 01:59:36,124 [  77113]   INFO - #c.i.u.i.c.IndexUpdateRunner - Using 8 workers for indexing and 4 for writing indexes
2026-05-27 01:59:36,125 [  77114]   INFO - #c.i.u.i.ProjectChangedFilesScanner - Retrieving changed during indexing files of opi3 : 0 to update, calculated in 0ms
2026-05-27 01:59:36,125 [  77114]   INFO - #c.i.u.i.UnindexedFilesIndexer - Finished for opi3. Unindexed files update took 1ms; general responsiveness: ok; EDT responsiveness: ok
2026-05-27 01:59:36,126 [  77115]   INFO - #c.i.o.p.MergingQueueGuiExecutor - Task finished: (dumb mode task) UnindexedFilesIndexer[opi3, reasons: [changes in: "External roots from entity (jakarta.ejb-api-4.0.1.jar; empty; empty; empty)", "External roots from entity (jakarta.json.bind-api-3.0.0.jar; empty; empty; empty)", "External roots from entity (jakarta.websocket-client-api-2.1.0.jar; empty; empty; empty)", "External roots from entity (jakarta.ws.rs-api-3.1.0.jar; empty; empty; empty)", "External roots from entity (jakarta.servlet.jsp.jstl-api-3.0.0.jar; empty; empty; empty)", "External roots from entity (jakarta.servlet.jsp-api-3.1.0.jar; empty; empty; empty)", "External roots from entity (jaxb-core-4.0.2.jar; empty; empty; empty)", "External roots from entity (classmate-1.5.1.jar; empty; empty; empty)", "External roots from entity (junit-platform-commons-1.10.2.jar; empty; empty; empty)", "External roots from entity (jakarta.authentication-api-3.0.0.jar; empty; empty; empty)" and 32 iterators more]]
2026-05-27 01:59:36,130 [  77119]   INFO - STDOUT - [IDE]: Task 'Analyzing project to enable smart features' ended
2026-05-27 01:59:36,131 [  77120]   INFO - #c.i.o.p.DumbServiceImpl - exit dumb mode [opi3]
2026-05-27 01:59:36,134 [  77123]   INFO - STDOUT - 'Maven' is completed.
2026-05-27 01:59:36,136 [  77125]   INFO - #c.i.w.i.i.j.s.JpsGlobalModelSynchronizerImpl - Saving global entities com.intellij.platform.workspace.jps.entities.SdkEntity to files
2026-05-27 01:59:36,137 [  77126]   INFO - #c.i.w.i.i.j.s.JpsGlobalModelSynchronizerImpl - Saving global entities com.intellij.platform.workspace.jps.entities.LibraryEntity to files
2026-05-27 01:59:36,163 [  77152]   INFO - #c.i.a.o.PathMacrosImpl - Saved path macros: {MAVEN_REPOSITORY=/home/evgrart/.m2/repository}
2026-05-27 01:59:36,175 [  77164]   INFO - #c.i.w.i.i.j.s.JpsGlobalModelSynchronizerImpl - Saving global entities com.intellij.platform.workspace.jps.entities.SdkEntity to files
2026-05-27 01:59:36,177 [  77166]   INFO - #c.i.w.i.i.j.s.JpsGlobalModelSynchronizerImpl - Saving global entities com.intellij.platform.workspace.jps.entities.LibraryEntity to files
2026-05-27 01:59:36,189 [  77178]   INFO - #c.i.a.o.PathMacrosImpl - Saved path macros: {MAVEN_REPOSITORY=/home/evgrart/.m2/repository}
2026-05-27 01:59:36,348 [  77337]   INFO - STDOUT - Configuration phase 0 is completed. Initiating another phase to cover possible side effects...
2026-05-27 01:59:36,348 [  77337]   INFO - STDOUT - All configuration phases are completed.
2026-05-27 01:59:36,348 [  77337]   INFO - STDOUT - 'Queries for MergingUpdateQueue' is in progress...
2026-05-27 01:59:37,352 [  78341]   INFO - STDOUT - 'Queries for MergingUpdateQueue' is completed.
2026-05-27 01:59:37,352 [  78341]   INFO - #c.i.w.i.i.j.s.JpsGlobalModelSynchronizerImpl - Saving global entities com.intellij.platform.workspace.jps.entities.SdkEntity to files
2026-05-27 01:59:37,354 [  78343]   INFO - #c.i.w.i.i.j.s.JpsGlobalModelSynchronizerImpl - Saving global entities com.intellij.platform.workspace.jps.entities.LibraryEntity to files
2026-05-27 01:59:37,381 [  78370]   INFO - #c.i.a.o.PathMacrosImpl - Saved path macros: {MAVEN_REPOSITORY=/home/evgrart/.m2/repository}
2026-05-27 01:59:37,389 [  78378]   INFO - #c.i.w.i.i.j.s.JpsGlobalModelSynchronizerImpl - Saving global entities com.intellij.platform.workspace.jps.entities.SdkEntity to files
2026-05-27 01:59:37,390 [  78379]   INFO - #c.i.w.i.i.j.s.JpsGlobalModelSynchronizerImpl - Saving global entities com.intellij.platform.workspace.jps.entities.LibraryEntity to files
2026-05-27 01:59:37,403 [  78392]   INFO - #c.i.a.o.PathMacrosImpl - Saved path macros: {MAVEN_REPOSITORY=/home/evgrart/.m2/repository}
2026-05-27 01:59:37,414 [  78403]   INFO - STDOUT - Configuration phase 1 is completed. Initiating another phase to cover possible side effects...
2026-05-27 01:59:37,414 [  78403]   INFO - STDOUT - All configuration phases are completed.
2026-05-27 01:59:37,414 [  78403]   INFO - STDOUT - 'Queries for MergingUpdateQueue' is in progress...
2026-05-27 01:59:38,418 [  79407]   INFO - STDOUT - 'Queries for MergingUpdateQueue' is completed.
2026-05-27 01:59:38,419 [  79408]   INFO - #c.i.w.i.i.j.s.JpsGlobalModelSynchronizerImpl - Saving global entities com.intellij.platform.workspace.jps.entities.SdkEntity to files
2026-05-27 01:59:38,420 [  79409]   INFO - #c.i.w.i.i.j.s.JpsGlobalModelSynchronizerImpl - Saving global entities com.intellij.platform.workspace.jps.entities.LibraryEntity to files
2026-05-27 01:59:38,447 [  79436]   INFO - #c.i.a.o.PathMacrosImpl - Saved path macros: {MAVEN_REPOSITORY=/home/evgrart/.m2/repository}
2026-05-27 01:59:38,458 [  79447]   INFO - #c.i.w.i.i.j.s.JpsGlobalModelSynchronizerImpl - Saving global entities com.intellij.platform.workspace.jps.entities.SdkEntity to files
2026-05-27 01:59:38,459 [  79448]   INFO - #c.i.w.i.i.j.s.JpsGlobalModelSynchronizerImpl - Saving global entities com.intellij.platform.workspace.jps.entities.LibraryEntity to files
2026-05-27 01:59:38,475 [  79464]   INFO - #c.i.a.o.PathMacrosImpl - Saved path macros: {MAVEN_REPOSITORY=/home/evgrart/.m2/repository}
2026-05-27 01:59:38,482 [  79471]   INFO - STDOUT - Configuration phase 2 is completed. Initiating another phase to cover possible side effects...
2026-05-27 01:59:38,483 [  79472]   INFO - STDOUT - All configuration phases are completed.
2026-05-27 01:59:38,538 [  79527]   INFO - #o.j.q.s.i.r.s.QodanaProjectLoader - Configured project
2026-05-27 01:59:38,570 [  79559]   INFO - #c.i.w.i.i.EntitiesOrphanageImpl - Update orphanage. 0 modules added
2026-05-27 01:59:38,572 [  79561]   INFO - #c.i.o.p.UnindexedFilesScannerExecutor - [81207af4] Running task: com.intellij.util.indexing.UnindexedFilesScannerExecutorImpl$ScheduledScanningTask@73181dd
2026-05-27 01:59:38,573 [  79562]   INFO - #c.i.w.i.i.WorkspaceModelImpl - Project model for project opi3 updated to version 12 in 14 ms: Sync global entities with project: opi3
2026-05-27 01:59:38,573 [  79562]   INFO - #c.i.w.i.i.GlobalWorkspaceModel - During global workspace model update the changes were also applied to project: opi3
2026-05-27 01:59:38,573 [  79562]   INFO - #c.i.w.i.i.GlobalWorkspaceModel - Global model updated to version 4 in 26 ms: Modifying SDK SdkId(name=17, type=JavaSDK)
2026-05-27 01:59:38,582 [  79571]   INFO - #c.i.u.i.UnindexedFilesScanner - [81207af4] scanning stage (scanning id=6): DelayedPushProperties
2026-05-27 01:59:38,583 [  79572]   INFO - #c.i.u.i.FileBasedIndexImpl - Indexes are already loaded
2026-05-27 01:59:38,590 [  79579]   INFO - #c.i.u.i.UnindexedFilesScanner - [81207af4] Started scanning for indexing of [opi3]. Reason: Changes from WorkspaceFileIndex (140 iterators)
2026-05-27 01:59:38,590 [  79579]   INFO - #c.i.u.i.UnindexedFilesScanner - [81207af4] scanning stage (scanning id=6): CreatingIterators
2026-05-27 01:59:38,590 [  79579]   INFO - #c.i.u.i.UnindexedFilesScanner - [81207af4] scanning stage (scanning id=6): CollectingIndexableFiles
2026-05-27 01:59:38,590 [  79579]   INFO - #c.i.u.i.UnindexedFilesScanner - Scanning of [opi3] uses 8 scanning threads
2026-05-27 01:59:39,549 [  80538]   INFO - #c.i.u.i.UnindexedFilesScanner - [81207af4] Scanning completed for [opi3]. Number of scanned files: 42297; number of files for indexing: 0
2026-05-27 01:59:39,552 [  80541]   INFO - #c.i.u.i.PerProjectIndexingQueue - Finished for [opi3]. No files to index with loading content.
2026-05-27 01:59:39,552 [  80541]   INFO - #c.i.o.p.UnindexedFilesScannerExecutor - [81207af4] Task finished (scanning id=6): com.intellij.util.indexing.UnindexedFilesScannerExecutorImpl$ScheduledScanningTask@73181dd
2026-05-27 01:59:39,554 [  80543]   INFO - #o.j.q.s.i.r.ConsoleLog - The Project configuration stage completed in 19s
2026-05-27 01:59:39,554 [  80543]   INFO - STDOUT - The Project configuration stage completed in 19s
2026-05-27 01:59:42,329 [  83318]   INFO - #c.i.u.g.s.GistStorageImpl - Cleaning old huge-gists dirs from [/home/evgrart/.cache/JetBrains/Qodana/ac8555c8-b0bfb7b1/cache/idea/261/caches/huge-gists] ...
2026-05-27 01:59:42,330 [  83319]   INFO - #c.i.u.g.s.GistStorageImpl - Cleaning old huge-gists dirs finished
2026-05-27 01:59:42,478 [  83467]   INFO - STDOUT - Initializing project…Inspecting with the 'qodana.recommended' profile
2026-05-27 01:59:42,726 [  83715]   INFO - #o.j.q.s.p.QodanaProfile - The 'qodana.sanity' profile is configured for sanity checks
2026-05-27 01:59:45,971 [  86960]   INFO - #o.j.q.s.i.r.ConsoleLog - Preparing for the Project analysis stage ...
2026-05-27 01:59:45,971 [  86960]   INFO - STDOUT - Preparing for the Project analysis stage ...
2026-05-27 01:59:46,149 [  87138]   INFO - #c.i.a.AnalysisScope - Scanning scope took 85 ms
2026-05-27 01:59:46,164 [  87153]   INFO - #c.i.c.e.GlobalJavaInspectionContextImpl - Processing external usages finished in 0 ms
2026-05-27 01:59:46,509 [  87498]   INFO - #c.i.x.Html5SchemaProvider - HTML5_SCHEMA_LOCATION = /home/evgrart/.cache/JetBrains/Qodana/qodana-QDJVMC-261.24091.87.tar/lib/intellij.relaxng.jar!/resources/html5-schema/html5.rnc
2026-05-27 01:59:46,826 [  87815]   INFO - STDOUT - Analyzing code 1%
2026-05-27 01:59:46,855 [  87844]   INFO - STDOUT - Analyzing code 2%
2026-05-27 01:59:46,881 [  87870]   INFO - STDOUT - Analyzing code 3%
2026-05-27 01:59:46,907 [  87896]   INFO - STDOUT - Analyzing code 4%
2026-05-27 01:59:46,925 [  87914]   INFO - STDOUT - Analyzing code 5%
2026-05-27 01:59:46,937 [  87926]   INFO - STDOUT - Analyzing code 6%
2026-05-27 01:59:46,954 [  87943]   INFO - STDOUT - Analyzing code 7%
2026-05-27 01:59:46,956 [  87945]   INFO - STDOUT - Analyzing code 7%
2026-05-27 01:59:47,059 [  88048]   INFO - STDOUT - Analyzing code 8%
2026-05-27 01:59:47,081 [  88070]   INFO - STDOUT - Analyzing code 9%
2026-05-27 01:59:47,092 [  88081]   INFO - STDOUT - Analyzing code 10%
2026-05-27 01:59:47,110 [  88099]   INFO - STDOUT - Analyzing code 11%
2026-05-27 01:59:47,149 [  88138]   INFO - STDOUT - Analyzing code 12%
2026-05-27 01:59:47,169 [  88158]   INFO - STDOUT - Analyzing code 13%
2026-05-27 01:59:47,405 [  88394]   INFO - STDOUT - Analyzing code 14%
2026-05-27 01:59:47,427 [  88416]   INFO - STDOUT - Analyzing code 15%
2026-05-27 01:59:47,519 [  88508]   INFO - STDOUT - Analyzing code 16%
2026-05-27 01:59:47,525 [  88514]   INFO - STDOUT - Analyzing code 17%
2026-05-27 01:59:47,547 [  88536]   INFO - STDOUT - Analyzing code 18%
2026-05-27 01:59:47,586 [  88575]   INFO - STDOUT - Analyzing code 19%
2026-05-27 01:59:47,623 [  88612]   INFO - STDOUT - Analyzing code 20%
2026-05-27 01:59:47,673 [  88662]   INFO - STDOUT - Analyzing code 21%
2026-05-27 01:59:47,726 [  88715]   INFO - STDOUT - Analyzing code 22%
2026-05-27 01:59:47,750 [  88739]   INFO - STDOUT - Analyzing code 23%
2026-05-27 01:59:47,751 [  88740]   INFO - STDOUT - Analyzing code 23%
2026-05-27 01:59:47,765 [  88754]   INFO - STDOUT - Analyzing code 24%
2026-05-27 01:59:47,783 [  88772]   INFO - STDOUT - Analyzing code 25%
2026-05-27 01:59:47,791 [  88780]   INFO - STDOUT - Analyzing code 26%
2026-05-27 01:59:47,808 [  88797]   INFO - STDOUT - Analyzing code 27%
2026-05-27 01:59:47,957 [  88946]   INFO - STDOUT - Analyzing code 28%
2026-05-27 01:59:48,033 [  89022]   INFO - STDOUT - Analyzing code 29%
2026-05-27 01:59:48,052 [  89041]   INFO - STDOUT - Analyzing code 30%
2026-05-27 01:59:48,132 [  89121]   INFO - STDOUT - Analyzing code 31%
2026-05-27 01:59:48,140 [  89129]   INFO - #c.i.o.p.i.ProgressManagerImpl - checkCancelled is invoked while write-action is pending. nonCancellable: false, hasProgressIndicator: true, hasContextJob: false, hasNoneBehavior: false, hasOnlyHooksBehavior: false, cancelled: true
2026-05-27 01:59:48,435 [  89424]   INFO - STDOUT - Analyzing code 32%
2026-05-27 01:59:48,441 [  89430]   INFO - STDOUT - Analyzing code 33%
2026-05-27 01:59:49,057 [  90046]   INFO - STDOUT - Analyzing code 34%
2026-05-27 01:59:49,084 [  90073]   INFO - STDOUT - Analyzing code 35%
2026-05-27 01:59:49,109 [  90098]   INFO - STDOUT - Analyzing code 36%
2026-05-27 01:59:49,127 [  90116]   INFO - STDOUT - Analyzing code 37%
2026-05-27 01:59:49,138 [  90127]   INFO - STDOUT - Analyzing code 38%
2026-05-27 01:59:50,475 [  91464]   INFO - STDOUT - Analyzing code 39%
2026-05-27 01:59:51,149 [  92138]   INFO - #o.j.q.s.i.r.ConsoleLog - The Project analysis stage completed in 5s
2026-05-27 01:59:51,149 [  92138]   INFO - STDOUT - The Project analysis stage completed in 5s
2026-05-27 01:59:51,157 [  92146]   INFO - #o.j.q.s.i.r.AsyncInspectionToolResultWriter - Async result writer started
2026-05-27 01:59:51,205 [  92194]   INFO - #o.j.q.s.s.n.RuntimeNotificationCollector$NotificationReportContributor - No tool errors to report to sarif file
2026-05-27 01:59:51,205 [  92194]   WARN - #o.j.q.s.s.GitReportContributor - Unable to find the branch name, please set the environment variable QODANA_BRANCH
2026-05-27 01:59:51,205 [  92194]   WARN - #o.j.q.s.s.GitReportContributor - Unable to find the remote url, please set the environment variable QODANA_REMOTE_URL
2026-05-27 01:59:51,206 [  92195]   WARN - #o.j.q.s.s.GitReportContributor - Unable to find the revision, please set the environment variable QODANA_REVISION
2026-05-27 01:59:51,206 [  92195]   WARN - #o.j.q.s.s.GitReportContributor - Unable to parse the repository url, please set the environment variable QODANA_REPO_URL, should start with https://
2026-05-27 01:59:51,474 [  92463]   INFO - #c.i.u.i.PersistentDirtyFilesQueue - Dirty file ids stored. Size: 0. Index: 0 Path: /home/evgrart/.cache/JetBrains/Qodana/ac8555c8-b0bfb7b1/cache/idea/261/index/dirty-file-queues/81207af4
2026-05-27 01:59:51,492 [  92481]   INFO - #c.i.p.p.ProjectEntitiesStorage - Project ProjectId#iv5a08hlhf6t0au7sb4v is disposed, removing entity
2026-05-27 01:59:51,496 [  92485]   INFO - #c.i.p.d.i.f.FrontendXBreakpointManager - Breakpoint removed for XBreakpointId(uid=1)
2026-05-27 01:59:51,515 [  92504]   INFO - #c.i.w.i.i.GlobalWorkspaceModel - Project opi3 is removed from the list of initializing and open projects. Project was disposed.
2026-05-27 01:59:51,574 [  92563]   INFO - #c.i.e.r.RemoteProcessSupport - Terminating: 127.0.0.1:25239/Maven36ServerImpl106cd17f
2026-05-27 01:59:51,574 [  92563]   INFO - #c.i.e.r.RemoteProcessSupport - Remote process will terminate: null message = null
2026-05-27 01:59:51,574 [  92563]   INFO - #c.i.c.b.CompilerReferenceServiceBase - backward reference index reader is closed (didn't exist)
2026-05-27 01:59:51,626 [  92615]   INFO - STDOUT - 
2026-05-27 01:59:51,626 [  92615]   INFO - STDOUT - Qodana - Detailed summary
2026-05-27 01:59:51,626 [  92615]   INFO - STDOUT - Analysis results: 0 problem detected
2026-05-27 01:59:51,626 [  92615]   INFO - STDOUT - 
2026-05-27 01:59:51,929 [  92918]   INFO - #c.i.e.r.RemoteProcessSupport - Remote process terminated with code: 143 message = null
2026-05-27 01:59:51,934 [  92923]   INFO - #o.j.q.s.i.r.QodanaInspectionApplication - sessionId: 26052622-2cf404a116e5
2026-05-27 01:59:51,952 [  92941]   INFO - #c.i.w.i.i.j.s.JpsGlobalModelSynchronizerImpl - Saving global entities com.intellij.platform.workspace.jps.entities.SdkEntity to files
2026-05-27 01:59:51,953 [  92942]   INFO - #c.i.w.i.i.j.s.JpsGlobalModelSynchronizerImpl - Saving global entities com.intellij.platform.workspace.jps.entities.LibraryEntity to files
2026-05-27 01:59:51,968 [  92957]   INFO - #c.i.a.o.PathMacrosImpl - Saved path macros: {MAVEN_REPOSITORY=/home/evgrart/.m2/repository}
2026-05-27 01:59:51,997 [  92986]   INFO - #c.i.i.s.e.u.EventLogExternalUploader - Statistics. Started external process for uploading event log
2026-05-27 01:59:52,013 [  93002]   INFO - #c.i.o.f.i.FileTypeDetectionService - 688 auto-detected files. Detection took 944 ms
2026-05-27 01:59:52,022 [  93011]   INFO - #o.j.i.BuiltInServer - web server stopped
2026-05-27 01:59:52,042 [  93031]   INFO - #c.i.u.i.FileBasedIndexImpl - Index dispose started
2026-05-27 01:59:52,063 [  93052]   INFO - #c.i.u.i.PersistentDirtyFilesQueue - Dirty file ids stored. Size: 2. Index: 2 Path: /home/evgrart/.cache/JetBrains/Qodana/ac8555c8-b0bfb7b1/cache/idea/261/index/dirty-file-ids
2026-05-27 01:59:52,095 [  93084]   INFO - #c.i.p.s.StubIndexImpl - StubIndexExtension-s were unloaded
2026-05-27 01:59:52,095 [  93084]   INFO - #c.i.p.s.SerializationManagerImpl - Start shutting down /home/evgrart/.cache/JetBrains/Qodana/ac8555c8-b0bfb7b1/cache/idea/261/index/rep.names
2026-05-27 01:59:52,095 [  93084]   INFO - #c.i.p.s.SerializationManagerImpl - Finished shutting down /home/evgrart/.cache/JetBrains/Qodana/ac8555c8-b0bfb7b1/cache/idea/261/index/rep.names
2026-05-27 01:59:52,096 [  93085]   INFO - #c.i.u.i.FileBasedIndexImpl - Index dispose completed in 54ms.
2026-05-27 01:59:52,110 [  93099]   INFO - #c.i.o.v.n.p.PersistentFSImpl - VFS dispose started
2026-05-27 01:59:52,111 [  93100]   INFO - #c.i.o.v.n.p.FSRecordsImpl - VFS closing
2026-05-27 01:59:52,113 [  93102]   INFO - #c.i.o.v.n.p.PersistentFSImpl - VFS dispose completed in 2 ms.
2026-05-27 01:59:52,143 [  93132]   INFO - #c.i.p.i.b.AppStarter - ------------------------------------------------------ IDE SHUTDOWN ------------------------------------------------------
2026-05-27 02:06:35,005 [     20]   INFO - #c.i.p.i.b.AppStarter - ------------------------------------------------------ IDE STARTED ------------------------------------------------------
2026-05-27 02:06:35,022 [     37]   INFO - #c.i.p.i.b.AppStarter - loading shell environment is turned off
2026-05-27 02:06:35,024 [     39]   INFO - #c.i.p.i.b.AppStarter - Will skip the config import to directory "/home/evgrart/.cache/JetBrains/Qodana/ac8555c8-b0bfb7b1/config" (exists = true). Current entries: "event-log-metadata", "options", "ide.vmoptions", "bundled_plugins.txt", "ssl", "tasks", "workspace", "early-access-registry.txt".
2026-05-27 02:06:35,057 [     72]   INFO - #c.i.p.i.b.AppStarter - JNA library (64-bit) loaded in 33 ms
2026-05-27 02:06:35,067 [     82]   INFO - #c.i.p.i.b.AppStarter - IDE: Qodana for JVM (build #QDJVM-261.24091, Wed, 27 May 2026 02:06:35 +0300)
2026-05-27 02:06:35,067 [     82]   INFO - #c.i.p.i.b.AppStarter - OS: Linux (6.17.0-29-generic)
2026-05-27 02:06:35,067 [     82]   INFO - #c.i.p.i.b.AppStarter - JRE: 25.0.2+10-b329.111, amd64 (JetBrains s.r.o.)
2026-05-27 02:06:35,068 [     83]   INFO - #c.i.p.i.b.AppStarter - JVM: 25.0.2+10-b329.111 (OpenJDK 64-Bit Server VM)
2026-05-27 02:06:35,069 [     84]   INFO - #c.i.p.i.b.AppStarter - PID: 59740
2026-05-27 02:06:35,069 [     84]   INFO - #c.i.p.i.b.AppStarter - desktop: KDE
2026-05-27 02:06:35,069 [     84]   INFO - #c.i.p.i.b.AppStarter - toolkit: sun.awt.HeadlessToolkit
2026-05-27 02:06:35,088 [    103]   INFO - #c.i.p.i.b.AppStarter - JVM options: [abort, vfprintf, -XX:ErrorFile=/home/evgrart/java_error_in_idea_%p.log, -XX:HeapDumpPath=/home/evgrart/java_error_in_idea.hprof, -Xms128m, -XX:JbrShrinkingGcMaxHeapFreeRatio=40, -XX:ReservedCodeCacheSize=512m, -XX:+HeapDumpOnOutOfMemoryError, -XX:-OmitStackTraceInFastThrow, -XX:CICompilerCount=2, -XX:+IgnoreUnrecognizedVMOptions, -XX:+UnlockDiagnosticVMOptions, -XX:TieredOldPercentage=100000, -ea, -Dsun.io.useCanonCaches=false, -Dsun.java2d.metal=true, -Djbr.catch.SIGABRT=true, -Djdk.http.auth.tunneling.disabledSchemes="", -Djdk.attach.allowAttachSelf=true, -Djdk.module.illegalAccess.silent=true, -Djdk.nio.maxCachedBufferSize=2097152, -Djava.util.zip.use.nio.for.zip.file.access=true, -Dkotlinx.coroutines.debug=off, -Dskiko.rendering.useScreenMenuBar=false, -Djava.nio.file.spi.DefaultFileSystemProvider=com.intellij.platform.core.nio.fs.MultiRoutingFileSystemProvider, -Dintellij.plugins.custom.built.in.repository.url=https://buildserver.labs.intellij.net/guestAuth/repository/download/ijplatform_IjPlatform261_IdeaInstallersBuild/930158814:id/IU-plugins/plugins.xml,https://buildserver.labs.intellij.net/guestAuth/repository/download/ijplatform_IjPlatform261_IdeaInstallersBuild/930158814:id/IU-plugins/auto-uploading/plugins.xml, -Dsun.tools.attach.tmp.only=true, -Dawt.lock.fair=true, -Dawt.toolkit.name=auto, -Djava.awt.headless=true, -Didea.log.path=/mnt/agent/work/75485c7b3f73db93/logs/plugins/, -Ddisabled.plugins.file.path=/home/evgrart/.cache/JetBrains/Qodana/qodana-QDJVMC-261.24091.87.tar/disabled_plugins.txt, -Didea.config.path=/home/evgrart/.cache/JetBrains/Qodana/ac8555c8-b0bfb7b1/config, -Didea.headless.enable.statistics=true, -Didea.headless.statistics.device.id=200820300000000-0000-0000-0000-000000000000, -Didea.headless.statistics.salt=0229f593f62e84ad29a64cebb6a9b861, -Didea.log.path=dist/qodana/results/log, -Didea.plugins.path=/home/evgrart/.cache/JetBrains/Qodana/ac8555c8-b0bfb7b1/cache/plugins/261, -Didea.system.path=/home/evgrart/.cache/JetBrains/Qodana/ac8555c8-b0bfb7b1/cache/idea/261, -Dplugin.path=/home/evgrart/.cache/JetBrains/Qodana/qodana-QDJVMC-261.24091.87.tar/custom-plugins/devkit,/home/evgrart/.cache/JetBrains/Qodana/qodana-QDJVMC-261.24091.87.tar/custom-plugins/uiDesigner, -Dqodana.automation.guid=a2b0c906-818e-4a79-b2d4-867de9530715, -Dqodana.coverage.input=/home/evgrart/opi3/.qodana/code-coverage, -Dqodana.path.to.project.dir.from.project.root=opi3, -XX:MaxRAMPercentage=70, -Xlog:gc*:dist/qodana/results/log/gc.log, -Djb.vmOptionsFile=/home/evgrart/.cache/JetBrains/Qodana/ac8555c8-b0bfb7b1/config/ide.vmoptions, -Djava.system.class.loader=com.intellij.util.lang.PathClassLoader, -Didea.vendor.name=JetBrains, -Didea.paths.selector=IntelliJIdea2026.1, -Djna.boot.library.path=/home/evgrart/.cache/JetBrains/Qodana/qodana-QDJVMC-261.24091.87.tar/lib/jna/amd64, -Djna.nosys=true, -Djna.noclasspath=true, -Dpty4j.preferred.native.folder=/home/evgrart/.cache/JetBrains/Qodana/qodana-QDJVMC-261.24091.87.tar/lib/pty4j, -Dio.netty.allocator.type=pooled, -Dskiko.library.path=/home/evgrart/.cache/JetBrains/Qodana/qodana-QDJVMC-261.24091.87.tar/lib/skiko-awt-runtime-all, -Dintellij.platform.runtime.repository.path=/home/evgrart/.cache/JetBrains/Qodana/qodana-QDJVMC-261.24091.87.tar/modules/module-descriptors.dat, -Dsplash=true, -Daether.connector.resumeDownloads=false, -Dcompose.swing.render.on.graphics=true, --enable-native-access=ALL-UNNAMED, --add-opens=java.base/java.io=ALL-UNNAMED, --add-opens=java.base/java.lang=ALL-UNNAMED, --add-opens=java.base/java.lang.ref=ALL-UNNAMED, --add-opens=java.base/java.lang.reflect=ALL-UNNAMED, --add-opens=java.base/java.net=ALL-UNNAMED, --add-opens=java.base/java.nio=ALL-UNNAMED, --add-opens=java.base/java.nio.charset=ALL-UNNAMED, --add-opens=java.base/java.text=ALL-UNNAMED, --add-opens=java.base/java.time=ALL-UNNAMED, --add-opens=java.base/java.util=ALL-UNNAMED, --add-opens=java.base/java.util.concurrent=ALL-UNNAMED, --add-opens=java.base/java.util.concurrent.atomic=ALL-UNNAMED, --add-opens=java.base/java.util.concurrent.locks=ALL-UNNAMED, --add-opens=java.base/jdk.internal.ref=ALL-UNNAMED, --add-opens=java.base/jdk.internal.vm=ALL-UNNAMED, --add-opens=java.base/sun.net.dns=ALL-UNNAMED, --add-opens=java.base/sun.nio=ALL-UNNAMED, --add-opens=java.base/sun.nio.ch=ALL-UNNAMED, --add-opens=java.base/sun.nio.fs=ALL-UNNAMED, --add-opens=java.base/sun.security.ssl=ALL-UNNAMED, --add-opens=java.base/sun.security.util=ALL-UNNAMED, --add-opens=java.desktop/com.sun.java.swing=ALL-UNNAMED, --add-opens=java.desktop/com.sun.java.swing.plaf.gtk=ALL-UNNAMED, --add-opens=java.desktop/java.awt=ALL-UNNAMED, --add-opens=java.desktop/java.awt.dnd.peer=ALL-UNNAMED, --add-opens=java.desktop/java.awt.event=ALL-UNNAMED, --add-opens=java.desktop/java.awt.font=ALL-UNNAMED, --add-opens=java.desktop/java.awt.image=ALL-UNNAMED, --add-opens=java.desktop/java.awt.peer=ALL-UNNAMED, --add-opens=java.desktop/javax.swing=ALL-UNNAMED, --add-opens=java.desktop/javax.swing.plaf.basic=ALL-UNNAMED, --add-opens=java.desktop/javax.swing.text=ALL-UNNAMED, --add-opens=java.desktop/javax.swing.text.html=ALL-UNNAMED, --add-opens=java.desktop/javax.swing.text.html.parser=ALL-UNNAMED, --add-opens=java.desktop/sun.awt=ALL-UNNAMED, --add-opens=java.desktop/sun.awt.X11=ALL-UNNAMED, --add-opens=java.desktop/sun.awt.datatransfer=ALL-UNNAMED, --add-opens=java.desktop/sun.awt.image=ALL-UNNAMED, --add-opens=java.desktop/sun.font=ALL-UNNAMED, --add-opens=java.desktop/sun.java2d=ALL-UNNAMED, --add-opens=java.desktop/sun.swing=ALL-UNNAMED, --add-opens=java.management/sun.management=ALL-UNNAMED, --add-opens=jdk.attach/sun.tools.attach=ALL-UNNAMED, --add-opens=jdk.compiler/com.sun.tools.javac.api=ALL-UNNAMED, --add-opens=jdk.internal.jvmstat/sun.jvmstat.monitor=ALL-UNNAMED, --add-opens=jdk.jdi/com.sun.tools.jdi=ALL-UNNAMED, -Dqodana.application=true, -Dintellij.platform.load.app.info.from.resources=true, -Dfus.internal.reduce.initial.delay=true, -Didea.headless.statistics.max.files.to.send=5000, -Djava.awt.headless=true, -Didea.qodana.thirdpartyplugins.accept=true, -Dide.warmup.use.predicates=false, -Dvcs.log.index.enable=false, -Didea.job.launcher.without.timeout=true, -Dscanning.in.smart.mode=false, -Deap.login.enabled=false, -Dsdk.download.consent=true, -Dide.activity.tracking.enable.debug=true, -Deslint.service.expiration.timeout.ms=5000, -Dphp.additional.library.manager.new.updater=true, -Dide.region.url.mapping.expiration.timeout=7200, -Dexternal.system.auto.import.headless.async=true, -Dmaven.default.headless.import=true, -Dide.do.not.check.ls.on.startup=true, -Dqodana.product.name=Qodana for JVM, -Dqodana.build.number=QDJVM-261.24091, -Dqodana.eap=false, -Dide.native.launcher=true]
2026-05-27 02:06:35,089 [    104]   INFO - #c.i.p.i.b.AppStarter - args: qodana --config qodana.yaml --config-dir /tmp/qd-effective-config-1809895839 /home/evgrart/opi3 dist/qodana/results
2026-05-27 02:06:35,089 [    104]   INFO - #c.i.p.i.b.AppStarter - library path: /usr/java/packages/lib:/usr/lib64:/lib64:/lib:/usr/lib
2026-05-27 02:06:35,089 [    104]   INFO - #c.i.p.i.b.AppStarter - boot library path: /home/evgrart/.cache/JetBrains/Qodana/qodana-QDJVMC-261.24091.87.tar/jbr/lib
2026-05-27 02:06:35,091 [    106]   INFO - #c.i.p.i.b.AppStarter - locale=en JNU=UTF-8 file.encoding=UTF-8
    idea.home.path=/home/evgrart/.cache/JetBrains/Qodana/qodana-QDJVMC-261.24091.87.tar
    idea.config.path=/home/evgrart/.cache/JetBrains/Qodana/ac8555c8-b0bfb7b1/config
    idea.system.path=/home/evgrart/.cache/JetBrains/Qodana/ac8555c8-b0bfb7b1/cache/idea/261
    idea.plugins.path=/home/evgrart/.cache/JetBrains/Qodana/ac8555c8-b0bfb7b1/cache/plugins/261 -> java.nio.file.NoSuchFileException: /home/evgrart/.cache/JetBrains/Qodana/ac8555c8-b0bfb7b1/cache/plugins/261
    idea.log.path=/home/evgrart/opi3/dist/qodana/results/log
2026-05-27 02:06:35,095 [    110]   INFO - #c.i.p.i.b.AppStarter - CPU cores: 8; ForkJoinPool.commonPool: java.util.concurrent.ForkJoinPool@728d8da5[Running, parallelism = 8, size = 0, active = 0, running = 0, steals = 0, tasks = 0, submissions = 0]; factory: com.intellij.concurrency.IdeaForkJoinWorkerThreadFactory@31e9987a
2026-05-27 02:06:35,452 [    467]   INFO - #c.i.i.p.DisabledPluginsState - Plugins to disable: [com.intellij.modules.ultimate],  was already disabled, nothing changed
2026-05-27 02:06:35,468 [    483]   WARN - #c.i.i.p.PluginManager - Dist index is missing or corrupted; an OLD, DEPRECATED, SOON-TO-BE-REMOVED implementation will be used
2026-05-27 02:06:35,894 [    909]   INFO - #c.i.i.p.PluginManager - Ignoring cached broken plugins file from an earlier IDE build (IU-261.24091)
2026-05-27 02:06:36,038 [   1053]   INFO - #c.i.i.p.PluginManager - Plugin set resolution:
Module intellij.json.frontend.split is not enabled because dependency intellij.platform.frontend.split is not available
Module intellij.properties.copyright is not enabled because dependency com.intellij.copyright is not available
Module intellij.platform.identifiers.highlighting.backend is not enabled because dependency com.jetbrains.remoteDevelopment is not available
Module intellij.editorconfig.frontend.split is not enabled because dependency intellij.platform.frontend.split is not available
Module intellij.vcs.git.terminal is not enabled because dependency org.jetbrains.plugins.terminal is not available
Module intellij.devkit.mcp is not enabled because dependency com.intellij.mcpServer is not available
Module intellij.kotlin.devkit.k1 is not enabled because dependency com.intellij.modules.kotlin.k1 is not available
Module intellij.devkit.workspaceModel.k1 is not enabled because dependency com.intellij.modules.kotlin.k1 is not available
Module intellij.kotlin.performanceExtendedPlugin is not enabled because dependency intellij.performanceTesting.vcs is not available
Module intellij.kotlin.jvm.decompiler is not enabled because dependency org.jetbrains.java.decompiler is not available
Module intellij.kotlin.completion.ml is not enabled because dependency com.intellij.completion.ml.ranking is not available
Module intellij.kotlin.grazie is not enabled because dependency tanvd.grazi is not available
Module intellij.kotlin.coverage is not enabled because dependency Coverage is not available
Module intellij.kotlin.copyright is not enabled because dependency com.intellij.copyright is not available
Module kotlin-ultimate.profiler is not enabled because dependency com.intellij.LineProfiler is not available
Module kotlin-ultimate.wasm.debugger is not enabled because dependency intellij.javascript.debugger.backend is not available
Module kotlin-ultimate.javascript.nodeJs is not enabled because dependency intellij.javascript.codeinsight is not available
Module kotlin-ultimate.javascript.debugger is not enabled because dependency intellij.javascript.debugger.backend is not available
Module intellij.java.promo is not enabled because dependency com.intellij.modules.idea.community is not available
Module intellij.java.copyright is not enabled because dependency com.intellij.copyright is not available
Module intellij.profiler.ultimate is not enabled because dependency com.intellij.modules.ultimate is not available
Module intellij.java.duplicates.analysis is not enabled because dependency com.intellij.modules.ultimate is not available
Module intellij.java.duplicates is not enabled because dependency com.intellij.modules.ultimate is not available
Module intellij.java.duplicatesDetection is not enabled because dependency intellij.java.duplicates is not available
Module intellij.java.terminal is not enabled because dependency org.jetbrains.plugins.terminal is not available
Module intellij.java.performancePlugin is not enabled because dependency intellij.performanceTesting.vcs is not available
Module intellij.java.featuresTrainer is not enabled because dependency training is not available
Module intellij.kotlin.featuresTrainer is not enabled because dependency intellij.java.featuresTrainer is not available
Module intellij.java.backend.split is not enabled because dependency intellij.platform.backend.split is not available
Module intellij.java.frontend.split is not enabled because dependency intellij.platform.frontend.split is not available
Module kotlin-ultimate.native-debugger is not enabled because dependency intellij.cidr.runner is not available
Module kotlin-ultimate.ultimate-native is not enabled because dependency kotlin-ultimate.native-debugger is not available
Module intellij.gradle.java.coverage is not enabled because dependency Coverage is not available
Module intellij.gradle.java.toml is not enabled because dependency intellij.toml.core is not available
Module intellij.gradle.dependencyUpdater is not enabled because dependency org.jetbrains.idea.gradle.dsl is not available
Module intellij.gradle.analysis is not enabled because dependency org.jetbrains.idea.gradle.dsl is not available
Module intellij.java.ide.customization.training is not enabled because dependency intellij.java.featuresTrainer is not available
Module intellij.qodana.rust is not enabled because dependency com.intellij.modules.rustrover is not available
Module intellij.qodana.jvm.swagger is not enabled because dependency com.intellij.swagger is not available
Module intellij.qodana.python.community is not enabled because dependency com.intellij.modules.python is not available
Module intellij.qodana.inspectionKts is not enabled because dependency com.intellij.modules.ultimate is not available
Module intellij.qodana.inspectionKts.mcp is not enabled because dependency intellij.qodana.inspectionKts is not available
Module intellij.qodana.inspectionKts.java is not enabled because dependency intellij.qodana.inspectionKts is not available
Module intellij.qodana.inspectionKts.kotlin is not enabled because dependency intellij.qodana.inspectionKts is not available
Module intellij.qodana.inspectionKts.js is not enabled because dependency intellij.qodana.inspectionKts is not available
Module intellij.qodana.cpp is not enabled because dependency intellij.cidr.projectModel is not available
Module intellij.qodana.jvm.coverage is not enabled because dependency Coverage is not available
Module intellij.qodana.python.coverage is not enabled because dependency intellij.python is not available
Module intellij.qodana.php is not enabled because dependency com.jetbrains.php is not available
Module intellij.qodana.js is not enabled because dependency JavaScript is not available
Module intellij.qodana.go is not enabled because dependency intellij.go.coverage is not available
Module intellij.qodana/yaml is not enabled because dependency intellij.yaml.backend is not available
Module intellij.gradle.java.groovy.ml is not enabled because dependency com.intellij.completion.ml.ranking is not available
Module intellij.gradle.java.groovy.toml is not enabled because dependency intellij.gradle.java.toml is not available
Module intellij.groovy.byteCodeViewer is not enabled because dependency ByteCodeViewer is not available
Module intellij.groovy.copyright is not enabled because dependency intellij.java.copyright is not available
Module intellij.groovy.ant is not enabled because dependency AntSupport is not available
Module intellij.groovy.duplicates is not enabled because dependency com.intellij.modules.ultimate is not available
Module intellij.gradle.toml is not enabled because dependency intellij.toml.core is not available
Module intellij.kotlin.gradle.codeInsight.toml is not enabled because dependency intellij.gradle.java.toml is not available
Module intellij.kotlin.gradle.codeInsight.toml.k2 is not enabled because dependency intellij.gradle.java.toml is not available
Module intellij.maven.profiler is not enabled because dependency intellij.profiler.ultimate is not available
Module intellij.gradle.java.performance is not enabled because dependency com.jetbrains.performancePlugin is not available
Module intellij.gradle.profiler is not enabled because dependency intellij.profiler.ultimate is not available
2026-05-27 02:06:36,085 [   1100]   INFO - #c.i.p.i.b.AppStarter - Loaded bundled plugins: IDEA CORE (261.24091), DevKit Runtime (261.24091.0), Gradle (261.24091.0), Java (261.24091.0), Properties (261.24091.0), Qodana (261.24091.0), XPathView + XSLT (261.24091.0), JSON (261.24091.0), Git (261.24091.0), Configuration Script (261.24091.0), EditorConfig (261.24091.0), Kotlin (261.24091.0-IJ), Lombok (261.24091.0), JUnit (261.24091.0), TestNG (261.24091.0), Gradle for Java (261.24091.0), Java IDE Customization (261.24091.0), Java Internationalization (261.24091.0), Eclipse Interoperability (261.24091.0), Groovy (261.24091.0), Artifacts Repository Search (261.24091.0), Maven (261.24091.0)
2026-05-27 02:06:36,086 [   1101]   INFO - #c.i.p.i.b.AppStarter - Loaded custom plugins: Plugin DevKit (261.24091.0), Swing UI Designer (261.24091.0)
2026-05-27 02:06:36,146 [   1161]   WARN - #c.i.p.instanceContainer - InstanceNotOverridableException: Override failed for com.intellij.openapi.project.impl.ProjectStoreFactory: com.intellij.configurationScript.providers.ConfigurationScriptProjectStoreFactory attempts to override com.intellij.configurationStore.PlatformLangProjectStoreFactory, but the existing implementation is not overriddable (not declared as 'open=true')
2026-05-27 02:06:36,362 [   1377]   INFO - #o.j.q.s.i.s.QodanaApplicationStarter - Command line arguments: [qodana, --config, qodana.yaml, --config-dir, /tmp/qd-effective-config-1809895839, /home/evgrart/opi3, dist/qodana/results]
2026-05-27 02:06:36,409 [   1424]   INFO - #c.i.u.i.PageCacheUtils - File page caching params:
	DEFAULT_PAGE_SIZE: 10485760
	Direct memory to use, max: 11563696128
	FilePageCache: regular
	Regular FilePageCache: 629145600 bytes
	DirectByteBuffers pool: 104857600 bytes
2026-05-27 02:06:36,445 [   1460]   INFO - #c.i.p.e.i.f.EelMultiRoutingFileSystemBackendInitializationService - Eel MultiRoutingFileSystem backend is initialized
2026-05-27 02:06:36,449 [   1464]   INFO - #c.i.u.s.JBUIScale - System scale factor: 1.0 (IDE-managed HiDPI)
2026-05-27 02:06:36,475 [   1490]   INFO - #c.i.o.v.n.i.VfsData - Use SoftReference in VFS cache: true
2026-05-27 02:06:36,578 [   1593]   INFO - #c.i.a.o.PathMacrosImpl - Loaded path macros: {MAVEN_REPOSITORY=/home/evgrart/.m2/repository}
2026-05-27 02:06:36,586 [   1601]   INFO - #c.i.o.v.n.p.PersistentFSLoader - VFS uses names enumerator over mmapped file
2026-05-27 02:06:36,596 [   1611]   INFO - #c.i.o.v.n.p.PersistentFSLoader - VFS uses streamlined attributes storage (over mmapped file)
2026-05-27 02:06:36,596 [   1611]   INFO - #c.i.o.v.n.p.PersistentFSLoader - VFS uses content storage over memory-mapped file, with compression algo: LZ4[ > 8000b ]
2026-05-27 02:06:36,601 [   1616]   INFO - #c.i.o.v.n.p.PersistentFSLoader - VFS uses OverMMappedFile(pageSize=67108864, acquireStorageOwnership=true) storage for main file records table
2026-05-27 02:06:36,645 [   1660]   INFO - #c.i.o.v.n.p.PersistentFSLoader - VFS: impl (expected) version=65, 111882 file records, 153 content blobs
2026-05-27 02:06:36,719 [   1734]   INFO - #c.i.o.v.n.p.FSRecordsImpl - VFS initialized: 113 ms, 0 failed attempts, 0 error(s) were recovered
2026-05-27 02:06:36,765 [   1780]   INFO - #c.i.o.u.LowMemoryWatcherManager - Use ExponentiallySmoothingTracker(90000 ms)
2026-05-27 02:06:36,802 [   1817]   INFO - #c.i.o.u.LowMemoryWatcherManager - Subscribing to MemoryPool[G1 Old Gen]{max: 11584667648, threshold: 11005433856 (0.95 * max)}
2026-05-27 02:06:36,803 [   1818]   INFO - #c.i.o.u.LowMemoryWatcherManager - Schedule GC-time updating: each 15000ms
2026-05-27 02:06:36,809 [   1824]   INFO - #c.i.o.v.n.p.PersistentFSImpl - VFS.MAX_FILE_LENGTH_TO_CACHE: 1048576
2026-05-27 02:06:36,822 [   1837]   INFO - c.i.p.i.IdeFingerprint - Calculated dependencies fingerprint in 521 ms (hash=1bmflempnfsro, buildTime=1779836795, appVersion=QDJVM-261.24091)
2026-05-27 02:06:36,885 [   1900]   INFO - #c.i.o.v.n.p.FSRecordsImpl - VFS scanned: file-by-name index was populated
2026-05-27 02:06:37,333 [   2348]   INFO - #c.i.p.k.b.BackendKernelServiceKt - Backend started Kernel
2026-05-27 02:06:37,343 [   2358]   INFO - #c.i.l.LocalizationStateServiceImpl - [i18n] Localization property from registry is null
2026-05-27 02:06:37,372 [   2387]   INFO - #c.i.i.p.ExpiredPluginsState - Plugins to skip: []
2026-05-27 02:06:37,386 [   2401]   INFO - #c.i.i.s.StatisticsRegionSettingsServiceImpl - Statistics. Region code is not_set
2026-05-27 02:06:37,479 [   2494]   INFO - #c.i.o.v.n.p.FSRecords - VFS health-check enabled: first after 600000 ms, and each following 43200000 ms, wrap in RA: true
2026-05-27 02:06:37,510 [   2525]   INFO - #c.i.p.trialPromotion - IDE is not managed
2026-05-27 02:06:37,565 [   2580]   INFO - #fleet.kernel.Transactor - Very long change!!! Duration: 217.141030ms, change from: fleet.tracing.runtime.Span$Noop@64c34a1d
2026-05-27 02:06:37,757 [   2772]   INFO - #o.j.i.BuiltInServerManager - built-in server started, port 63342
2026-05-27 02:06:37,815 [   2830]   INFO - #c.i.u.n.s.CertificateManager - Default SSL context initialized
2026-05-27 02:06:37,818 [   2833]   INFO - #c.i.u.i.c.d.IndexWriter - Use com.intellij.util.indexing.contentQueue.dev.MultiThreadedWithSuspendIndexWriter@2e6c5baf as (parallel) index writer implementation
2026-05-27 02:06:37,824 [   2839]   INFO - #c.i.o.v.i.l.NativeFileWatcherImpl - Native file watcher is disabled
2026-05-27 02:06:37,826 [   2841]   INFO - #c.i.u.i.i.SlruIndexStorageCacheProvider - SLRU cache will be used for indexes
2026-05-27 02:06:37,826 [   2841]   INFO - #c.i.u.i.i.MapIndexStorageCacheProvider$Companion - Default index storage cache provider [com.intellij.util.indexing.impl.SlruIndexStorageCacheProvider@6557d206] is used
2026-05-27 02:06:37,831 [   2846]   INFO - #c.i.u.i.FileBasedIndexImpl - Loading indexes
2026-05-27 02:06:37,846 [   2861]   INFO - #c.i.u.i.PersistentDirtyFilesQueue - Dirty file ids read. Size: 2. Index: 2 Path: /home/evgrart/.cache/JetBrains/Qodana/ac8555c8-b0bfb7b1/cache/idea/261/index/dirty-file-ids.
2026-05-27 02:06:37,871 [   2886]   INFO - #c.i.f.n.TrigramIndexFilter - Filter exclude extensions is enabled: CustomizableExcludeExtensions([com.intellij.java.JavaLibrarySourcesExcludingIndexFilterExtension@114a66e9])
2026-05-27 02:06:38,357 [   3372]   INFO - #c.i.u.i.FileBasedIndexImpl - Using simple flusher for indexes
2026-05-27 02:06:38,377 [   3392]   INFO - #c.i.u.i.IndexDataInitializer - Index data initialization done: 535 ms. Initialized indexes: [FilenameIndex, XsltSymbolIndex, Trigram.Index, XmlTagNames, filetypes, XmlNamespaces, HashFragmentIndex, fileIncludes, FrameworkDetectionIndex, IdIndex, SchemaTypeInheritance, TodoIndex, html5.custom.attributes.index, RelaxSymbolIndex, xmlProperties, DomFileIndex, json.file.root.values, editorconfig.index.name, java.auto.module.name, java.source.module.name, java.null.method.argument, java.fun.expression, java.binary.plus.expression, bytecodeAnalysis, IdeaPluginRegistrationIndex, PluginIdModuleIndex, org.jetbrains.kotlin.idea.versions.KotlinJvmMetadataVersionIndex, org.jetbrains.kotlin.idea.versions.KotlinJsMetadataVersionIndex, PluginIdDependenciesIndex, Stubs, devkit.ExtensionPointIndex, devkit.ExtensionPointClassIndex, org.jetbrains.kotlin.idea.vfilefinder.KotlinMetadataFilePackageIndex, org.jetbrains.kotlin.idea.vfilefinder.KotlinPartialPackageNamesIndex, org.jetbrains.kotlin.idea.vfilefinder.KotlinClassFileIndex, org.jetbrains.kotlin.idea.vfilefinder.KotlinJavaScriptMetaFileIndex, org.jetbrains.kotlin.idea.vfilefinder.KotlinMetadataFileIndex, org.jetbrains.kotlin.idea.vfilefinder.KotlinBuiltInsMetadataIndex, org.jetbrains.kotlin.idea.vfilefinder.KotlinModuleMappingIndex, KotlinPackageSourcesMemberNamesIndex, org.jetbrains.kotlin.idea.vfilefinder.KotlinJvmModuleAnnotationsIndex, org.jetbrains.kotlin.idea.vfilefinder.KotlinStdlibIndex, org.jetbrains.kotlin.idea.vfilefinder.KlibMetaFileIndex, KotlinTopLevelCallableByPackageShortNameIndex, KotlinTopLevelClassLikeDeclarationByPackageShortNameIndex, KotlinBinaryRootToPackageIndex, LombokConfigIndex, com.intellij.uiDesigner.FormClassIndex].
2026-05-27 02:06:38,581 [   3596]   INFO - #c.i.u.i.IndexDataInitializer - Index data initialization done: 204 ms. Initialized stub indexes: {KotlinProbablyContractedFunctionShortNameIndex, java.class.fqn, gr.annot.members, org.jetbrains.kotlin.idea.stubindex.KotlinFilePartClassIndex, dom.elementClass, org.jetbrains.kotlin.idea.stubindex.KotlinFunctionShortNameIndex, org.jetbrains.kotlin.idea.stubindex.KotlinFileFacadeShortNameIndex, dom.namespaceKey, org.jetbrains.kotlin.idea.stubindex.KotlinMultifileClassPartIndex, KotlinProbablyNothingPropertyShortNameIndex, gr.field.name, KotlinTopLevelTypeAliasByPackageIndex, org.jetbrains.kotlin.idea.stubindex.KotlinFileFacadeFqNameIndex, java.annotations, KotlinFileFacadeClassByPackageIndex, gr.annot.method.name, org.jetbrains.kotlin.idea.stubindex.KotlinSuperClassIndex, KotlinExtensionsInObjectsByReceiverTypeIndex, java.class.shortname, java.method.name, gr.method.name, KotlinTypeAliasByExpansionShortNameIndex, java.unnamed.class, jvm.static.member.name, java.module.name, gr.class.fqn.s, org.jetbrains.kotlin.idea.stubindex.KotlinAnnotationsIndex, KotlinProbablyInjectedFunctionShortNameIndex, gr.anonymous.class, org.jetbrains.kotlin.idea.stubindex.KotlinClassShortNameIndex, KotlinOverridableInternalMembersShortNameIndex, gr.class.super, KotlinTopLevelExpectPropertyFqNameIndex, KotlinTopLevelFunctionByPackageIndex, properties.index, org.jetbrains.kotlin.idea.stubindex.KotlinTopLevelTypeAliasFqNameIndex, jvm.static.member.type, KotlinTopLevelExtensionsByReceiverTypeIndex, org.jetbrains.kotlin.idea.stubindex.KotlinTopLevelClassByPackageIndex, java.record.component.name, gr.script.fqn.s, org.jetbrains.kotlin.idea.stubindex.KotlinPropertyShortNameIndex, KotlinTopLevelPropertyByPackageIndex, gr.script.class, KotlinProbablyNothingFunctionShortNameIndex, org.jetbrains.kotlin.idea.stubindex.KotlinExactPackagesIndex, java.method.parameter.types, org.jetbrains.kotlin.idea.stubindex.KotlinSubclassObjectNameIndex, java.anonymous.baseref, org.jetbrains.kotlin.idea.stubindex.KotlinJvmNameAnnotationIndex, org.jetbrains.kotlin.idea.stubindex.KotlinInnerTypeAliasClassIdIndex, java.field.name, org.jetbrains.kotlin.idea.stubindex.KotlinFullClassNameIndex, org.jetbrains.kotlin.idea.stubindex.KotlinTypeAliasShortNameIndex, org.jetbrains.kotlin.idea.stubindex.KotlinTopLevelFunctionFqnNameIndex, org.jetbrains.kotlin.idea.stubindex.KotlinTopLevelPropertyFqnNameIndex, org.jetbrains.kotlin.idea.stubindex.KotlinScriptFqnIndex, kotlin.primeIndexKey, KotlinTopLevelExpectFunctionFqNameIndex, java.class.extlist}.
2026-05-27 02:06:38,932 [   3947]   INFO - o.j.q.s.i.r.cloud - QODANA_TOKEN environment variable is not defined
2026-05-27 02:06:38,939 [   3954]   INFO - STDOUT - By using this linter, you agree to
2026-05-27 02:06:38,940 [   3955]   INFO - STDOUT - - JetBrains Privacy Policy (https://jb.gg/jetbrains-privacy-policy)
2026-05-27 02:06:38,940 [   3955]   INFO - STDOUT - - Qodana Community Linters Agreement (https://jb.gg/qodana-community-linters)
2026-05-27 02:06:38,940 [   3955]   INFO - STDOUT - Qodana license plan: Community
2026-05-27 02:06:39,010 [   4025]   INFO - STDOUT -                                         
2026-05-27 02:06:39,011 [   4026]   INFO - STDOUT -           _              _       
2026-05-27 02:06:39,011 [   4026]   INFO - STDOUT -          /\ \           /\ \        Qodana for JVM 2026.1.2 Preview
2026-05-27 02:06:39,011 [   4026]   INFO - STDOUT -         /  \ \         /  \ \       Documentation
2026-05-27 02:06:39,011 [   4026]   INFO - STDOUT -        / /\ \ \       / /\ \ \      https://jb.gg/qodana-docs
2026-05-27 02:06:39,011 [   4026]   INFO - STDOUT -       / / /\ \ \     / / /\ \ \     Contact us at
2026-05-27 02:06:39,011 [   4026]   INFO - STDOUT -      / / /  \ \_\   / / /  \ \_\    qodana-support@jetbrains.com
2026-05-27 02:06:39,011 [   4026]   INFO - STDOUT -     / / / _ / / /  / / /   / / /    Or via our issue tracker
2026-05-27 02:06:39,011 [   4026]   INFO - STDOUT -    / / / /\ \/ /  / / /   / / /     https://jb.gg/qodana-issue
2026-05-27 02:06:39,012 [   4027]   INFO - STDOUT -   / / /__\ \ \/  / / /___/ / /      Or share your feedback at our forum
2026-05-27 02:06:39,012 [   4027]   INFO - STDOUT -  / / /____\ \ \ / / /____\/ /       https://jb.gg/qodana-forum
2026-05-27 02:06:39,012 [   4027]   INFO - STDOUT -  \/________\_\/ \/_________/     
2026-05-27 02:06:39,012 [   4027]   INFO - STDOUT -                                                    
2026-05-27 02:06:39,012 [   4027]   INFO - STDOUT -                                         
2026-05-27 02:06:39,012 [   4027]   INFO - STDOUT - Starting up Qodana for JVM 2026.1.2 Preview (build QDJVM-261.24091)…done.
2026-05-27 02:06:42,558 [   7573]   INFO - #c.i.i.s.e.StatisticsEventLoggerProvider - Initialize event logger provider for 'FUS'
2026-05-27 02:06:42,566 [   7581]   INFO - #c.i.i.s.e.StatisticsEventLoggerProvider - Initialize event logger provider for 'MP'
2026-05-27 02:06:42,566 [   7581]   INFO - #c.i.i.s.e.StatisticsEventLoggerProvider - Initialize event logger provider for 'TRACE'
2026-05-27 02:06:42,567 [   7582]   INFO - #c.i.i.s.e.StatisticsEventLoggerProvider - Initialize event logger provider for 'ML'
2026-05-27 02:06:50,643 [  15658]   INFO - #o.j.q.j.j.QodanaConfigJdkService - Setting up JDK '17' from Qodana config
2026-05-27 02:06:50,744 [  15759]   INFO - #c.i.o.p.i.j.JdkAuto - Looking for a local SDK for JDK with name 17
2026-05-27 02:06:50,861 [  15876]   INFO - #c.i.o.p.i.j.JdkAuto - The following local JDKs were found: [/home/evgrart/.jdks/openjdk-23.0.2, 23.0.2, 23], [/usr/lib/jvm/default-java, 21.0.10, 21], [/usr/lib/jvm/java-1.21.0-openjdk-amd64, 21.0.10, 21], [/usr/lib/jvm/java-21-openjdk-amd64, 21.0.10, 21], [/home/evgrart/.jdks/corretto-21.0.6, 21.0.6, 21], [/home/evgrart/.jdks/ms-17.0.15, 17.0.15, 17], [/home/evgrart/.jdks/corretto-17.0.14, 17.0.14, 17]
2026-05-27 02:06:51,275 [  16290]   INFO - #c.i.w.i.i.GlobalWorkspaceModel - Load global workspace model from cache in 278 ms
2026-05-27 02:06:51,388 [  16403]   INFO - #c.i.u.s.JBUIScale - Computed user scale factor: 1.0 (IDE-managed HiDPI)
2026-05-27 02:06:52,061 [  17076]   WARN - #c.i.o.p.i.UnknownMissingSdkFix - SDK with name 17 already exists: clash=SdkEntity-:-0, new=17 Version:java version "17.0.15" Path:(/home/evgrart/.jdks/ms-17.0.15)
2026-05-27 02:06:52,062 [  17077]   INFO - #c.i.o.p.i.UnknownMissingSdkFixLocal - Automatically set Sdk SdkLookup{JDK, name=17, withSdkHomeFilter} to /home/evgrart/.jdks/ms-17.0.15
2026-05-27 02:06:52,063 [  17078]   INFO - #o.j.q.j.j.QodanaConfigJdkService - Setting up JDK '17' from Qodana config completed
2026-05-27 02:06:52,079 [  17094]   INFO - #o.j.q.s.i.r.ConsoleLog - Preparing for the Project opening stage ...
2026-05-27 02:06:52,079 [  17094]   INFO - STDOUT - Opening project…Preparing for the Project opening stage ...
2026-05-27 02:06:52,186 [  17201]   INFO - #c.i.p.p.ProjectEntitiesStorage - Creating entity for project ProjectId#ovh2bta5gbm48jut6rmq
2026-05-27 02:06:52,200 [  17215]   INFO - #c.i.p.p.ProjectEntitiesStorage - Entity for project ProjectId#ovh2bta5gbm48jut6rmq created successfully
2026-05-27 02:06:52,267 [  17282]   INFO - #c.i.c.ComponentStoreImpl - Project store initialization started for path: /home/evgrart/opi3 and template: null
2026-05-27 02:06:52,316 [  17331]   INFO - #c.i.c.ComponentStoreImpl - Project store initialized with paths: [Macro(key=$PROJECT_CONFIG_DIR$, value=/home/evgrart/opi3/.idea), Macro(key=$WORKSPACE_FILE$, value=/home/evgrart/opi3/.idea/workspace.xml), Macro(key=$PROJECT_FILE$, value=/home/evgrart/opi3/.idea/misc.xml), Macro(key=$CACHE_FILE$, value=/home/evgrart/.cache/JetBrains/Qodana/ac8555c8-b0bfb7b1/cache/idea/261/projects/opi3.81207af4/cache-state.xml), Macro(key=$PRODUCT_WORKSPACE_FILE$, value=/home/evgrart/.cache/JetBrains/Qodana/ac8555c8-b0bfb7b1/config/workspace/3EHXA4451pJsqYen3Po3FpoM8bh.xml)]
2026-05-27 02:06:52,591 [  17606]   INFO - #c.i.w.i.i.WorkspaceModelImpl - Load workspace model from cache in 140 ms
2026-05-27 02:06:52,594 [  17609]   INFO - #c.i.w.i.i.GlobalWorkspaceModel - Project opi3 is added to the list of initializing and open projects
2026-05-27 02:06:52,598 [  17613]   INFO - #c.i.w.i.i.l.m.ModuleBridgeLoaderService - Workspace model loaded from cache.
2026-05-27 02:06:52,685 [  17700]   INFO - #c.i.w.i.i.WorkspaceModelImpl - Project model updated silently to version 1 in 16 ms: Add module mapping
2026-05-27 02:06:52,715 [  17730]   INFO - #c.i.w.i.i.l.l.ProjectLibraryTableBridgeImpl - Initial load of project-level (project=opi3) libraries. There are 49 libraries to load.
2026-05-27 02:06:52,715 [  17730]   INFO - #c.i.w.i.i.l.l.ProjectLibraryTableBridgeImpl - Applying project-level (project=opi3) libraries directly to project WSM.
2026-05-27 02:06:52,721 [  17736]   INFO - #c.i.w.i.i.WorkspaceModelImpl - Project model updated silently to version 2 in 2 ms: Add project library mapping
2026-05-27 02:06:52,894 [  17909]   INFO - #c.i.w.i.i.EntitiesOrphanageImpl - Update orphanage. 0 modules added
2026-05-27 02:06:52,915 [  17930]   INFO - #c.i.w.i.i.WorkspaceModelImpl - Project model for project opi3 updated to version 3 in 134 ms: Sync global entities with project: opi3
2026-05-27 02:06:52,937 [  17952]   INFO - #c.i.o.p.i.ProgressManagerImpl - checkCancelled is invoked while write-action is pending. nonCancellable: false, hasProgressIndicator: false, hasContextJob: true, hasNoneBehavior: false, hasOnlyHooksBehavior: true, cancelled: false
2026-05-27 02:06:53,043 [  18058]   INFO - #c.i.o.p.i.ProgressManagerImpl - checkCancelled is invoked while write-action is pending. nonCancellable: false, hasProgressIndicator: false, hasContextJob: true, hasNoneBehavior: false, hasOnlyHooksBehavior: true, cancelled: false
2026-05-27 02:06:53,303 [  18318]   INFO - #c.i.c.m.CodeInsightContextEnabling - multiverse is enabled
2026-05-27 02:06:53,304 [  18319]   INFO - #c.i.w.i.i.EntitiesOrphanageImpl - Update orphanage. 0 modules added
2026-05-27 02:06:53,304 [  18319]   INFO - #c.i.w.i.i.WorkspaceModelImpl - Project model for project opi3 updated to version 4 in 7 ms: Change entity sources to externally imported
2026-05-27 02:06:53,354 [  18369]   INFO - #c.i.p.c.ProjectCodeStyleSettingsManager - Initialized from default code style settings.
2026-05-27 02:06:53,361 [  18376]   INFO - #c.i.o.p.i.ProjectManagerImpl - Project opi3 was added to the list of open projects
2026-05-27 02:06:53,461 [  18476]   INFO - #c.i.o.p.MergingQueueGuiExecutor - Running task: (dumb mode task) com.intellij.openapi.project.InitialDumbTaskRequiredForSmartMode@112dcded
2026-05-27 02:06:53,462 [  18477]   INFO - #c.i.o.p.DumbServiceMergingTaskQueue - Initializing DumbServiceMergingTaskQueue...
2026-05-27 02:06:53,483 [  18498]   INFO - #c.i.o.p.InitialDumbTaskRequiredForSmartMode - Running task required for smart mode: com.intellij.util.indexing.ProjectFileBasedIndexStartupActivity@115ad66a
2026-05-27 02:06:53,493 [  18508]   INFO - STDOUT - 'dumb-mode' is in progress...
2026-05-27 02:06:53,515 [  18530]   INFO - #c.i.u.i.FileBasedIndexImpl - Indexes are already loaded
2026-05-27 02:06:53,522 [  18537]   INFO - #c.i.u.i.PersistentDirtyFilesQueue - Dirty file ids read. Size: 0. Index: 0 Path: /home/evgrart/.cache/JetBrains/Qodana/ac8555c8-b0bfb7b1/cache/idea/261/index/dirty-file-queues/81207af4.
2026-05-27 02:06:53,542 [  18557]   INFO - #c.i.u.i.p.IncrementalProjectIndexableFilesFilterHolder - PersistentProjectIndexableFilesFilterFactory is chosen as indexable files filter factory for project: opi3
2026-05-27 02:06:53,608 [  18623]   INFO - #c.i.u.i.FileBasedIndexImpl - Indexes are already loaded
2026-05-27 02:06:53,651 [  18666]   INFO - #c.i.u.i.d.AppIndexingDependenciesService - Invalidating all indexing flags. Reason: App fingerprint changed: FingerprintImpl(fingerprint=-5866699676738618967) to FingerprintImpl(fingerprint=6268239355464555108)
2026-05-27 02:06:53,693 [  18708]   INFO - #c.i.u.i.UnindexedFilesScanner - Full scanning on startup will NOT be skipped for project [opi3] because of following unsatisfied conditions:
FILTER_IS_NOT_UP_TO_DATE: Persistent indexable files filter is NOT up-to-date because of following unsatisfied conditions: [INDEXING_REQUEST_ID_DID_NOT_CHANGE_AFTER_LAST_SCANNING]
2026-05-27 02:06:53,700 [  18715]   INFO - #c.i.d.PerformanceWatcherImpl - Post-startup activities under progress took 248ms; general responsiveness: ok; EDT responsiveness: ok
2026-05-27 02:06:53,731 [  18746]   INFO - #c.i.o.e.s.p.m.ExternalProjectsDataStorage - Load external projects data in 72 millis (read time: 6)
2026-05-27 02:06:53,743 [  18758]   INFO - #c.i.o.p.UnindexedFilesScannerExecutor - [81207af4] Running task: com.intellij.util.indexing.UnindexedFilesScannerExecutorImpl$ScheduledScanningTask@7e72acf
2026-05-27 02:06:53,757 [  18772]   INFO - #c.i.o.p.InitialDumbTaskRequiredForSmartMode - Finished task required for smart mode: com.intellij.util.indexing.ProjectFileBasedIndexStartupActivity@115ad66a
2026-05-27 02:06:53,758 [  18773]   INFO - #c.i.o.p.InitialDumbTaskRequiredForSmartMode - Running task required for smart mode: com.intellij.util.indexing.FileBasedIndexInfrastructureExtensionStartup@1717686
2026-05-27 02:06:53,761 [  18776]   INFO - #c.i.o.p.InitialDumbTaskRequiredForSmartMode - Finished task required for smart mode: com.intellij.util.indexing.FileBasedIndexInfrastructureExtensionStartup@1717686
2026-05-27 02:06:53,761 [  18776]   INFO - #c.i.o.p.InitialDumbTaskRequiredForSmartMode - Running task required for smart mode: com.intellij.util.indexing.DumbModeWhileScanningSubscriber@b829785
2026-05-27 02:06:53,761 [  18776]   INFO - #c.i.o.p.InitialDumbTaskRequiredForSmartMode - Finished task required for smart mode: com.intellij.util.indexing.DumbModeWhileScanningSubscriber@b829785
2026-05-27 02:06:53,764 [  18779]   INFO - #c.i.o.p.InitialDumbTaskRequiredForSmartMode - Running task required for smart mode: com.intellij.ide.projectWizard.generators.SdkPreIndexingRequiredForSmartModeActivity@74107d56
2026-05-27 02:06:53,770 [  18785]   INFO - #c.i.o.p.InitialDumbTaskRequiredForSmartMode - Finished task required for smart mode: com.intellij.ide.projectWizard.generators.SdkPreIndexingRequiredForSmartModeActivity@74107d56
2026-05-27 02:06:53,774 [  18789]   INFO - #c.i.o.p.MergingQueueGuiExecutor - Task finished: (dumb mode task) com.intellij.openapi.project.InitialDumbTaskRequiredForSmartMode@112dcded
2026-05-27 02:06:53,813 [  18828]   INFO - #c.i.u.i.UnindexedFilesScanner - [81207af4] scanning stage (scanning id=0): DelayedPushProperties
2026-05-27 02:06:53,872 [  18887]   INFO - #c.i.u.i.FileBasedIndexImpl - Indexes are already loaded
2026-05-27 02:06:53,872 [  18887]   INFO - #o.j.k.i.PluginStartupActivity - Kotlin plugin mode: K2
2026-05-27 02:06:53,890 [  18905]   INFO - #c.i.p.d.i.f.FrontendXBreakpointManager - Breakpoint created for XBreakpointId(uid=1)
2026-05-27 02:06:53,895 [  18910]   INFO - #o.j.q.s.i.r.ConsoleLog - Setting project JDK 17
2026-05-27 02:06:53,899 [  18914]   INFO - STDOUT - Setting project JDK 17
2026-05-27 02:06:53,914 [  18929]   INFO - #c.i.i.s.IdeStartupScripts - 0 startup script(s) found
2026-05-27 02:06:54,015 [  19030]   INFO - STDOUT - [IDE]: Task 'Analyzing project to enable smart features' ended
2026-05-27 02:06:54,093 [  19108]   INFO - #c.i.w.i.i.EntitiesOrphanageImpl - Update orphanage. 0 modules added
2026-05-27 02:06:54,093 [  19108]   INFO - #c.i.w.i.i.WorkspaceModelImpl - Project model for project opi3 updated to version 5 in 9 ms: setOrClearProjectSdkName: SdkId(name=17, type=JavaSDK)
2026-05-27 02:06:54,103 [  19118]   INFO - #c.i.u.i.UnindexedFilesScanner - [81207af4] Started scanning for indexing of [opi3]. Reason: On project open
2026-05-27 02:06:54,106 [  19121]   INFO - #c.i.u.i.UnindexedFilesScanner - [81207af4] scanning stage (scanning id=0): CreatingIterators
2026-05-27 02:06:54,115 [  19130]   INFO - #c.i.o.a.i.NonBlockingReadActionImpl - OTel monitoring for NonBlockingReadAction is enabled
2026-05-27 02:06:54,137 [  19152]   INFO - #c.i.o.p.DumbServiceImpl - exit dumb mode [opi3]
2026-05-27 02:06:54,180 [  19195]   INFO - #o.j.i.maven - Updating index list for project Project(name=opi3, containerState=COMPONENT_CREATED, componentStore=/home/evgrart/opi3)
2026-05-27 02:06:54,184 [  19199]   INFO - #o.j.i.maven - updating index list for Project(name=opi3, containerState=COMPONENT_CREATED, componentStore=/home/evgrart/opi3) - will add repository local:local:/home/evgrart/.m2/repository, before was null
2026-05-27 02:06:54,196 [  19211]   INFO - #o.j.i.maven - Starting update maven index for local:local:/home/evgrart/.m2/repository
2026-05-27 02:06:54,211 [  19226]   INFO - #c.i.u.i.UnindexedFilesScanner - [81207af4] scanning stage (scanning id=0): CollectingIndexableFiles
2026-05-27 02:06:54,219 [  19234]   INFO - #c.i.u.i.UnindexedFilesScanner - Scanning of [opi3] uses 8 scanning threads
2026-05-27 02:06:54,338 [  19353]   INFO - #c.i.p.u.i.s.e.DurableEnumeratorFactory - [enumerator.mmapped]: .valueHashToId (in memory) was filled (26 records)
2026-05-27 02:06:54,388 [  19403]   INFO - #c.i.p.i.c.i.i.JavaIdIndexer - skipSourceFilesInLibraries: false (registry: 'ide.index.id.skip.java.sources.in.libs')
2026-05-27 02:06:54,389 [  19404]   INFO - #c.i.p.i.c.i.i.JavaIdIndexer - skipSourceFilesInLibraries: false (registry: 'ide.index.id.skip.java.sources.in.libs')
2026-05-27 02:06:54,479 [  19494]   INFO - #o.j.i.maven - GAV index updated for repo /home/evgrart/.m2/repository, 1458 files processed in 199 groups in 276 millis, succeed = true
2026-05-27 02:06:55,989 [  21004]   INFO - STDOUT - [IDE]: Task 'Resolving SDKs…' started
2026-05-27 02:06:55,991 [  21006]   INFO - STDOUT - [IDE]: Validating existing SDKs
2026-05-27 02:06:56,004 [  21019]   INFO - STDOUT - [IDE]: Task 'Resolving SDKs…' ended in 15 ms
2026-05-27 02:06:56,365 [  21380]   INFO - #c.i.w.i.i.j.s.JpsGlobalModelSynchronizerImpl - Loading global entities com.intellij.platform.workspace.jps.entities.SdkEntity from files
2026-05-27 02:06:56,419 [  21434]   INFO - #c.i.w.i.i.j.s.JpsGlobalModelSynchronizerImpl - Loading global entities com.intellij.platform.workspace.jps.entities.LibraryEntity from files
2026-05-27 02:06:56,437 [  21452]   INFO - #c.i.o.p.i.ProgressManagerImpl - checkCancelled is invoked while write-action is pending. nonCancellable: false, hasProgressIndicator: false, hasContextJob: true, hasNoneBehavior: false, hasOnlyHooksBehavior: false, cancelled: true
2026-05-27 02:06:56,596 [  21611]   INFO - #c.i.w.i.i.EntitiesOrphanageImpl - Update orphanage. 0 modules added
2026-05-27 02:06:56,609 [  21624]   INFO - #c.i.w.i.i.WorkspaceModelImpl - Project model for project opi3 updated to version 6 in 137 ms: Sync global entities with project: opi3
2026-05-27 02:06:56,610 [  21625]   INFO - #c.i.w.i.i.GlobalWorkspaceModel - During global workspace model update the changes were also applied to project: opi3
2026-05-27 02:06:56,611 [  21626]   INFO - #c.i.w.i.i.GlobalWorkspaceModel - Global model updated to version 2 in 163 ms: Sync global entities with state
2026-05-27 02:06:58,780 [  23795]   INFO - #c.i.d.ReporterIdLoggerActivity - Exception reporter ID: 150325361655e8e-e1ca-48eb-b585-380a0d34456f
2026-05-27 02:06:58,788 [  23803]   INFO - #c.i.o.e.s.p.m.ReprocessContentRootDataActivity - Ignored reprocess of content root data service for new projects
2026-05-27 02:06:58,878 [  23893]   INFO - #o.j.q.s.QodanaLinterBackgroundStartupActivity - Executed Qodana backgroundPostStartupActivity
2026-05-27 02:06:58,955 [  23970]   INFO - #o.j.p.g.j.IdeVersionedDataUpdater - Updating version compatibility for org.jetbrains.plugins.gradle.jvmcompat.GradleCompatibilitySupportUpdater. Last update was: 0. Update interval: 1d Url to update https://download.jetbrains.com/resources/intellij/plugins/gradle/v1/compatibility.json
2026-05-27 02:06:58,962 [  23977]   INFO - #o.j.j.b.i.CompilerReferenceIndex - backward reference index version doesn't exist
2026-05-27 02:06:59,003 [  24018]   INFO - #c.i.c.b.IsUpToDateCheckStartupActivity - suitable consumer is not found
2026-05-27 02:06:59,061 [  24076]   INFO - #c.i.u.i.UnindexedFilesScanner - [81207af4] Scanning completed for [opi3]. Number of scanned files: 63325; number of files for indexing: 0
2026-05-27 02:06:59,061 [  24076]   INFO - #c.i.o.p.InitialVfsRefreshService - 81207af4: marking roots for initial VFS refresh
2026-05-27 02:06:59,082 [  24097]   INFO - #c.i.o.p.InitialVfsRefreshService - 81207af4: starting initial VFS refresh of 59 roots
2026-05-27 02:06:59,159 [  24174]   INFO - #c.i.w.i.i.GlobalWorkspaceModel - Sync global entities with mutable entity storage
2026-05-27 02:06:59,174 [  24189]   INFO - #c.i.w.i.i.j.s.JpsProjectModelSynchronizer - Attempt 1: Apply JPS storage (iml files)
2026-05-27 02:06:59,421 [  24436]   INFO - #o.j.p.g.j.IdeVersionedDataUpdater - IDE versioned data for org.jetbrains.plugins.gradle.jvmcompat.GradleCompatibilitySupportUpdater was updated
2026-05-27 02:06:59,546 [  24561]   INFO - #c.i.o.p.InitialVfsRefreshService - 81207af4: initial VFS refresh finished in 462 ms
2026-05-27 02:06:59,552 [  24567]   INFO - #c.i.o.p.i.ProgressManagerImpl - checkCancelled is invoked while write-action is pending. nonCancellable: false, hasProgressIndicator: false, hasContextJob: true, hasNoneBehavior: true, hasOnlyHooksBehavior: false, cancelled: false
2026-05-27 02:06:59,593 [  24608]   INFO - #c.i.w.i.i.EntitiesOrphanageImpl - Update orphanage. 0 modules added
2026-05-27 02:06:59,608 [  24623]   INFO - #c.i.w.i.i.WorkspaceModelImpl - Project model for project opi3 updated to version 7
2026-05-27 02:06:59,616 [  24631]   INFO - #c.i.w.i.i.j.s.JpsProjectModelSynchronizer - Attempt 1: Changes were successfully applied
2026-05-27 02:06:59,617 [  24632]   INFO - #c.i.o.p.DumbServiceImpl - enter dumb mode [opi3]
2026-05-27 02:06:59,623 [  24638]   INFO - #c.i.o.p.MergingQueueGuiExecutor - Running task: (dumb mode task) com.intellij.openapi.roots.impl.PushedFilePropertiesUpdaterImpl$MyDumbModeTask@477e5975 (reason: Push on VFS changes)
2026-05-27 02:06:59,625 [  24640]   INFO - #c.i.u.i.PerProjectIndexingQueue - Finished for [opi3]. No files to index with loading content.
2026-05-27 02:06:59,625 [  24640]   INFO - #c.i.o.p.UnindexedFilesScannerExecutor - [81207af4] Task finished (scanning id=0): com.intellij.util.indexing.UnindexedFilesScannerExecutorImpl$ScheduledScanningTask@7e72acf
2026-05-27 02:06:59,631 [  24646]   INFO - #c.i.w.i.i.j.s.DelayedProjectSynchronizer$Util - Workspace model loaded from cache. Syncing real project state into workspace model in 853 ms. Thread[#86,DefaultDispatcher-worker-31,5,main]
2026-05-27 02:06:59,631 [  24646]   INFO - #c.i.o.p.UnindexedFilesScannerExecutor - [81207af4] Running task: com.intellij.util.indexing.UnindexedFilesScannerExecutorImpl$ScheduledScanningTask@6e20005b
2026-05-27 02:06:59,634 [  24649]   INFO - #c.i.u.i.UnindexedFilesScanner - [81207af4] scanning stage (scanning id=1): DelayedPushProperties
2026-05-27 02:06:59,643 [  24658]   INFO - STDOUT - [IDE]: Task 'Restarting Maven…' started
2026-05-27 02:06:59,658 [  24673]   INFO - STDOUT - [IDE]: Task 'Restarting Maven…' ended in 18 ms
2026-05-27 02:06:59,702 [  24717]   INFO - #c.i.u.i.FileBasedIndexImpl - Indexes are already loaded
2026-05-27 02:06:59,703 [  24718]   INFO - #c.i.u.i.UnindexedFilesScanner - [81207af4] Started scanning for indexing of [opi3]. Reason: Changes from WorkspaceFileIndex (140 iterators)
2026-05-27 02:06:59,703 [  24718]   INFO - #c.i.u.i.UnindexedFilesScanner - [81207af4] scanning stage (scanning id=1): CreatingIterators
2026-05-27 02:06:59,703 [  24718]   INFO - #c.i.u.i.UnindexedFilesScanner - [81207af4] scanning stage (scanning id=1): CollectingIndexableFiles
2026-05-27 02:06:59,705 [  24720]   INFO - #c.i.u.i.UnindexedFilesScanner - Scanning of [opi3] uses 8 scanning threads
2026-05-27 02:06:59,758 [  24773]   INFO - #c.i.w.i.i.j.s.JpsProjectModelSynchronizer - Attempt 1: Reload entities after changes in JPS configuration files
2026-05-27 02:06:59,762 [  24777]   INFO - #c.i.o.p.i.ProgressManagerImpl - checkCancelled is invoked while write-action is pending. nonCancellable: false, hasProgressIndicator: false, hasContextJob: true, hasNoneBehavior: true, hasOnlyHooksBehavior: false, cancelled: false
2026-05-27 02:06:59,769 [  24784]   INFO - #c.i.w.i.i.EntitiesOrphanageImpl - Update orphanage. 0 modules added
2026-05-27 02:06:59,770 [  24785]   INFO - #c.i.w.i.i.WorkspaceModelImpl - Project model for project opi3 updated to version 8
2026-05-27 02:06:59,774 [  24789]   INFO - #c.i.w.i.i.j.s.JpsProjectModelSynchronizer - Attempt 1: Changes were successfully applied
2026-05-27 02:06:59,787 [  24802]   INFO - #c.i.o.p.MergingQueueGuiExecutor - Task finished: (dumb mode task) com.intellij.openapi.roots.impl.PushedFilePropertiesUpdaterImpl$MyDumbModeTask@477e5975 (reason: Push on VFS changes)
2026-05-27 02:06:59,792 [  24807]   INFO - #c.i.o.p.MergingQueueGuiExecutor - Running task: (dumb mode task) UnindexedFilesIndexer[opi3, reasons: [On refresh of files in opi3 (x2)]]
2026-05-27 02:06:59,867 [  24882]   INFO - #c.i.c.CompilerWorkspaceConfiguration - Available processors: 8
2026-05-27 02:07:01,259 [  26274]   INFO - #c.i.u.i.UnindexedFilesScanner - [81207af4] Scanning completed for [opi3]. Number of scanned files: 42297; number of files for indexing: 0
2026-05-27 02:07:01,265 [  26280]   INFO - #c.i.u.i.PerProjectIndexingQueue - Finished for [opi3]. No files to index with loading content.
2026-05-27 02:07:01,266 [  26281]   INFO - #c.i.o.p.UnindexedFilesScannerExecutor - [81207af4] Task finished (scanning id=1): com.intellij.util.indexing.UnindexedFilesScannerExecutorImpl$ScheduledScanningTask@6e20005b
2026-05-27 02:07:01,267 [  26282]   INFO - #c.i.u.i.FileBasedIndexImpl - Indexes are already loaded
2026-05-27 02:07:01,285 [  26300]   INFO - #c.i.u.i.c.IndexUpdateRunner - Using 8 workers for indexing and 4 for writing indexes
2026-05-27 02:07:01,291 [  26306]   INFO - #c.i.u.i.ProjectChangedFilesScanner - Retrieving changed during indexing files of opi3 : 67 to update, calculated in 1ms
2026-05-27 02:07:05,028 [  30043]   INFO - #c.i.u.i.UnindexedFilesIndexer - Finished for opi3. Unindexed files update took 3754ms; general responsiveness: ok; EDT responsiveness: ok
2026-05-27 02:07:05,038 [  30053]   INFO - #c.i.o.p.MergingQueueGuiExecutor - Task finished: (dumb mode task) UnindexedFilesIndexer[opi3, reasons: [On refresh of files in opi3 (x2)]]
2026-05-27 02:07:05,049 [  30064]   INFO - STDOUT - 'dumb-mode' is completed.
2026-05-27 02:07:05,050 [  30065]   INFO - STDOUT - 'Maven' is in progress...
2026-05-27 02:07:05,052 [  30067]   INFO - STDOUT - 'Maven' is completed.
2026-05-27 02:07:05,053 [  30068]   INFO - STDOUT - [IDE]: Task 'Analyzing project to enable smart features' ended
2026-05-27 02:07:05,053 [  30068]   INFO - #c.i.o.p.DumbServiceImpl - exit dumb mode [opi3]
2026-05-27 02:07:05,070 [  30085]   INFO - #c.i.w.i.i.j.s.JpsGlobalModelSynchronizerImpl - Saving global entities com.intellij.platform.workspace.jps.entities.SdkEntity to files
2026-05-27 02:07:05,118 [  30133]   INFO - #c.i.w.i.i.j.s.JpsGlobalModelSynchronizerImpl - Saving global entities com.intellij.platform.workspace.jps.entities.LibraryEntity to files
2026-05-27 02:07:05,835 [  30850]   INFO - #git4idea.commands.GitHandler - [/home/evgrart/opi3] git -c core.quotepath=false -c log.showSignature=false version
2026-05-27 02:07:05,933 [  30948]   INFO - #git4idea.commands.GitHandler - git version 2.43.0
2026-05-27 02:07:05,962 [  30977]   INFO - #o.j.k.i.script - [KOTLIN_SCRIPTING] Loading script definitions: classes=[], classpath=[]
2026-05-27 02:07:05,978 [  30993]   INFO - #git4idea.config.GitExecutableFileTester - Git version for /usr/bin/git: 2.43.0.0 (UNIX)
2026-05-27 02:07:05,988 [  31003]   INFO - #c.i.a.o.PathMacrosImpl - Saved path macros: {MAVEN_REPOSITORY=/home/evgrart/.m2/repository}
2026-05-27 02:07:06,026 [  31041]   INFO - #c.i.c.ComponentStoreImpl - Saving appExtensionsRootType took 75 ms, ExternalResourceManagerImpl took 62 ms, FeatureUsageStatistics took 69 ms, FileTypeManager took 207 ms, FindSettings took 121 ms, GeneralSettings took 38 ms, Git.Application.Settings took 27 ms, GradleJvmSupportMatrix took 66 ms, HttpConfigurable took 75 ms
2026-05-27 02:07:06,048 [  31063]   INFO - #c.i.w.i.i.j.s.JpsGlobalModelSynchronizerImpl - Saving global entities com.intellij.platform.workspace.jps.entities.SdkEntity to files
2026-05-27 02:07:06,058 [  31073]   INFO - #c.i.w.i.i.j.s.JpsGlobalModelSynchronizerImpl - Saving global entities com.intellij.platform.workspace.jps.entities.LibraryEntity to files
2026-05-27 02:07:06,071 [  31086]   INFO - #c.i.c.ComponentStoreImpl - Saving default projectRunDashboard took 14 ms
2026-05-27 02:07:06,164 [  31179]   INFO - #c.i.a.o.PathMacrosImpl - Saved path macros: {MAVEN_REPOSITORY=/home/evgrart/.m2/repository}
2026-05-27 02:07:06,177 [  31192]   INFO - #c.i.c.ComponentStoreImpl - Saving appFileTypeManager took 24 ms, HttpConfigurable took 20 ms, InspectionProfileManager took 11 ms
2026-05-27 02:07:06,328 [  31343]   INFO - #c.i.c.ComponentStoreImpl - Saving Project(name=opi3, containerState=COMPONENT_CREATED, componentStore=/home/evgrart/opi3)XDebuggerManager took 40 ms
2026-05-27 02:07:06,329 [  31344]   INFO - STDOUT - Configuration phase 0 is completed. Initiating another phase to cover possible side effects...
2026-05-27 02:07:06,330 [  31345]   INFO - STDOUT - All configuration phases are completed.
2026-05-27 02:07:06,330 [  31345]   INFO - STDOUT - 'Queries for MergingUpdateQueue' is in progress...
2026-05-27 02:07:07,135 [  32150]   INFO - STDOUT - 'Queries for MergingUpdateQueue' is completed.
2026-05-27 02:07:07,136 [  32151]   INFO - #c.i.w.i.i.j.s.JpsGlobalModelSynchronizerImpl - Saving global entities com.intellij.platform.workspace.jps.entities.SdkEntity to files
2026-05-27 02:07:07,139 [  32154]   INFO - #c.i.w.i.i.j.s.JpsGlobalModelSynchronizerImpl - Saving global entities com.intellij.platform.workspace.jps.entities.LibraryEntity to files
2026-05-27 02:07:07,190 [  32205]   INFO - #c.i.a.o.PathMacrosImpl - Saved path macros: {MAVEN_REPOSITORY=/home/evgrart/.m2/repository}
2026-05-27 02:07:07,204 [  32219]   INFO - #c.i.w.i.i.j.s.JpsGlobalModelSynchronizerImpl - Saving global entities com.intellij.platform.workspace.jps.entities.SdkEntity to files
2026-05-27 02:07:07,206 [  32221]   INFO - #c.i.w.i.i.j.s.JpsGlobalModelSynchronizerImpl - Saving global entities com.intellij.platform.workspace.jps.entities.LibraryEntity to files
2026-05-27 02:07:07,233 [  32248]   INFO - #c.i.a.o.PathMacrosImpl - Saved path macros: {MAVEN_REPOSITORY=/home/evgrart/.m2/repository}
2026-05-27 02:07:07,245 [  32260]   INFO - STDOUT - Configuration phase 1 is completed. Initiating another phase to cover possible side effects...
2026-05-27 02:07:07,245 [  32260]   INFO - STDOUT - All configuration phases are completed.
2026-05-27 02:07:07,245 [  32260]   INFO - STDOUT - 'Queries for MergingUpdateQueue' is in progress...
2026-05-27 02:07:08,250 [  33265]   INFO - STDOUT - 'Queries for MergingUpdateQueue' is completed.
2026-05-27 02:07:08,252 [  33267]   INFO - #c.i.w.i.i.j.s.JpsGlobalModelSynchronizerImpl - Saving global entities com.intellij.platform.workspace.jps.entities.SdkEntity to files
2026-05-27 02:07:08,254 [  33269]   INFO - #c.i.w.i.i.j.s.JpsGlobalModelSynchronizerImpl - Saving global entities com.intellij.platform.workspace.jps.entities.LibraryEntity to files
2026-05-27 02:07:08,294 [  33309]   INFO - #c.i.a.o.PathMacrosImpl - Saved path macros: {MAVEN_REPOSITORY=/home/evgrart/.m2/repository}
2026-05-27 02:07:08,304 [  33319]   INFO - #c.i.w.i.i.j.s.JpsGlobalModelSynchronizerImpl - Saving global entities com.intellij.platform.workspace.jps.entities.SdkEntity to files
2026-05-27 02:07:08,306 [  33321]   INFO - #c.i.w.i.i.j.s.JpsGlobalModelSynchronizerImpl - Saving global entities com.intellij.platform.workspace.jps.entities.LibraryEntity to files
2026-05-27 02:07:08,330 [  33345]   INFO - #c.i.a.o.PathMacrosImpl - Saved path macros: {MAVEN_REPOSITORY=/home/evgrart/.m2/repository}
2026-05-27 02:07:08,343 [  33358]   INFO - STDOUT - Configuration phase 2 is completed. Initiating another phase to cover possible side effects...
2026-05-27 02:07:08,344 [  33359]   INFO - STDOUT - All configuration phases are completed.
2026-05-27 02:07:08,483 [  33498]   INFO - #o.j.q.s.i.r.ConsoleLog - The Project opening stage completed in 16s
2026-05-27 02:07:08,483 [  33498]   INFO - STDOUT - The Project opening stage completed in 16s
2026-05-27 02:07:08,483 [  33498]   INFO - STDOUT - done.
2026-05-27 02:07:08,578 [  33593]   INFO - #c.i.o.p.DumbServiceImpl - enter dumb mode [opi3]
2026-05-27 02:07:08,578 [  33593]   INFO - #o.j.q.s.i.r.ConsoleLog - Preparing for the Project configuration stage ...
2026-05-27 02:07:08,578 [  33593]   INFO - STDOUT - Preparing for the Project configuration stage ...
2026-05-27 02:07:08,579 [  33594]   INFO - STDOUT - 'Queries for MergingUpdateQueue' is in progress...
2026-05-27 02:07:08,580 [  33595]   INFO - #c.i.o.p.MergingQueueGuiExecutor - Running task: (dumb mode task) com.intellij.openapi.roots.impl.PushedFilePropertiesUpdaterImpl$MyDumbModeTask@5e9c672e (reason: Push on VFS changes)
2026-05-27 02:07:08,589 [  33604]   INFO - #c.i.o.p.MergingQueueGuiExecutor - Task finished: (dumb mode task) com.intellij.openapi.roots.impl.PushedFilePropertiesUpdaterImpl$MyDumbModeTask@5e9c672e (reason: Push on VFS changes)
2026-05-27 02:07:08,590 [  33605]   INFO - #c.i.o.p.MergingQueueGuiExecutor - Running task: (dumb mode task) UnindexedFilesIndexer[opi3, reasons: [On refresh of files in opi3]]
2026-05-27 02:07:08,591 [  33606]   INFO - #c.i.u.i.FileBasedIndexImpl - Indexes are already loaded
2026-05-27 02:07:08,592 [  33607]   INFO - #c.i.u.i.c.IndexUpdateRunner - Using 8 workers for indexing and 4 for writing indexes
2026-05-27 02:07:08,600 [  33615]   INFO - #c.i.u.i.ProjectChangedFilesScanner - Retrieving changed during indexing files of opi3 : 11 to update, calculated in 8ms
2026-05-27 02:07:08,655 [  33670]   INFO - #c.i.c.m.CodeInsightContextEnabling - multiverse is enabled
2026-05-27 02:07:09,182 [  34197]   INFO - #c.i.u.i.UnindexedFilesIndexer - Finished for opi3. Unindexed files update took 590ms; general responsiveness: ok; EDT responsiveness: ok
2026-05-27 02:07:09,183 [  34198]   INFO - #c.i.o.p.MergingQueueGuiExecutor - Task finished: (dumb mode task) UnindexedFilesIndexer[opi3, reasons: [On refresh of files in opi3]]
2026-05-27 02:07:09,186 [  34201]   INFO - STDOUT - [IDE]: Task 'Analyzing project to enable smart features' ended
2026-05-27 02:07:09,186 [  34201]   INFO - #c.i.o.p.DumbServiceImpl - exit dumb mode [opi3]
2026-05-27 02:07:09,387 [  34402]   INFO - STDOUT - 'Queries for MergingUpdateQueue' is completed.
2026-05-27 02:07:09,389 [  34404]   INFO - #c.i.w.i.i.j.s.JpsGlobalModelSynchronizerImpl - Saving global entities com.intellij.platform.workspace.jps.entities.SdkEntity to files
2026-05-27 02:07:09,390 [  34405]   INFO - #c.i.w.i.i.j.s.JpsGlobalModelSynchronizerImpl - Saving global entities com.intellij.platform.workspace.jps.entities.LibraryEntity to files
2026-05-27 02:07:09,422 [  34437]   INFO - #c.i.a.o.PathMacrosImpl - Saved path macros: {MAVEN_REPOSITORY=/home/evgrart/.m2/repository}
2026-05-27 02:07:09,432 [  34447]   INFO - #c.i.w.i.i.j.s.JpsGlobalModelSynchronizerImpl - Saving global entities com.intellij.platform.workspace.jps.entities.SdkEntity to files
2026-05-27 02:07:09,433 [  34448]   INFO - #c.i.w.i.i.j.s.JpsGlobalModelSynchronizerImpl - Saving global entities com.intellij.platform.workspace.jps.entities.LibraryEntity to files
2026-05-27 02:07:09,453 [  34468]   INFO - #c.i.a.o.PathMacrosImpl - Saved path macros: {MAVEN_REPOSITORY=/home/evgrart/.m2/repository}
2026-05-27 02:07:09,465 [  34480]   INFO - STDOUT - Configuration phase 0 is completed. Initiating another phase to cover possible side effects...
2026-05-27 02:07:09,465 [  34480]   INFO - STDOUT - All configuration phases are completed.
2026-05-27 02:07:09,465 [  34480]   INFO - STDOUT - 'Queries for MergingUpdateQueue' is in progress...
2026-05-27 02:07:10,469 [  35484]   INFO - STDOUT - 'Queries for MergingUpdateQueue' is completed.
2026-05-27 02:07:10,470 [  35485]   INFO - #c.i.w.i.i.j.s.JpsGlobalModelSynchronizerImpl - Saving global entities com.intellij.platform.workspace.jps.entities.SdkEntity to files
2026-05-27 02:07:10,471 [  35486]   INFO - #c.i.w.i.i.j.s.JpsGlobalModelSynchronizerImpl - Saving global entities com.intellij.platform.workspace.jps.entities.LibraryEntity to files
2026-05-27 02:07:10,493 [  35508]   INFO - #c.i.a.o.PathMacrosImpl - Saved path macros: {MAVEN_REPOSITORY=/home/evgrart/.m2/repository}
2026-05-27 02:07:10,499 [  35514]   INFO - #c.i.w.i.i.j.s.JpsGlobalModelSynchronizerImpl - Saving global entities com.intellij.platform.workspace.jps.entities.SdkEntity to files
2026-05-27 02:07:10,500 [  35515]   INFO - #c.i.w.i.i.j.s.JpsGlobalModelSynchronizerImpl - Saving global entities com.intellij.platform.workspace.jps.entities.LibraryEntity to files
2026-05-27 02:07:10,514 [  35529]   INFO - #c.i.a.o.PathMacrosImpl - Saved path macros: {MAVEN_REPOSITORY=/home/evgrart/.m2/repository}
2026-05-27 02:07:10,523 [  35538]   INFO - STDOUT - Configuration phase 1 is completed. Initiating another phase to cover possible side effects...
2026-05-27 02:07:10,523 [  35538]   INFO - STDOUT - All configuration phases are completed.
2026-05-27 02:07:10,523 [  35538]   INFO - STDOUT - 'Queries for MergingUpdateQueue' is in progress...
2026-05-27 02:07:11,527 [  36542]   INFO - STDOUT - 'Queries for MergingUpdateQueue' is completed.
2026-05-27 02:07:11,528 [  36543]   INFO - #c.i.w.i.i.j.s.JpsGlobalModelSynchronizerImpl - Saving global entities com.intellij.platform.workspace.jps.entities.SdkEntity to files
2026-05-27 02:07:11,529 [  36544]   INFO - #c.i.w.i.i.j.s.JpsGlobalModelSynchronizerImpl - Saving global entities com.intellij.platform.workspace.jps.entities.LibraryEntity to files
2026-05-27 02:07:11,550 [  36565]   INFO - #c.i.a.o.PathMacrosImpl - Saved path macros: {MAVEN_REPOSITORY=/home/evgrart/.m2/repository}
2026-05-27 02:07:11,560 [  36575]   INFO - #c.i.w.i.i.j.s.JpsGlobalModelSynchronizerImpl - Saving global entities com.intellij.platform.workspace.jps.entities.SdkEntity to files
2026-05-27 02:07:11,561 [  36576]   INFO - #c.i.w.i.i.j.s.JpsGlobalModelSynchronizerImpl - Saving global entities com.intellij.platform.workspace.jps.entities.LibraryEntity to files
2026-05-27 02:07:11,578 [  36593]   INFO - #c.i.a.o.PathMacrosImpl - Saved path macros: {MAVEN_REPOSITORY=/home/evgrart/.m2/repository}
2026-05-27 02:07:11,587 [  36602]   INFO - STDOUT - Configuration phase 2 is completed. Initiating another phase to cover possible side effects...
2026-05-27 02:07:11,587 [  36602]   INFO - STDOUT - All configuration phases are completed.
2026-05-27 02:07:11,638 [  36653]   INFO - #o.j.q.s.i.r.s.QodanaProjectLoader - Configured project
2026-05-27 02:07:11,677 [  36692]   INFO - #c.i.o.p.UnindexedFilesScannerExecutor - [81207af4] Running task: com.intellij.util.indexing.UnindexedFilesScannerExecutorImpl$ScheduledScanningTask@3abf666d
2026-05-27 02:07:11,681 [  36696]   INFO - #c.i.w.i.i.EntitiesOrphanageImpl - Update orphanage. 0 modules added
2026-05-27 02:07:11,683 [  36698]   INFO - #c.i.w.i.i.WorkspaceModelImpl - Project model for project opi3 updated to version 9 in 24 ms: Sync global entities with project: opi3
2026-05-27 02:07:11,683 [  36698]   INFO - #c.i.w.i.i.GlobalWorkspaceModel - During global workspace model update the changes were also applied to project: opi3
2026-05-27 02:07:11,683 [  36698]   INFO - #c.i.w.i.i.GlobalWorkspaceModel - Global model updated to version 3 in 30 ms: Modifying SDK SdkId(name=17, type=JavaSDK)
2026-05-27 02:07:11,719 [  36734]   INFO - #c.i.u.i.UnindexedFilesScanner - [81207af4] scanning stage (scanning id=2): DelayedPushProperties
2026-05-27 02:07:11,731 [  36746]   INFO - #c.i.u.i.FileBasedIndexImpl - Indexes are already loaded
2026-05-27 02:07:11,731 [  36746]   INFO - #c.i.u.i.UnindexedFilesScanner - [81207af4] Started scanning for indexing of [opi3]. Reason: Changes from WorkspaceFileIndex (140 iterators)
2026-05-27 02:07:11,732 [  36747]   INFO - #c.i.u.i.UnindexedFilesScanner - [81207af4] scanning stage (scanning id=2): CreatingIterators
2026-05-27 02:07:11,732 [  36747]   INFO - #c.i.u.i.UnindexedFilesScanner - [81207af4] scanning stage (scanning id=2): CollectingIndexableFiles
2026-05-27 02:07:11,732 [  36747]   INFO - #c.i.u.i.UnindexedFilesScanner - Scanning of [opi3] uses 8 scanning threads
2026-05-27 02:07:13,368 [  38383]   INFO - #c.i.u.i.UnindexedFilesScanner - [81207af4] Scanning completed for [opi3]. Number of scanned files: 42297; number of files for indexing: 0
2026-05-27 02:07:13,376 [  38391]   INFO - #c.i.u.i.PerProjectIndexingQueue - Finished for [opi3]. No files to index with loading content.
2026-05-27 02:07:13,377 [  38392]   INFO - #c.i.o.p.UnindexedFilesScannerExecutor - [81207af4] Task finished (scanning id=2): com.intellij.util.indexing.UnindexedFilesScannerExecutorImpl$ScheduledScanningTask@3abf666d
2026-05-27 02:07:13,383 [  38398]   INFO - #c.i.o.p.UnindexedFilesScannerExecutor - [81207af4] Running task: com.intellij.util.indexing.UnindexedFilesScannerExecutorImpl$ScheduledScanningTask@25ff5718
2026-05-27 02:07:13,383 [  38398]   INFO - #c.i.o.p.UnindexedFilesScannerExecutor - [81207af4] Skipping task: com.intellij.util.indexing.UnindexedFilesScannerExecutorImpl$ScheduledScanningTask@25ff5718
2026-05-27 02:07:13,386 [  38401]   INFO - #o.j.q.s.i.r.ConsoleLog - The Project configuration stage completed in 4s
2026-05-27 02:07:13,387 [  38402]   INFO - STDOUT - The Project configuration stage completed in 4s
2026-05-27 02:07:17,970 [  42985]   INFO - STDOUT - Initializing project…Inspecting with the 'qodana.recommended' profile
2026-05-27 02:07:18,189 [  43204]   INFO - #o.j.q.s.p.QodanaProfile - The 'qodana.sanity' profile is configured for sanity checks
2026-05-27 02:07:21,784 [  46799]   INFO - #o.j.q.s.i.r.ConsoleLog - Preparing for the Project analysis stage ...
2026-05-27 02:07:21,784 [  46799]   INFO - STDOUT - Preparing for the Project analysis stage ...
2026-05-27 02:07:21,990 [  47005]   INFO - #c.i.a.AnalysisScope - Scanning scope took 87 ms
2026-05-27 02:07:22,006 [  47021]   INFO - #c.i.c.e.GlobalJavaInspectionContextImpl - Processing external usages finished in 1 ms
2026-05-27 02:07:22,249 [  47264]   INFO - STDOUT - Analyzing code 1%
2026-05-27 02:07:22,450 [  47465]   INFO - #c.i.x.Html5SchemaProvider - HTML5_SCHEMA_LOCATION = /home/evgrart/.cache/JetBrains/Qodana/qodana-QDJVMC-261.24091.87.tar/lib/intellij.relaxng.jar!/resources/html5-schema/html5.rnc
2026-05-27 02:07:22,725 [  47740]   INFO - STDOUT - Analyzing code 2%
2026-05-27 02:07:22,752 [  47767]   INFO - STDOUT - Analyzing code 3%
2026-05-27 02:07:22,760 [  47775]   INFO - STDOUT - Analyzing code 4%
2026-05-27 02:07:22,782 [  47797]   INFO - STDOUT - Analyzing code 5%
2026-05-27 02:07:22,792 [  47807]   INFO - STDOUT - Analyzing code 6%
2026-05-27 02:07:22,810 [  47825]   INFO - STDOUT - Analyzing code 7%
2026-05-27 02:07:22,817 [  47832]   INFO - STDOUT - Analyzing code 8%
2026-05-27 02:07:22,840 [  47855]   INFO - STDOUT - Analyzing code 9%
2026-05-27 02:07:22,884 [  47899]   INFO - STDOUT - Analyzing code 10%
2026-05-27 02:07:22,912 [  47927]   INFO - STDOUT - Analyzing code 11%
2026-05-27 02:07:22,989 [  48004]   INFO - STDOUT - Analyzing code 12%
2026-05-27 02:07:23,009 [  48024]   INFO - STDOUT - Analyzing code 13%
2026-05-27 02:07:23,013 [  48028]   INFO - STDOUT - Analyzing code 14%
2026-05-27 02:07:23,023 [  48038]   INFO - STDOUT - Analyzing code 15%
2026-05-27 02:07:23,199 [  48214]   INFO - STDOUT - Analyzing code 16%
2026-05-27 02:07:23,300 [  48315]   INFO - STDOUT - Analyzing code 17%
2026-05-27 02:07:23,404 [  48419]   INFO - STDOUT - Analyzing code 18%
2026-05-27 02:07:23,422 [  48437]   INFO - STDOUT - Analyzing code 19%
2026-05-27 02:07:23,451 [  48466]   INFO - STDOUT - Analyzing code 20%
2026-05-27 02:07:23,563 [  48578]   INFO - STDOUT - Analyzing code 21%
2026-05-27 02:07:23,580 [  48595]   INFO - STDOUT - Analyzing code 22%
2026-05-27 02:07:23,589 [  48604]   INFO - STDOUT - Analyzing code 23%
2026-05-27 02:07:23,633 [  48648]   INFO - STDOUT - Analyzing code 24%
2026-05-27 02:07:23,646 [  48661]   INFO - STDOUT - Analyzing code 25%
2026-05-27 02:07:23,649 [  48664]   INFO - STDOUT - Analyzing code 25%
2026-05-27 02:07:23,660 [  48675]   INFO - STDOUT - Analyzing code 26%
2026-05-27 02:07:23,702 [  48717]   INFO - STDOUT - Analyzing code 27%
2026-05-27 02:07:23,711 [  48726]   INFO - STDOUT - Analyzing code 28%
2026-05-27 02:07:23,723 [  48738]   INFO - STDOUT - Analyzing code 29%
2026-05-27 02:07:23,780 [  48795]   INFO - STDOUT - Analyzing code 30%
2026-05-27 02:07:23,829 [  48844]   INFO - STDOUT - Analyzing code 31%
2026-05-27 02:07:23,847 [  48862]   INFO - STDOUT - Analyzing code 32%
2026-05-27 02:07:23,929 [  48944]   INFO - STDOUT - Analyzing code 33%
2026-05-27 02:07:24,168 [  49183]   INFO - #c.i.o.p.i.ProgressManagerImpl - checkCancelled is invoked while write-action is pending. nonCancellable: false, hasProgressIndicator: false, hasContextJob: true, hasNoneBehavior: false, hasOnlyHooksBehavior: true, cancelled: false
2026-05-27 02:07:24,832 [  49847]   INFO - STDOUT - Analyzing code 34%
2026-05-27 02:07:24,832 [  49847]   INFO - STDOUT - Analyzing code 34%
2026-05-27 02:07:24,839 [  49854]   INFO - STDOUT - Analyzing code 35%
2026-05-27 02:07:24,840 [  49855]   INFO - STDOUT - Analyzing code 34%
2026-05-27 02:07:25,035 [  50050]   INFO - STDOUT - Analyzing code 36%
2026-05-27 02:07:25,050 [  50065]   INFO - STDOUT - Analyzing code 37%
2026-05-27 02:07:25,063 [  50078]   INFO - STDOUT - Analyzing code 38%
2026-05-27 02:07:25,231 [  50246]   INFO - STDOUT - Analyzing code 39%
2026-05-27 02:07:25,245 [  50260]   INFO - STDOUT - Analyzing code 40%
2026-05-27 02:07:25,276 [  50291]   INFO - STDOUT - Analyzing code 41%
2026-05-27 02:07:25,701 [  50716]   INFO - STDOUT - Analyzing code 42%
2026-05-27 02:07:25,733 [  50748]   INFO - STDOUT - Analyzing code 43%
2026-05-27 02:07:25,786 [  50801]   INFO - STDOUT - Analyzing code 44%
2026-05-27 02:07:25,803 [  50818]   INFO - STDOUT - Analyzing code 45%
2026-05-27 02:07:25,843 [  50858]   INFO - STDOUT - Analyzing code 46%
2026-05-27 02:07:26,823 [  51838]   INFO - STDOUT - Analyzing code 47%
2026-05-27 02:07:27,636 [  52651]   INFO - #o.j.q.s.i.r.ConsoleLog - The Project analysis stage completed in 5s
2026-05-27 02:07:27,637 [  52652]   INFO - STDOUT - The Project analysis stage completed in 5s
2026-05-27 02:07:27,643 [  52658]   INFO - #o.j.q.s.i.r.AsyncInspectionToolResultWriter - Async result writer started
2026-05-27 02:07:27,687 [  52702]   INFO - #o.j.q.s.s.n.RuntimeNotificationCollector$NotificationReportContributor - No tool errors to report to sarif file
2026-05-27 02:07:27,688 [  52703]   WARN - #o.j.q.s.s.GitReportContributor - Unable to find the branch name, please set the environment variable QODANA_BRANCH
2026-05-27 02:07:27,688 [  52703]   WARN - #o.j.q.s.s.GitReportContributor - Unable to find the remote url, please set the environment variable QODANA_REMOTE_URL
2026-05-27 02:07:27,688 [  52703]   WARN - #o.j.q.s.s.GitReportContributor - Unable to find the revision, please set the environment variable QODANA_REVISION
2026-05-27 02:07:27,688 [  52703]   WARN - #o.j.q.s.s.GitReportContributor - Unable to parse the repository url, please set the environment variable QODANA_REPO_URL, should start with https://
2026-05-27 02:07:27,865 [  52880]   INFO - #c.i.c.ComponentStoreImpl - Saving Project(name=opi3, containerState=COMPONENT_CREATED, componentStore=/home/evgrart/opi3)Kotlin2JvmCompilerArguments took 11 ms
2026-05-27 02:07:27,903 [  52918]   INFO - #c.i.u.i.PersistentDirtyFilesQueue - Dirty file ids stored. Size: 0. Index: 2 Path: /home/evgrart/.cache/JetBrains/Qodana/ac8555c8-b0bfb7b1/cache/idea/261/index/dirty-file-queues/81207af4
2026-05-27 02:07:27,918 [  52933]   INFO - #c.i.p.p.ProjectEntitiesStorage - Project ProjectId#ovh2bta5gbm48jut6rmq is disposed, removing entity
2026-05-27 02:07:27,921 [  52936]   INFO - #c.i.p.d.i.f.FrontendXBreakpointManager - Breakpoint removed for XBreakpointId(uid=1)
2026-05-27 02:07:27,937 [  52952]   INFO - #c.i.w.i.i.GlobalWorkspaceModel - Project opi3 is removed from the list of initializing and open projects. Project was disposed.
2026-05-27 02:07:27,988 [  53003]   INFO - #c.i.c.b.CompilerReferenceServiceBase - backward reference index reader is closed (didn't exist)
2026-05-27 02:07:28,049 [  53064]   INFO - STDOUT - 
2026-05-27 02:07:28,049 [  53064]   INFO - STDOUT - Qodana - Detailed summary
2026-05-27 02:07:28,049 [  53064]   INFO - STDOUT - Analysis results: 0 problem detected
2026-05-27 02:07:28,049 [  53064]   INFO - STDOUT - 
2026-05-27 02:07:28,409 [  53424]   INFO - #o.j.q.s.i.r.QodanaInspectionApplication - sessionId: 26052623-a44bc5cd004d
2026-05-27 02:07:28,429 [  53444]   INFO - #c.i.w.i.i.j.s.JpsGlobalModelSynchronizerImpl - Saving global entities com.intellij.platform.workspace.jps.entities.SdkEntity to files
2026-05-27 02:07:28,431 [  53446]   INFO - #c.i.w.i.i.j.s.JpsGlobalModelSynchronizerImpl - Saving global entities com.intellij.platform.workspace.jps.entities.LibraryEntity to files
2026-05-27 02:07:28,450 [  53465]   INFO - #c.i.a.o.PathMacrosImpl - Saved path macros: {MAVEN_REPOSITORY=/home/evgrart/.m2/repository}
2026-05-27 02:07:28,495 [  53510]   INFO - #c.i.i.s.e.u.EventLogExternalUploader - Statistics. Started external process for uploading event log
2026-05-27 02:07:28,524 [  53539]   INFO - #c.i.o.f.i.FileTypeDetectionService - 4 auto-detected files. Detection took 14 ms
2026-05-27 02:07:28,547 [  53562]   INFO - #o.j.i.BuiltInServer - web server stopped
2026-05-27 02:07:28,554 [  53569]   INFO - #c.i.u.i.FileBasedIndexImpl - Index dispose started
2026-05-27 02:07:28,558 [  53573]   INFO - #c.i.u.i.PersistentDirtyFilesQueue - Dirty file ids stored. Size: 2. Index: 2 Path: /home/evgrart/.cache/JetBrains/Qodana/ac8555c8-b0bfb7b1/cache/idea/261/index/dirty-file-ids
2026-05-27 02:07:28,611 [  53626]   INFO - #c.i.p.s.StubIndexImpl - StubIndexExtension-s were unloaded
2026-05-27 02:07:28,611 [  53626]   INFO - #c.i.p.s.SerializationManagerImpl - Start shutting down /home/evgrart/.cache/JetBrains/Qodana/ac8555c8-b0bfb7b1/cache/idea/261/index/rep.names
2026-05-27 02:07:28,612 [  53627]   INFO - #c.i.p.s.SerializationManagerImpl - Finished shutting down /home/evgrart/.cache/JetBrains/Qodana/ac8555c8-b0bfb7b1/cache/idea/261/index/rep.names
2026-05-27 02:07:28,613 [  53628]   INFO - #c.i.u.i.FileBasedIndexImpl - Index dispose completed in 59ms.
2026-05-27 02:07:28,729 [  53744]   INFO - #c.i.o.v.n.p.PersistentFSImpl - VFS dispose started
2026-05-27 02:07:28,730 [  53745]   INFO - #c.i.o.v.n.p.FSRecordsImpl - VFS closing
2026-05-27 02:07:28,733 [  53748]   INFO - #c.i.o.v.n.p.PersistentFSImpl - VFS dispose completed in 3 ms.
2026-05-27 02:07:29,049 [  54064]   INFO - #c.i.p.i.b.AppStarter - ------------------------------------------------------ IDE SHUTDOWN ------------------------------------------------------
2026-05-27 17:22:59,683 [     23]   INFO - #c.i.p.i.b.AppStarter - ------------------------------------------------------ IDE STARTED ------------------------------------------------------
2026-05-27 17:22:59,691 [     31]   INFO - #c.i.p.i.b.AppStarter - loading shell environment is turned off
2026-05-27 17:22:59,694 [     34]   INFO - #c.i.p.i.b.AppStarter - Will skip the config import to directory "/home/evgrart/.cache/JetBrains/Qodana/ac8555c8-b0bfb7b1/config" (exists = true). Current entries: "event-log-metadata", "options", "ide.vmoptions", "bundled_plugins.txt", "ssl", "tasks", "workspace", "early-access-registry.txt".
2026-05-27 17:22:59,726 [     66]   INFO - #c.i.p.i.b.AppStarter - JNA library (64-bit) loaded in 34 ms
2026-05-27 17:22:59,740 [     80]   INFO - #c.i.p.i.b.AppStarter - IDE: Qodana for JVM (build #QDJVM-261.24091, Wed, 27 May 2026 17:22:59 +0300)
2026-05-27 17:22:59,742 [     82]   INFO - #c.i.p.i.b.AppStarter - OS: Linux (6.17.0-29-generic)
2026-05-27 17:22:59,742 [     82]   INFO - #c.i.p.i.b.AppStarter - JRE: 25.0.2+10-b329.111, amd64 (JetBrains s.r.o.)
2026-05-27 17:22:59,743 [     83]   INFO - #c.i.p.i.b.AppStarter - JVM: 25.0.2+10-b329.111 (OpenJDK 64-Bit Server VM)
2026-05-27 17:22:59,745 [     85]   INFO - #c.i.p.i.b.AppStarter - PID: 9728
2026-05-27 17:22:59,745 [     85]   INFO - #c.i.p.i.b.AppStarter - desktop: KDE
2026-05-27 17:22:59,746 [     86]   INFO - #c.i.p.i.b.AppStarter - toolkit: sun.awt.HeadlessToolkit
2026-05-27 17:22:59,771 [    111]   INFO - #c.i.p.i.b.AppStarter - JVM options: [abort, vfprintf, -XX:ErrorFile=/home/evgrart/java_error_in_idea_%p.log, -XX:HeapDumpPath=/home/evgrart/java_error_in_idea.hprof, -Xms128m, -XX:JbrShrinkingGcMaxHeapFreeRatio=40, -XX:ReservedCodeCacheSize=512m, -XX:+HeapDumpOnOutOfMemoryError, -XX:-OmitStackTraceInFastThrow, -XX:CICompilerCount=2, -XX:+IgnoreUnrecognizedVMOptions, -XX:+UnlockDiagnosticVMOptions, -XX:TieredOldPercentage=100000, -ea, -Dsun.io.useCanonCaches=false, -Dsun.java2d.metal=true, -Djbr.catch.SIGABRT=true, -Djdk.http.auth.tunneling.disabledSchemes="", -Djdk.attach.allowAttachSelf=true, -Djdk.module.illegalAccess.silent=true, -Djdk.nio.maxCachedBufferSize=2097152, -Djava.util.zip.use.nio.for.zip.file.access=true, -Dkotlinx.coroutines.debug=off, -Dskiko.rendering.useScreenMenuBar=false, -Djava.nio.file.spi.DefaultFileSystemProvider=com.intellij.platform.core.nio.fs.MultiRoutingFileSystemProvider, -Dintellij.plugins.custom.built.in.repository.url=https://buildserver.labs.intellij.net/guestAuth/repository/download/ijplatform_IjPlatform261_IdeaInstallersBuild/930158814:id/IU-plugins/plugins.xml,https://buildserver.labs.intellij.net/guestAuth/repository/download/ijplatform_IjPlatform261_IdeaInstallersBuild/930158814:id/IU-plugins/auto-uploading/plugins.xml, -Dsun.tools.attach.tmp.only=true, -Dawt.lock.fair=true, -Dawt.toolkit.name=auto, -Djava.awt.headless=true, -Didea.log.path=/mnt/agent/work/75485c7b3f73db93/logs/plugins/, -Ddisabled.plugins.file.path=/home/evgrart/.cache/JetBrains/Qodana/qodana-QDJVMC-261.24091.87.tar/disabled_plugins.txt, -Didea.config.path=/home/evgrart/.cache/JetBrains/Qodana/ac8555c8-b0bfb7b1/config, -Didea.headless.enable.statistics=true, -Didea.headless.statistics.device.id=200820300000000-0000-0000-0000-000000000000, -Didea.headless.statistics.salt=0229f593f62e84ad29a64cebb6a9b861, -Didea.log.path=dist/qodana/results/log, -Didea.plugins.path=/home/evgrart/.cache/JetBrains/Qodana/ac8555c8-b0bfb7b1/cache/plugins/261, -Didea.system.path=/home/evgrart/.cache/JetBrains/Qodana/ac8555c8-b0bfb7b1/cache/idea/261, -Dplugin.path=/home/evgrart/.cache/JetBrains/Qodana/qodana-QDJVMC-261.24091.87.tar/custom-plugins/devkit,/home/evgrart/.cache/JetBrains/Qodana/qodana-QDJVMC-261.24091.87.tar/custom-plugins/uiDesigner, -Dqodana.automation.guid=eedbd569-885a-47bd-82f4-11aca8961d8a, -Dqodana.coverage.input=/home/evgrart/opi3/.qodana/code-coverage, -Dqodana.path.to.project.dir.from.project.root=opi3, -XX:MaxRAMPercentage=70, -Xlog:gc*:dist/qodana/results/log/gc.log, -Djb.vmOptionsFile=/home/evgrart/.cache/JetBrains/Qodana/ac8555c8-b0bfb7b1/config/ide.vmoptions, -Djava.system.class.loader=com.intellij.util.lang.PathClassLoader, -Didea.vendor.name=JetBrains, -Didea.paths.selector=IntelliJIdea2026.1, -Djna.boot.library.path=/home/evgrart/.cache/JetBrains/Qodana/qodana-QDJVMC-261.24091.87.tar/lib/jna/amd64, -Djna.nosys=true, -Djna.noclasspath=true, -Dpty4j.preferred.native.folder=/home/evgrart/.cache/JetBrains/Qodana/qodana-QDJVMC-261.24091.87.tar/lib/pty4j, -Dio.netty.allocator.type=pooled, -Dskiko.library.path=/home/evgrart/.cache/JetBrains/Qodana/qodana-QDJVMC-261.24091.87.tar/lib/skiko-awt-runtime-all, -Dintellij.platform.runtime.repository.path=/home/evgrart/.cache/JetBrains/Qodana/qodana-QDJVMC-261.24091.87.tar/modules/module-descriptors.dat, -Dsplash=true, -Daether.connector.resumeDownloads=false, -Dcompose.swing.render.on.graphics=true, --enable-native-access=ALL-UNNAMED, --add-opens=java.base/java.io=ALL-UNNAMED, --add-opens=java.base/java.lang=ALL-UNNAMED, --add-opens=java.base/java.lang.ref=ALL-UNNAMED, --add-opens=java.base/java.lang.reflect=ALL-UNNAMED, --add-opens=java.base/java.net=ALL-UNNAMED, --add-opens=java.base/java.nio=ALL-UNNAMED, --add-opens=java.base/java.nio.charset=ALL-UNNAMED, --add-opens=java.base/java.text=ALL-UNNAMED, --add-opens=java.base/java.time=ALL-UNNAMED, --add-opens=java.base/java.util=ALL-UNNAMED, --add-opens=java.base/java.util.concurrent=ALL-UNNAMED, --add-opens=java.base/java.util.concurrent.atomic=ALL-UNNAMED, --add-opens=java.base/java.util.concurrent.locks=ALL-UNNAMED, --add-opens=java.base/jdk.internal.ref=ALL-UNNAMED, --add-opens=java.base/jdk.internal.vm=ALL-UNNAMED, --add-opens=java.base/sun.net.dns=ALL-UNNAMED, --add-opens=java.base/sun.nio=ALL-UNNAMED, --add-opens=java.base/sun.nio.ch=ALL-UNNAMED, --add-opens=java.base/sun.nio.fs=ALL-UNNAMED, --add-opens=java.base/sun.security.ssl=ALL-UNNAMED, --add-opens=java.base/sun.security.util=ALL-UNNAMED, --add-opens=java.desktop/com.sun.java.swing=ALL-UNNAMED, --add-opens=java.desktop/com.sun.java.swing.plaf.gtk=ALL-UNNAMED, --add-opens=java.desktop/java.awt=ALL-UNNAMED, --add-opens=java.desktop/java.awt.dnd.peer=ALL-UNNAMED, --add-opens=java.desktop/java.awt.event=ALL-UNNAMED, --add-opens=java.desktop/java.awt.font=ALL-UNNAMED, --add-opens=java.desktop/java.awt.image=ALL-UNNAMED, --add-opens=java.desktop/java.awt.peer=ALL-UNNAMED, --add-opens=java.desktop/javax.swing=ALL-UNNAMED, --add-opens=java.desktop/javax.swing.plaf.basic=ALL-UNNAMED, --add-opens=java.desktop/javax.swing.text=ALL-UNNAMED, --add-opens=java.desktop/javax.swing.text.html=ALL-UNNAMED, --add-opens=java.desktop/javax.swing.text.html.parser=ALL-UNNAMED, --add-opens=java.desktop/sun.awt=ALL-UNNAMED, --add-opens=java.desktop/sun.awt.X11=ALL-UNNAMED, --add-opens=java.desktop/sun.awt.datatransfer=ALL-UNNAMED, --add-opens=java.desktop/sun.awt.image=ALL-UNNAMED, --add-opens=java.desktop/sun.font=ALL-UNNAMED, --add-opens=java.desktop/sun.java2d=ALL-UNNAMED, --add-opens=java.desktop/sun.swing=ALL-UNNAMED, --add-opens=java.management/sun.management=ALL-UNNAMED, --add-opens=jdk.attach/sun.tools.attach=ALL-UNNAMED, --add-opens=jdk.compiler/com.sun.tools.javac.api=ALL-UNNAMED, --add-opens=jdk.internal.jvmstat/sun.jvmstat.monitor=ALL-UNNAMED, --add-opens=jdk.jdi/com.sun.tools.jdi=ALL-UNNAMED, -Dqodana.application=true, -Dintellij.platform.load.app.info.from.resources=true, -Dfus.internal.reduce.initial.delay=true, -Didea.headless.statistics.max.files.to.send=5000, -Djava.awt.headless=true, -Didea.qodana.thirdpartyplugins.accept=true, -Dide.warmup.use.predicates=false, -Dvcs.log.index.enable=false, -Didea.job.launcher.without.timeout=true, -Dscanning.in.smart.mode=false, -Deap.login.enabled=false, -Dsdk.download.consent=true, -Dide.activity.tracking.enable.debug=true, -Deslint.service.expiration.timeout.ms=5000, -Dphp.additional.library.manager.new.updater=true, -Dide.region.url.mapping.expiration.timeout=7200, -Dexternal.system.auto.import.headless.async=true, -Dmaven.default.headless.import=true, -Dide.do.not.check.ls.on.startup=true, -Dqodana.product.name=Qodana for JVM, -Dqodana.build.number=QDJVM-261.24091, -Dqodana.eap=false, -Dide.native.launcher=true]
2026-05-27 17:22:59,772 [    112]   INFO - #c.i.p.i.b.AppStarter - args: qodana --config qodana.yaml --config-dir /tmp/qd-effective-config-2695807531 /home/evgrart/opi3 dist/qodana/results
2026-05-27 17:22:59,773 [    113]   INFO - #c.i.p.i.b.AppStarter - library path: /usr/java/packages/lib:/usr/lib64:/lib64:/lib:/usr/lib
2026-05-27 17:22:59,773 [    113]   INFO - #c.i.p.i.b.AppStarter - boot library path: /home/evgrart/.cache/JetBrains/Qodana/qodana-QDJVMC-261.24091.87.tar/jbr/lib
2026-05-27 17:22:59,776 [    116]   INFO - #c.i.p.i.b.AppStarter - locale=en_US JNU=UTF-8 file.encoding=UTF-8
    idea.home.path=/home/evgrart/.cache/JetBrains/Qodana/qodana-QDJVMC-261.24091.87.tar
    idea.config.path=/home/evgrart/.cache/JetBrains/Qodana/ac8555c8-b0bfb7b1/config
    idea.system.path=/home/evgrart/.cache/JetBrains/Qodana/ac8555c8-b0bfb7b1/cache/idea/261
    idea.plugins.path=/home/evgrart/.cache/JetBrains/Qodana/ac8555c8-b0bfb7b1/cache/plugins/261 -> java.nio.file.NoSuchFileException: /home/evgrart/.cache/JetBrains/Qodana/ac8555c8-b0bfb7b1/cache/plugins/261
    idea.log.path=/home/evgrart/opi3/dist/qodana/results/log
2026-05-27 17:22:59,782 [    122]   INFO - #c.i.p.i.b.AppStarter - CPU cores: 8; ForkJoinPool.commonPool: java.util.concurrent.ForkJoinPool@3c8e5320[Running, parallelism = 8, size = 0, active = 0, running = 0, steals = 0, tasks = 0, submissions = 0]; factory: com.intellij.concurrency.IdeaForkJoinWorkerThreadFactory@75688bfe
2026-05-27 17:23:00,126 [    466]   INFO - #c.i.i.p.DisabledPluginsState - Plugins to disable: [com.intellij.modules.ultimate],  was already disabled, nothing changed
2026-05-27 17:23:00,145 [    485]   WARN - #c.i.i.p.PluginManager - Dist index is missing or corrupted; an OLD, DEPRECATED, SOON-TO-BE-REMOVED implementation will be used
2026-05-27 17:23:00,497 [    837]   INFO - #c.i.i.p.PluginManager - Ignoring cached broken plugins file from an earlier IDE build (IU-261.24091)
2026-05-27 17:23:00,602 [    942]   INFO - #c.i.i.p.PluginManager - Plugin set resolution:
Module intellij.json.frontend.split is not enabled because dependency intellij.platform.frontend.split is not available
Module intellij.properties.copyright is not enabled because dependency com.intellij.copyright is not available
Module intellij.platform.identifiers.highlighting.backend is not enabled because dependency com.jetbrains.remoteDevelopment is not available
Module intellij.editorconfig.frontend.split is not enabled because dependency intellij.platform.frontend.split is not available
Module intellij.vcs.git.terminal is not enabled because dependency org.jetbrains.plugins.terminal is not available
Module intellij.devkit.mcp is not enabled because dependency com.intellij.mcpServer is not available
Module intellij.kotlin.devkit.k1 is not enabled because dependency com.intellij.modules.kotlin.k1 is not available
Module intellij.devkit.workspaceModel.k1 is not enabled because dependency com.intellij.modules.kotlin.k1 is not available
Module intellij.kotlin.performanceExtendedPlugin is not enabled because dependency intellij.performanceTesting.vcs is not available
Module intellij.kotlin.jvm.decompiler is not enabled because dependency org.jetbrains.java.decompiler is not available
Module intellij.kotlin.completion.ml is not enabled because dependency com.intellij.completion.ml.ranking is not available
Module intellij.kotlin.grazie is not enabled because dependency tanvd.grazi is not available
Module intellij.kotlin.coverage is not enabled because dependency Coverage is not available
Module intellij.kotlin.copyright is not enabled because dependency com.intellij.copyright is not available
Module kotlin-ultimate.profiler is not enabled because dependency com.intellij.LineProfiler is not available
Module kotlin-ultimate.wasm.debugger is not enabled because dependency intellij.javascript.debugger.backend is not available
Module kotlin-ultimate.javascript.nodeJs is not enabled because dependency intellij.javascript.codeinsight is not available
Module kotlin-ultimate.javascript.debugger is not enabled because dependency intellij.javascript.debugger.backend is not available
Module intellij.java.promo is not enabled because dependency com.intellij.modules.idea.community is not available
Module intellij.java.copyright is not enabled because dependency com.intellij.copyright is not available
Module intellij.profiler.ultimate is not enabled because dependency com.intellij.modules.ultimate is not available
Module intellij.java.duplicates.analysis is not enabled because dependency com.intellij.modules.ultimate is not available
Module intellij.java.duplicates is not enabled because dependency com.intellij.modules.ultimate is not available
Module intellij.java.duplicatesDetection is not enabled because dependency intellij.java.duplicates is not available
Module intellij.java.terminal is not enabled because dependency org.jetbrains.plugins.terminal is not available
Module intellij.java.performancePlugin is not enabled because dependency intellij.performanceTesting.vcs is not available
Module intellij.java.featuresTrainer is not enabled because dependency training is not available
Module intellij.kotlin.featuresTrainer is not enabled because dependency intellij.java.featuresTrainer is not available
Module intellij.java.backend.split is not enabled because dependency intellij.platform.backend.split is not available
Module intellij.java.frontend.split is not enabled because dependency intellij.platform.frontend.split is not available
Module kotlin-ultimate.native-debugger is not enabled because dependency intellij.cidr.runner is not available
Module kotlin-ultimate.ultimate-native is not enabled because dependency kotlin-ultimate.native-debugger is not available
Module intellij.gradle.java.coverage is not enabled because dependency Coverage is not available
Module intellij.gradle.java.toml is not enabled because dependency intellij.toml.core is not available
Module intellij.gradle.dependencyUpdater is not enabled because dependency org.jetbrains.idea.gradle.dsl is not available
Module intellij.gradle.analysis is not enabled because dependency org.jetbrains.idea.gradle.dsl is not available
Module intellij.java.ide.customization.training is not enabled because dependency intellij.java.featuresTrainer is not available
Module intellij.qodana.rust is not enabled because dependency com.intellij.modules.rustrover is not available
Module intellij.qodana.jvm.swagger is not enabled because dependency com.intellij.swagger is not available
Module intellij.qodana.python.community is not enabled because dependency com.intellij.modules.python is not available
Module intellij.qodana.inspectionKts is not enabled because dependency com.intellij.modules.ultimate is not available
Module intellij.qodana.inspectionKts.mcp is not enabled because dependency intellij.qodana.inspectionKts is not available
Module intellij.qodana.inspectionKts.java is not enabled because dependency intellij.qodana.inspectionKts is not available
Module intellij.qodana.inspectionKts.kotlin is not enabled because dependency intellij.qodana.inspectionKts is not available
Module intellij.qodana.inspectionKts.js is not enabled because dependency intellij.qodana.inspectionKts is not available
Module intellij.qodana.cpp is not enabled because dependency intellij.cidr.projectModel is not available
Module intellij.qodana.jvm.coverage is not enabled because dependency Coverage is not available
Module intellij.qodana.python.coverage is not enabled because dependency intellij.python is not available
Module intellij.qodana.php is not enabled because dependency com.jetbrains.php is not available
Module intellij.qodana.js is not enabled because dependency JavaScript is not available
Module intellij.qodana.go is not enabled because dependency intellij.go.coverage is not available
Module intellij.qodana/yaml is not enabled because dependency intellij.yaml.backend is not available
Module intellij.gradle.java.groovy.ml is not enabled because dependency com.intellij.completion.ml.ranking is not available
Module intellij.gradle.java.groovy.toml is not enabled because dependency intellij.gradle.java.toml is not available
Module intellij.groovy.byteCodeViewer is not enabled because dependency ByteCodeViewer is not available
Module intellij.groovy.copyright is not enabled because dependency intellij.java.copyright is not available
Module intellij.groovy.ant is not enabled because dependency AntSupport is not available
Module intellij.groovy.duplicates is not enabled because dependency com.intellij.modules.ultimate is not available
Module intellij.gradle.toml is not enabled because dependency intellij.toml.core is not available
Module intellij.kotlin.gradle.codeInsight.toml is not enabled because dependency intellij.gradle.java.toml is not available
Module intellij.kotlin.gradle.codeInsight.toml.k2 is not enabled because dependency intellij.gradle.java.toml is not available
Module intellij.maven.profiler is not enabled because dependency intellij.profiler.ultimate is not available
Module intellij.gradle.java.performance is not enabled because dependency com.jetbrains.performancePlugin is not available
Module intellij.gradle.profiler is not enabled because dependency intellij.profiler.ultimate is not available
2026-05-27 17:23:00,632 [    972]   INFO - #c.i.p.i.b.AppStarter - Loaded bundled plugins: IDEA CORE (261.24091), DevKit Runtime (261.24091.0), Gradle (261.24091.0), Java (261.24091.0), Properties (261.24091.0), Qodana (261.24091.0), XPathView + XSLT (261.24091.0), JSON (261.24091.0), Git (261.24091.0), Configuration Script (261.24091.0), EditorConfig (261.24091.0), Kotlin (261.24091.0-IJ), Lombok (261.24091.0), JUnit (261.24091.0), TestNG (261.24091.0), Gradle for Java (261.24091.0), Java IDE Customization (261.24091.0), Java Internationalization (261.24091.0), Eclipse Interoperability (261.24091.0), Groovy (261.24091.0), Artifacts Repository Search (261.24091.0), Maven (261.24091.0)
2026-05-27 17:23:00,632 [    972]   INFO - #c.i.p.i.b.AppStarter - Loaded custom plugins: Plugin DevKit (261.24091.0), Swing UI Designer (261.24091.0)
2026-05-27 17:23:00,676 [   1016]   WARN - #c.i.p.instanceContainer - InstanceNotOverridableException: Override failed for com.intellij.openapi.project.impl.ProjectStoreFactory: com.intellij.configurationScript.providers.ConfigurationScriptProjectStoreFactory attempts to override com.intellij.configurationStore.PlatformLangProjectStoreFactory, but the existing implementation is not overriddable (not declared as 'open=true')
2026-05-27 17:23:00,883 [   1223]   INFO - #o.j.q.s.i.s.QodanaApplicationStarter - Command line arguments: [qodana, --config, qodana.yaml, --config-dir, /tmp/qd-effective-config-2695807531, /home/evgrart/opi3, dist/qodana/results]
2026-05-27 17:23:00,900 [   1240]   INFO - #c.i.u.i.PageCacheUtils - File page caching params:
	DEFAULT_PAGE_SIZE: 10485760
	Direct memory to use, max: 11563696128
	FilePageCache: regular
	Regular FilePageCache: 629145600 bytes
	DirectByteBuffers pool: 104857600 bytes
2026-05-27 17:23:00,931 [   1271]   INFO - #c.i.u.s.JBUIScale - System scale factor: 1.0 (IDE-managed HiDPI)
2026-05-27 17:23:00,949 [   1289]   INFO - #c.i.p.e.i.f.EelMultiRoutingFileSystemBackendInitializationService - Eel MultiRoutingFileSystem backend is initialized
2026-05-27 17:23:00,973 [   1313]   INFO - #c.i.o.v.n.i.VfsData - Use SoftReference in VFS cache: true
2026-05-27 17:23:01,036 [   1376]   INFO - #c.i.a.o.PathMacrosImpl - Loaded path macros: {MAVEN_REPOSITORY=/home/evgrart/.m2/repository}
2026-05-27 17:23:01,045 [   1385]   INFO - #c.i.o.v.n.p.PersistentFSLoader - VFS uses names enumerator over mmapped file
2026-05-27 17:23:01,049 [   1389]   INFO - #c.i.o.v.n.p.PersistentFSLoader - VFS uses streamlined attributes storage (over mmapped file)
2026-05-27 17:23:01,052 [   1392]   INFO - #c.i.o.v.n.p.PersistentFSLoader - VFS uses content storage over memory-mapped file, with compression algo: LZ4[ > 8000b ]
2026-05-27 17:23:01,055 [   1395]   INFO - #c.i.o.v.n.p.PersistentFSLoader - VFS uses OverMMappedFile(pageSize=67108864, acquireStorageOwnership=true) storage for main file records table
2026-05-27 17:23:01,088 [   1428]   INFO - #c.i.o.v.n.p.PersistentFSLoader - VFS: impl (expected) version=65, 111958 file records, 209 content blobs
2026-05-27 17:23:01,107 [   1447]   INFO - #c.i.o.v.n.p.FSRecordsImpl - VFS initialized: 63 ms, 0 failed attempts, 0 error(s) were recovered
2026-05-27 17:23:01,151 [   1491]   INFO - #c.i.o.u.LowMemoryWatcherManager - Use ExponentiallySmoothingTracker(90000 ms)
2026-05-27 17:23:01,171 [   1511]   INFO - #c.i.o.u.LowMemoryWatcherManager - Subscribing to MemoryPool[G1 Old Gen]{max: 11584667648, threshold: 11005433856 (0.95 * max)}
2026-05-27 17:23:01,172 [   1512]   INFO - #c.i.o.u.LowMemoryWatcherManager - Schedule GC-time updating: each 15000ms
2026-05-27 17:23:01,182 [   1522]   INFO - #c.i.o.v.n.p.PersistentFSImpl - VFS.MAX_FILE_LENGTH_TO_CACHE: 1048576
2026-05-27 17:23:01,213 [   1553]   INFO - c.i.p.i.IdeFingerprint - Calculated dependencies fingerprint in 399 ms (hash=3vtm1vfnhfxnk, buildTime=1779891779, appVersion=QDJVM-261.24091)
2026-05-27 17:23:01,268 [   1608]   INFO - #c.i.o.v.n.p.FSRecordsImpl - VFS scanned: file-by-name index was populated
2026-05-27 17:23:01,894 [   2234]   INFO - #c.i.p.k.b.BackendKernelServiceKt - Backend started Kernel
2026-05-27 17:23:01,909 [   2249]   INFO - #c.i.l.LocalizationStateServiceImpl - [i18n] Localization property from registry is null
2026-05-27 17:23:01,940 [   2280]   INFO - #c.i.i.p.ExpiredPluginsState - Plugins to skip: []
2026-05-27 17:23:01,958 [   2298]   INFO - #c.i.i.s.StatisticsRegionSettingsServiceImpl - Statistics. Region code is not_set
2026-05-27 17:23:02,079 [   2419]   INFO - #c.i.p.trialPromotion - IDE is not managed
2026-05-27 17:23:02,130 [   2470]   INFO - #c.i.o.v.n.p.FSRecords - VFS health-check enabled: first after 600000 ms, and each following 43200000 ms, wrap in RA: true
2026-05-27 17:23:02,144 [   2484]   INFO - #fleet.kernel.Transactor - Duration: 199.324146ms, change from: fleet.tracing.runtime.Span$Noop@1d7317f6
2026-05-27 17:23:02,400 [   2740]   INFO - #o.j.i.BuiltInServerManager - built-in server started, port 63342
2026-05-27 17:23:02,427 [   2767]   INFO - #c.i.u.n.s.CertificateManager - Default SSL context initialized
2026-05-27 17:23:02,443 [   2783]   INFO - #c.i.u.i.c.d.IndexWriter - Use com.intellij.util.indexing.contentQueue.dev.MultiThreadedWithSuspendIndexWriter@250eff55 as (parallel) index writer implementation
2026-05-27 17:23:02,450 [   2790]   INFO - #c.i.o.v.i.l.NativeFileWatcherImpl - Native file watcher is disabled
2026-05-27 17:23:02,455 [   2795]   INFO - #c.i.u.i.i.SlruIndexStorageCacheProvider - SLRU cache will be used for indexes
2026-05-27 17:23:02,455 [   2795]   INFO - #c.i.u.i.i.MapIndexStorageCacheProvider$Companion - Default index storage cache provider [com.intellij.util.indexing.impl.SlruIndexStorageCacheProvider@58000c77] is used
2026-05-27 17:23:02,459 [   2799]   INFO - #c.i.u.i.FileBasedIndexImpl - Loading indexes
2026-05-27 17:23:02,474 [   2814]   INFO - #c.i.u.i.PersistentDirtyFilesQueue - Dirty file ids read. Size: 2. Index: 2 Path: /home/evgrart/.cache/JetBrains/Qodana/ac8555c8-b0bfb7b1/cache/idea/261/index/dirty-file-ids.
2026-05-27 17:23:02,504 [   2844]   INFO - #c.i.f.n.TrigramIndexFilter - Filter exclude extensions is enabled: CustomizableExcludeExtensions([com.intellij.java.JavaLibrarySourcesExcludingIndexFilterExtension@68bcf6f4])
2026-05-27 17:23:02,973 [   3313]   INFO - #c.i.u.i.FileBasedIndexImpl - Indices to be built:FilenameIndex(v = 258)
2026-05-27 17:23:02,975 [   3315]   INFO - #c.i.u.i.FileBasedIndexImpl - Using simple flusher for indexes
2026-05-27 17:23:02,991 [   3331]   INFO - #c.i.u.i.IndexDataInitializer - Index data initialization done: 522 ms. Initialized indexes: [FilenameIndex, filetypes, Trigram.Index, XsltSymbolIndex, XmlTagNames, XmlNamespaces, SchemaTypeInheritance, html5.custom.attributes.index, FrameworkDetectionIndex, HashFragmentIndex, TodoIndex, fileIncludes, IdIndex, RelaxSymbolIndex, DomFileIndex, xmlProperties, java.auto.module.name, json.file.root.values, editorconfig.index.name, IdeaPluginRegistrationIndex, java.source.module.name, java.null.method.argument, java.fun.expression, java.binary.plus.expression, bytecodeAnalysis, devkit.ExtensionPointClassIndex, PluginIdModuleIndex, PluginIdDependenciesIndex, devkit.ExtensionPointIndex, org.jetbrains.kotlin.idea.versions.KotlinJvmMetadataVersionIndex, org.jetbrains.kotlin.idea.versions.KotlinJsMetadataVersionIndex, Stubs, org.jetbrains.kotlin.idea.vfilefinder.KotlinClassFileIndex, org.jetbrains.kotlin.idea.vfilefinder.KotlinJavaScriptMetaFileIndex, org.jetbrains.kotlin.idea.vfilefinder.KotlinPartialPackageNamesIndex, org.jetbrains.kotlin.idea.vfilefinder.KotlinMetadataFileIndex, org.jetbrains.kotlin.idea.vfilefinder.KotlinMetadataFilePackageIndex, org.jetbrains.kotlin.idea.vfilefinder.KotlinBuiltInsMetadataIndex, KotlinTopLevelClassLikeDeclarationByPackageShortNameIndex, KotlinPackageSourcesMemberNamesIndex, org.jetbrains.kotlin.idea.vfilefinder.KotlinStdlibIndex, org.jetbrains.kotlin.idea.vfilefinder.KotlinModuleMappingIndex, org.jetbrains.kotlin.idea.vfilefinder.KotlinJvmModuleAnnotationsIndex, org.jetbrains.kotlin.idea.vfilefinder.KlibMetaFileIndex, KotlinTopLevelCallableByPackageShortNameIndex, KotlinBinaryRootToPackageIndex, LombokConfigIndex, com.intellij.uiDesigner.FormClassIndex].
2026-05-27 17:23:03,288 [   3628]   INFO - #c.i.u.i.IndexDataInitializer - Index data initialization done: 295 ms. Initialized stub indexes: {org.jetbrains.kotlin.idea.stubindex.KotlinExactPackagesIndex, KotlinTopLevelExpectFunctionFqNameIndex, gr.method.name, org.jetbrains.kotlin.idea.stubindex.KotlinTypeAliasShortNameIndex, java.anonymous.baseref, org.jetbrains.kotlin.idea.stubindex.KotlinTopLevelFunctionFqnNameIndex, org.jetbrains.kotlin.idea.stubindex.KotlinPropertyShortNameIndex, KotlinTopLevelTypeAliasByPackageIndex, gr.field.name, org.jetbrains.kotlin.idea.stubindex.KotlinFunctionShortNameIndex, KotlinTypeAliasByExpansionShortNameIndex, gr.script.class, dom.elementClass, java.method.name, org.jetbrains.kotlin.idea.stubindex.KotlinMultifileClassPartIndex, org.jetbrains.kotlin.idea.stubindex.KotlinInnerTypeAliasClassIdIndex, org.jetbrains.kotlin.idea.stubindex.KotlinJvmNameAnnotationIndex, org.jetbrains.kotlin.idea.stubindex.KotlinScriptFqnIndex, org.jetbrains.kotlin.idea.stubindex.KotlinTopLevelClassByPackageIndex, gr.class.fqn.s, java.unnamed.class, java.module.name, org.jetbrains.kotlin.idea.stubindex.KotlinSuperClassIndex, KotlinOverridableInternalMembersShortNameIndex, KotlinProbablyNothingPropertyShortNameIndex, KotlinTopLevelExtensionsByReceiverTypeIndex, dom.namespaceKey, KotlinTopLevelPropertyByPackageIndex, gr.anonymous.class, java.record.component.name, KotlinExtensionsInObjectsByReceiverTypeIndex, org.jetbrains.kotlin.idea.stubindex.KotlinAnnotationsIndex, java.field.name, org.jetbrains.kotlin.idea.stubindex.KotlinFilePartClassIndex, jvm.static.member.name, java.method.parameter.types, jvm.static.member.type, gr.annot.method.name, java.class.shortname, org.jetbrains.kotlin.idea.stubindex.KotlinFileFacadeShortNameIndex, org.jetbrains.kotlin.idea.stubindex.KotlinTopLevelTypeAliasFqNameIndex, org.jetbrains.kotlin.idea.stubindex.KotlinClassShortNameIndex, gr.class.super, gr.annot.members, KotlinTopLevelFunctionByPackageIndex, properties.index, kotlin.primeIndexKey, gr.script.fqn.s, KotlinFileFacadeClassByPackageIndex, org.jetbrains.kotlin.idea.stubindex.KotlinFileFacadeFqNameIndex, java.class.fqn, java.class.extlist, org.jetbrains.kotlin.idea.stubindex.KotlinTopLevelPropertyFqnNameIndex, org.jetbrains.kotlin.idea.stubindex.KotlinSubclassObjectNameIndex, KotlinProbablyContractedFunctionShortNameIndex, KotlinTopLevelExpectPropertyFqNameIndex, KotlinProbablyInjectedFunctionShortNameIndex, org.jetbrains.kotlin.idea.stubindex.KotlinFullClassNameIndex, java.annotations, KotlinProbablyNothingFunctionShortNameIndex}.
2026-05-27 17:23:03,695 [   4035]   INFO - o.j.q.s.i.r.cloud - QODANA_TOKEN environment variable is not defined
2026-05-27 17:23:03,702 [   4042]   INFO - STDOUT - By using this linter, you agree to
2026-05-27 17:23:03,702 [   4042]   INFO - STDOUT - - JetBrains Privacy Policy (https://jb.gg/jetbrains-privacy-policy)
2026-05-27 17:23:03,703 [   4043]   INFO - STDOUT - - Qodana Community Linters Agreement (https://jb.gg/qodana-community-linters)
2026-05-27 17:23:03,703 [   4043]   INFO - STDOUT - Qodana license plan: Community
2026-05-27 17:23:03,719 [   4059]   WARN - org.jline - Unable to create a system terminal, creating a dumb terminal (enable debug logging for more information)
2026-05-27 17:23:03,775 [   4115]   WARN - org.jline - Unable to create a system terminal, creating a dumb terminal (enable debug logging for more information)
2026-05-27 17:23:03,790 [   4130]   INFO - STDOUT -                                         
2026-05-27 17:23:03,790 [   4130]   INFO - STDOUT -           _              _       
2026-05-27 17:23:03,790 [   4130]   INFO - STDOUT -          /\ \           /\ \        Qodana for JVM 2026.1.2 Preview
2026-05-27 17:23:03,791 [   4131]   INFO - STDOUT -         /  \ \         /  \ \       Documentation
2026-05-27 17:23:03,791 [   4131]   INFO - STDOUT -        / /\ \ \       / /\ \ \      https://jb.gg/qodana-docs
2026-05-27 17:23:03,791 [   4131]   INFO - STDOUT -       / / /\ \ \     / / /\ \ \     Contact us at
2026-05-27 17:23:03,791 [   4131]   INFO - STDOUT -      / / /  \ \_\   / / /  \ \_\    qodana-support@jetbrains.com
2026-05-27 17:23:03,791 [   4131]   INFO - STDOUT -     / / / _ / / /  / / /   / / /    Or via our issue tracker
2026-05-27 17:23:03,791 [   4131]   INFO - STDOUT -    / / / /\ \/ /  / / /   / / /     https://jb.gg/qodana-issue
2026-05-27 17:23:03,791 [   4131]   INFO - STDOUT -   / / /__\ \ \/  / / /___/ / /      Or share your feedback at our forum
2026-05-27 17:23:03,791 [   4131]   INFO - STDOUT -  / / /____\ \ \ / / /____\/ /       https://jb.gg/qodana-forum
2026-05-27 17:23:03,791 [   4131]   INFO - STDOUT -  \/________\_\/ \/_________/     
2026-05-27 17:23:03,792 [   4132]   INFO - STDOUT -                                                    
2026-05-27 17:23:03,792 [   4132]   INFO - STDOUT -                                         
2026-05-27 17:23:03,792 [   4132]   INFO - STDOUT - Starting up Qodana for JVM 2026.1.2 Preview (build QDJVM-261.24091)…done.
2026-05-27 17:23:07,201 [   7541]   INFO - #c.i.i.s.e.StatisticsEventLoggerProvider - Initialize event logger provider for 'FUS'
2026-05-27 17:23:07,211 [   7551]   INFO - #c.i.i.s.e.StatisticsEventLoggerProvider - Initialize event logger provider for 'MP'
2026-05-27 17:23:07,212 [   7552]   INFO - #c.i.i.s.e.StatisticsEventLoggerProvider - Initialize event logger provider for 'TRACE'
2026-05-27 17:23:07,213 [   7553]   INFO - #c.i.i.s.e.StatisticsEventLoggerProvider - Initialize event logger provider for 'ML'
2026-05-27 17:23:18,442 [  18782]   INFO - #o.j.q.j.j.QodanaConfigJdkService - Setting up JDK '17' from Qodana config
2026-05-27 17:23:18,514 [  18854]   INFO - #c.i.o.p.i.j.JdkAuto - Looking for a local SDK for JDK with name 17
2026-05-27 17:23:18,623 [  18963]   INFO - #c.i.o.p.i.j.JdkAuto - The following local JDKs were found: [/home/evgrart/.jdks/openjdk-23.0.2, 23.0.2, 23], [/usr/lib/jvm/default-java, 21.0.10, 21], [/usr/lib/jvm/java-1.21.0-openjdk-amd64, 21.0.10, 21], [/usr/lib/jvm/java-21-openjdk-amd64, 21.0.10, 21], [/home/evgrart/.jdks/corretto-21.0.6, 21.0.6, 21], [/home/evgrart/.jdks/ms-17.0.15, 17.0.15, 17], [/home/evgrart/.jdks/corretto-17.0.14, 17.0.14, 17]
2026-05-27 17:23:18,915 [  19255]   INFO - #c.i.w.i.i.GlobalWorkspaceModel - Load global workspace model from cache in 194 ms
2026-05-27 17:23:19,017 [  19357]   INFO - #c.i.u.s.JBUIScale - Computed user scale factor: 1.0 (IDE-managed HiDPI)
2026-05-27 17:23:19,464 [  19804]   WARN - #c.i.o.p.i.UnknownMissingSdkFix - SDK with name 17 already exists: clash=SdkEntity-:-0, new=17 Version:java version "17.0.15" Path:(/home/evgrart/.jdks/ms-17.0.15)
2026-05-27 17:23:19,465 [  19805]   INFO - #c.i.o.p.i.UnknownMissingSdkFixLocal - Automatically set Sdk SdkLookup{JDK, name=17, withSdkHomeFilter} to /home/evgrart/.jdks/ms-17.0.15
2026-05-27 17:23:19,465 [  19805]   INFO - #o.j.q.j.j.QodanaConfigJdkService - Setting up JDK '17' from Qodana config completed
2026-05-27 17:23:19,475 [  19815]   INFO - #o.j.q.s.i.r.ConsoleLog - Preparing for the Project opening stage ...
2026-05-27 17:23:19,475 [  19815]   INFO - STDOUT - Opening project…Preparing for the Project opening stage ...
2026-05-27 17:23:19,544 [  19884]   INFO - #c.i.p.p.ProjectEntitiesStorage - Creating entity for project ProjectId#c5l8tnd1a8b2g8drv0h2
2026-05-27 17:23:19,551 [  19891]   INFO - #c.i.p.p.ProjectEntitiesStorage - Entity for project ProjectId#c5l8tnd1a8b2g8drv0h2 created successfully
2026-05-27 17:23:19,599 [  19939]   INFO - #c.i.c.ComponentStoreImpl - Project store initialization started for path: /home/evgrart/opi3 and template: null
2026-05-27 17:23:19,637 [  19977]   INFO - #c.i.c.ComponentStoreImpl - Project store initialized with paths: [Macro(key=$PROJECT_CONFIG_DIR$, value=/home/evgrart/opi3/.idea), Macro(key=$WORKSPACE_FILE$, value=/home/evgrart/opi3/.idea/workspace.xml), Macro(key=$PROJECT_FILE$, value=/home/evgrart/opi3/.idea/misc.xml), Macro(key=$CACHE_FILE$, value=/home/evgrart/.cache/JetBrains/Qodana/ac8555c8-b0bfb7b1/cache/idea/261/projects/opi3.81207af4/cache-state.xml), Macro(key=$PRODUCT_WORKSPACE_FILE$, value=/home/evgrart/.cache/JetBrains/Qodana/ac8555c8-b0bfb7b1/config/workspace/3EHXA4451pJsqYen3Po3FpoM8bh.xml)]
2026-05-27 17:23:19,824 [  20164]   INFO - #c.i.w.i.i.WorkspaceModelImpl - Load workspace model from cache in 89 ms
2026-05-27 17:23:19,826 [  20166]   INFO - #c.i.w.i.i.GlobalWorkspaceModel - Project opi3 is added to the list of initializing and open projects
2026-05-27 17:23:19,828 [  20168]   INFO - #c.i.w.i.i.l.m.ModuleBridgeLoaderService - Workspace model loaded from cache.
2026-05-27 17:23:19,878 [  20218]   INFO - #c.i.w.i.i.WorkspaceModelImpl - Project model updated silently to version 1 in 9 ms: Add module mapping
2026-05-27 17:23:19,894 [  20234]   INFO - #c.i.w.i.i.l.l.ProjectLibraryTableBridgeImpl - Initial load of project-level (project=opi3) libraries. There are 49 libraries to load.
2026-05-27 17:23:19,894 [  20234]   INFO - #c.i.w.i.i.l.l.ProjectLibraryTableBridgeImpl - Applying project-level (project=opi3) libraries directly to project WSM.
2026-05-27 17:23:19,899 [  20239]   INFO - #c.i.w.i.i.WorkspaceModelImpl - Project model updated silently to version 2 in 1 ms: Add project library mapping
2026-05-27 17:23:20,016 [  20356]   INFO - #c.i.w.i.i.EntitiesOrphanageImpl - Update orphanage. 0 modules added
2026-05-27 17:23:20,035 [  20375]   INFO - #c.i.w.i.i.WorkspaceModelImpl - Project model for project opi3 updated to version 3 in 103 ms: Sync global entities with project: opi3
2026-05-27 17:23:20,056 [  20396]   INFO - #c.i.o.p.i.ProgressManagerImpl - checkCancelled is invoked while write-action is pending. nonCancellable: false, hasProgressIndicator: false, hasContextJob: true, hasNoneBehavior: false, hasOnlyHooksBehavior: true, cancelled: false
2026-05-27 17:23:20,170 [  20510]   INFO - #c.i.o.p.i.ProgressManagerImpl - checkCancelled is invoked while write-action is pending. nonCancellable: false, hasProgressIndicator: false, hasContextJob: true, hasNoneBehavior: false, hasOnlyHooksBehavior: true, cancelled: false
2026-05-27 17:23:20,423 [  20763]   INFO - #c.i.w.i.i.EntitiesOrphanageImpl - Update orphanage. 0 modules added
2026-05-27 17:23:20,424 [  20764]   INFO - #c.i.w.i.i.WorkspaceModelImpl - Project model for project opi3 updated to version 4 in 13 ms: Change entity sources to externally imported
2026-05-27 17:23:20,429 [  20769]   INFO - #c.i.c.m.CodeInsightContextEnabling - multiverse is enabled
2026-05-27 17:23:20,493 [  20833]   INFO - #c.i.o.p.i.ProjectManagerImpl - Project opi3 was added to the list of open projects
2026-05-27 17:23:20,501 [  20841]   INFO - #c.i.p.c.ProjectCodeStyleSettingsManager - Initialized from default code style settings.
2026-05-27 17:23:20,578 [  20918]   INFO - #c.i.o.p.MergingQueueGuiExecutor - Running task: (dumb mode task) com.intellij.openapi.project.InitialDumbTaskRequiredForSmartMode@5a8a106b
2026-05-27 17:23:20,580 [  20920]   INFO - #c.i.o.p.DumbServiceMergingTaskQueue - Initializing DumbServiceMergingTaskQueue...
2026-05-27 17:23:20,596 [  20936]   INFO - #c.i.o.p.InitialDumbTaskRequiredForSmartMode - Running task required for smart mode: com.intellij.util.indexing.ProjectFileBasedIndexStartupActivity@471aa721
2026-05-27 17:23:20,607 [  20947]   INFO - STDOUT - 'dumb-mode' is in progress...
2026-05-27 17:23:20,616 [  20956]   INFO - #c.i.u.i.FileBasedIndexImpl - Indexes are already loaded
2026-05-27 17:23:20,618 [  20958]   INFO - #c.i.u.i.PersistentDirtyFilesQueue - Dirty file ids read. Size: 0. Index: 2 Path: /home/evgrart/.cache/JetBrains/Qodana/ac8555c8-b0bfb7b1/cache/idea/261/index/dirty-file-queues/81207af4.
2026-05-27 17:23:20,630 [  20970]   INFO - #c.i.u.i.p.IncrementalProjectIndexableFilesFilterHolder - PersistentProjectIndexableFilesFilterFactory is chosen as indexable files filter factory for project: opi3
2026-05-27 17:23:20,681 [  21021]   INFO - #c.i.u.i.FileBasedIndexImpl - Indexes are already loaded
2026-05-27 17:23:20,753 [  21093]   INFO - #c.i.u.i.d.AppIndexingDependenciesService - Invalidating all indexing flags. Reason: App fingerprint changed: FingerprintImpl(fingerprint=6268239355464555108) to FingerprintImpl(fingerprint=-43059041355139808)
2026-05-27 17:23:20,811 [  21151]   INFO - #c.i.u.i.UnindexedFilesScanner - Full scanning on startup will NOT be skipped for project [opi3] because of following unsatisfied conditions:
FILTER_IS_NOT_UP_TO_DATE: Persistent indexable files filter is NOT up-to-date because of following unsatisfied conditions: [INDEXING_REQUEST_ID_DID_NOT_CHANGE_AFTER_LAST_SCANNING]
2026-05-27 17:23:20,888 [  21228]   INFO - #c.i.o.p.InitialDumbTaskRequiredForSmartMode - Finished task required for smart mode: com.intellij.util.indexing.ProjectFileBasedIndexStartupActivity@471aa721
2026-05-27 17:23:20,889 [  21229]   INFO - #c.i.o.p.InitialDumbTaskRequiredForSmartMode - Running task required for smart mode: com.intellij.util.indexing.FileBasedIndexInfrastructureExtensionStartup@4e78b6c3
2026-05-27 17:23:20,889 [  21229]   INFO - #c.i.o.p.InitialDumbTaskRequiredForSmartMode - Finished task required for smart mode: com.intellij.util.indexing.FileBasedIndexInfrastructureExtensionStartup@4e78b6c3
2026-05-27 17:23:20,889 [  21229]   INFO - #c.i.o.p.InitialDumbTaskRequiredForSmartMode - Running task required for smart mode: com.intellij.util.indexing.DumbModeWhileScanningSubscriber@55029ae4
2026-05-27 17:23:20,897 [  21237]   INFO - #c.i.o.p.UnindexedFilesScannerExecutor - [81207af4] Running task: com.intellij.util.indexing.UnindexedFilesScannerExecutorImpl$ScheduledScanningTask@42a408ab
2026-05-27 17:23:20,897 [  21237]   INFO - #c.i.o.p.InitialDumbTaskRequiredForSmartMode - Finished task required for smart mode: com.intellij.util.indexing.DumbModeWhileScanningSubscriber@55029ae4
2026-05-27 17:23:20,900 [  21240]   INFO - #c.i.o.p.InitialDumbTaskRequiredForSmartMode - Running task required for smart mode: com.intellij.ide.projectWizard.generators.SdkPreIndexingRequiredForSmartModeActivity@318ceae9
2026-05-27 17:23:20,904 [  21244]   INFO - #c.i.o.p.InitialDumbTaskRequiredForSmartMode - Finished task required for smart mode: com.intellij.ide.projectWizard.generators.SdkPreIndexingRequiredForSmartModeActivity@318ceae9
2026-05-27 17:23:20,909 [  21249]   INFO - #c.i.o.p.MergingQueueGuiExecutor - Task finished: (dumb mode task) com.intellij.openapi.project.InitialDumbTaskRequiredForSmartMode@5a8a106b
2026-05-27 17:23:20,944 [  21284]   INFO - #c.i.u.i.UnindexedFilesScanner - [81207af4] scanning stage (scanning id=0): DelayedPushProperties
2026-05-27 17:23:20,972 [  21312]   INFO - #c.i.o.e.s.p.m.ExternalProjectsDataStorage - Load external projects data in 112 millis (read time: 5)
2026-05-27 17:23:21,010 [  21350]   INFO - #c.i.d.PerformanceWatcherImpl - Post-startup activities under progress took 429ms; general responsiveness: ok; EDT responsiveness: ok
2026-05-27 17:23:21,063 [  21403]   INFO - #o.j.k.i.PluginStartupActivity - Kotlin plugin mode: K2
2026-05-27 17:23:21,076 [  21416]   INFO - #o.j.q.s.i.r.ConsoleLog - Setting project JDK 17
2026-05-27 17:23:21,076 [  21416]   INFO - STDOUT - Setting project JDK 17
2026-05-27 17:23:21,088 [  21428]   INFO - #c.i.i.s.IdeStartupScripts - 0 startup script(s) found
2026-05-27 17:23:21,211 [  21551]   INFO - #c.i.u.i.FileBasedIndexImpl - Indexes are already loaded
2026-05-27 17:23:21,215 [  21555]   INFO - #c.i.u.i.UnindexedFilesScanner - [81207af4] Started scanning for indexing of [opi3]. Reason: On project open
2026-05-27 17:23:21,216 [  21556]   INFO - STDOUT - [IDE]: Task 'Analyzing project to enable smart features' ended
2026-05-27 17:23:21,223 [  21563]   INFO - #c.i.u.i.UnindexedFilesScanner - [81207af4] scanning stage (scanning id=0): CreatingIterators
2026-05-27 17:23:21,261 [  21601]   INFO - #c.i.o.a.i.NonBlockingReadActionImpl - OTel monitoring for NonBlockingReadAction is enabled
2026-05-27 17:23:21,280 [  21620]   INFO - #c.i.o.p.i.ProgressManagerImpl - checkCancelled is invoked while write-action is pending. nonCancellable: true, hasProgressIndicator: false, hasContextJob: false, hasNoneBehavior: false, hasOnlyHooksBehavior: false, cancelled: false
2026-05-27 17:23:21,310 [  21650]   INFO - #c.i.p.d.i.f.FrontendXBreakpointManager - Breakpoint created for XBreakpointId(uid=1)
2026-05-27 17:23:21,364 [  21704]   INFO - #c.i.w.i.i.EntitiesOrphanageImpl - Update orphanage. 0 modules added
2026-05-27 17:23:21,365 [  21705]   INFO - #c.i.w.i.i.WorkspaceModelImpl - Project model for project opi3 updated to version 5 in 13 ms: setOrClearProjectSdkName: SdkId(name=17, type=JavaSDK)
2026-05-27 17:23:21,473 [  21813]   INFO - #c.i.o.p.DumbServiceImpl - exit dumb mode [opi3]
2026-05-27 17:23:21,527 [  21867]   INFO - STDOUT - [IDE]: Task 'Resolving SDKs…' started
2026-05-27 17:23:21,528 [  21868]   INFO - STDOUT - [IDE]: Validating existing SDKs
2026-05-27 17:23:21,549 [  21889]   INFO - #o.j.i.maven - Updating index list for project Project(name=opi3, containerState=COMPONENT_CREATED, componentStore=/home/evgrart/opi3)
2026-05-27 17:23:21,555 [  21895]   INFO - #o.j.i.maven - updating index list for Project(name=opi3, containerState=COMPONENT_CREATED, componentStore=/home/evgrart/opi3) - will add repository local:local:/home/evgrart/.m2/repository, before was null
2026-05-27 17:23:21,586 [  21926]   INFO - #o.j.i.maven - Starting update maven index for local:local:/home/evgrart/.m2/repository
2026-05-27 17:23:21,625 [  21965]   INFO - #c.i.u.i.UnindexedFilesScanner - [81207af4] scanning stage (scanning id=0): CollectingIndexableFiles
2026-05-27 17:23:21,634 [  21974]   INFO - #c.i.u.i.UnindexedFilesScanner - Scanning of [opi3] uses 8 scanning threads
2026-05-27 17:23:21,717 [  22057]   INFO - #c.i.p.u.i.s.e.DurableEnumeratorFactory - [enumerator.mmapped]: .valueHashToId (in memory) was filled (28 records)
2026-05-27 17:23:21,791 [  22131]   INFO - #c.i.p.i.c.i.i.JavaIdIndexer - skipSourceFilesInLibraries: false (registry: 'ide.index.id.skip.java.sources.in.libs')
2026-05-27 17:23:21,822 [  22162]   INFO - #c.i.p.i.c.i.i.JavaIdIndexer - skipSourceFilesInLibraries: false (registry: 'ide.index.id.skip.java.sources.in.libs')
2026-05-27 17:23:21,910 [  22250]   INFO - #o.j.i.maven - GAV index updated for repo /home/evgrart/.m2/repository, 1458 files processed in 199 groups in 315 millis, succeed = true
2026-05-27 17:23:22,827 [  23167]   INFO - STDOUT - [IDE]: Task 'Resolving SDKs…' ended in 1 s 299 ms
2026-05-27 17:23:23,063 [  23403]   INFO - #c.i.u.i.IndexingReasonExplanationLogger - Scanner has updated file qodana.sarif.json (id=111942) with appliers: [SingleIndexValueApplier{indexId=filetypes, inputId=111942, fileInfo='qodana.sarif.json(id=111942)'}] and removers: []; 
2026-05-27 17:23:23,104 [  23444]   INFO - #c.i.u.i.IndexingReasonExplanationLogger - Scanner has updated file qodana.sarif.json (id=111886) with appliers: [SingleIndexValueApplier{indexId=filetypes, inputId=111886, fileInfo='qodana.sarif.json(id=111886)'}] and removers: []; 
2026-05-27 17:23:24,004 [  24344]   INFO - #c.i.w.i.i.j.s.JpsGlobalModelSynchronizerImpl - Loading global entities com.intellij.platform.workspace.jps.entities.SdkEntity from files
2026-05-27 17:23:24,104 [  24444]   INFO - #c.i.w.i.i.j.s.JpsGlobalModelSynchronizerImpl - Loading global entities com.intellij.platform.workspace.jps.entities.LibraryEntity from files
2026-05-27 17:23:24,107 [  24447]   INFO - #c.i.o.p.i.ProgressManagerImpl - checkCancelled is invoked while write-action is pending. nonCancellable: false, hasProgressIndicator: false, hasContextJob: true, hasNoneBehavior: true, hasOnlyHooksBehavior: false, cancelled: false
2026-05-27 17:23:24,196 [  24536]   INFO - #c.i.w.i.i.EntitiesOrphanageImpl - Update orphanage. 0 modules added
2026-05-27 17:23:24,205 [  24545]   INFO - #c.i.w.i.i.WorkspaceModelImpl - Project model for project opi3 updated to version 6 in 83 ms: Sync global entities with project: opi3
2026-05-27 17:23:24,206 [  24546]   INFO - #c.i.w.i.i.GlobalWorkspaceModel - During global workspace model update the changes were also applied to project: opi3
2026-05-27 17:23:24,206 [  24546]   INFO - #c.i.w.i.i.GlobalWorkspaceModel - Global model updated to version 2 in 95 ms: Sync global entities with state
2026-05-27 17:23:25,014 [  25354]   INFO - #c.i.u.i.UnindexedFilesScanner - [81207af4] Scanning completed for [opi3]. Number of scanned files: 63390; number of files for indexing: 0
2026-05-27 17:23:25,014 [  25354]   INFO - #c.i.o.p.InitialVfsRefreshService - 81207af4: marking roots for initial VFS refresh
2026-05-27 17:23:25,041 [  25381]   INFO - #c.i.o.p.InitialVfsRefreshService - 81207af4: starting initial VFS refresh of 59 roots
2026-05-27 17:23:25,369 [  25709]   INFO - #c.i.o.p.InitialVfsRefreshService - 81207af4: initial VFS refresh finished in 326 ms
2026-05-27 17:23:25,371 [  25711]   INFO - #c.i.o.p.DumbServiceImpl - enter dumb mode [opi3]
2026-05-27 17:23:25,374 [  25714]   INFO - #c.i.o.p.MergingQueueGuiExecutor - Running task: (dumb mode task) com.intellij.openapi.roots.impl.PushedFilePropertiesUpdaterImpl$MyDumbModeTask@571cb348 (reason: Push on VFS changes)
2026-05-27 17:23:25,388 [  25728]   INFO - #c.i.u.i.PerProjectIndexingQueue - Finished for [opi3]. No files to index with loading content.
2026-05-27 17:23:25,388 [  25728]   INFO - #c.i.o.p.UnindexedFilesScannerExecutor - [81207af4] Task finished (scanning id=0): com.intellij.util.indexing.UnindexedFilesScannerExecutorImpl$ScheduledScanningTask@42a408ab
2026-05-27 17:23:25,392 [  25732]   INFO - #c.i.o.p.UnindexedFilesScannerExecutor - [81207af4] Running task: com.intellij.util.indexing.UnindexedFilesScannerExecutorImpl$ScheduledScanningTask@7891040f
2026-05-27 17:23:25,393 [  25733]   INFO - #c.i.u.i.UnindexedFilesScanner - [81207af4] scanning stage (scanning id=1): DelayedPushProperties
2026-05-27 17:23:25,394 [  25734]   INFO - #c.i.u.i.FileBasedIndexImpl - Indexes are already loaded
2026-05-27 17:23:25,394 [  25734]   INFO - #c.i.u.i.UnindexedFilesScanner - [81207af4] Started scanning for indexing of [opi3]. Reason: Changes from WorkspaceFileIndex (140 iterators)
2026-05-27 17:23:25,394 [  25734]   INFO - #c.i.u.i.UnindexedFilesScanner - [81207af4] scanning stage (scanning id=1): CreatingIterators
2026-05-27 17:23:25,394 [  25734]   INFO - #c.i.u.i.UnindexedFilesScanner - [81207af4] scanning stage (scanning id=1): CollectingIndexableFiles
2026-05-27 17:23:25,395 [  25735]   INFO - #c.i.u.i.UnindexedFilesScanner - Scanning of [opi3] uses 8 scanning threads
2026-05-27 17:23:25,593 [  25933]   INFO - #c.i.o.p.MergingQueueGuiExecutor - Task finished: (dumb mode task) com.intellij.openapi.roots.impl.PushedFilePropertiesUpdaterImpl$MyDumbModeTask@571cb348 (reason: Push on VFS changes)
2026-05-27 17:23:25,596 [  25936]   INFO - #c.i.o.p.MergingQueueGuiExecutor - Running task: (dumb mode task) UnindexedFilesIndexer[opi3, reasons: [On refresh of files in opi3]]
2026-05-27 17:23:25,692 [  26032]   INFO - #c.i.c.CompilerWorkspaceConfiguration - Available processors: 8
2026-05-27 17:23:26,131 [  26471]   INFO - #c.i.d.ReporterIdLoggerActivity - Exception reporter ID: 150325361655e8e-e1ca-48eb-b585-380a0d34456f
2026-05-27 17:23:26,131 [  26471]   INFO - #c.i.o.e.s.p.m.ReprocessContentRootDataActivity - Ignored reprocess of content root data service for new projects
2026-05-27 17:23:26,348 [  26688]   INFO - #o.j.q.s.QodanaLinterBackgroundStartupActivity - Executed Qodana backgroundPostStartupActivity
2026-05-27 17:23:26,405 [  26745]   INFO - #o.j.p.g.j.IdeVersionedDataUpdater - Updating version compatibility for org.jetbrains.plugins.gradle.jvmcompat.GradleCompatibilitySupportUpdater. Last update was: 0. Update interval: 1d Url to update https://download.jetbrains.com/resources/intellij/plugins/gradle/v1/compatibility.json
2026-05-27 17:23:26,593 [  26933]   INFO - #o.j.j.b.i.CompilerReferenceIndex - backward reference index version doesn't exist
2026-05-27 17:23:26,642 [  26982]   INFO - #c.i.c.b.IsUpToDateCheckStartupActivity - suitable consumer is not found
2026-05-27 17:23:26,956 [  27296]   INFO - #c.i.w.i.i.GlobalWorkspaceModel - Sync global entities with mutable entity storage
2026-05-27 17:23:26,981 [  27321]   INFO - #c.i.w.i.i.j.s.JpsProjectModelSynchronizer - Attempt 1: Apply JPS storage (iml files)
2026-05-27 17:23:27,057 [  27397]   INFO - #c.i.o.p.i.ProgressManagerImpl - checkCancelled is invoked while write-action is pending. nonCancellable: false, hasProgressIndicator: false, hasContextJob: true, hasNoneBehavior: false, hasOnlyHooksBehavior: false, cancelled: true
2026-05-27 17:23:27,068 [  27408]   INFO - #c.i.w.i.i.EntitiesOrphanageImpl - Update orphanage. 0 modules added
2026-05-27 17:23:27,081 [  27421]   INFO - #c.i.w.i.i.WorkspaceModelImpl - Project model for project opi3 updated to version 7
2026-05-27 17:23:27,081 [  27421]   INFO - #c.i.w.i.i.j.s.JpsProjectModelSynchronizer - Attempt 1: Changes were successfully applied
2026-05-27 17:23:27,081 [  27421]   INFO - #c.i.w.i.i.j.s.DelayedProjectSynchronizer$Util - Workspace model loaded from cache. Syncing real project state into workspace model in 980 ms. Thread[#65,DefaultDispatcher-worker-28,5,main]
2026-05-27 17:23:27,093 [  27433]   INFO - #c.i.u.i.UnindexedFilesScanner - [81207af4] Scanning completed for [opi3]. Number of scanned files: 42297; number of files for indexing: 0
2026-05-27 17:23:27,104 [  27444]   INFO - #c.i.u.i.PerProjectIndexingQueue - Finished for [opi3]. No files to index with loading content.
2026-05-27 17:23:27,105 [  27445]   INFO - #c.i.o.p.UnindexedFilesScannerExecutor - [81207af4] Task finished (scanning id=1): com.intellij.util.indexing.UnindexedFilesScannerExecutorImpl$ScheduledScanningTask@7891040f
2026-05-27 17:23:27,105 [  27445]   INFO - #c.i.u.i.FileBasedIndexImpl - Indexes are already loaded
2026-05-27 17:23:27,128 [  27468]   INFO - #c.i.u.i.c.IndexUpdateRunner - Using 8 workers for indexing and 4 for writing indexes
2026-05-27 17:23:27,137 [  27477]   INFO - #c.i.u.i.ProjectChangedFilesScanner - Retrieving changed during indexing files of opi3 : 66 to update, calculated in 2ms
2026-05-27 17:23:27,157 [  27497]   INFO - #c.i.u.i.FileBasedIndexImpl - File: file:///home/evgrart/opi3/dist/qodana/results/qodana.sarif.json is too large for indexing
2026-05-27 17:23:27,708 [  28048]   INFO - #c.i.u.i.FileBasedIndexImpl - File: file:///home/evgrart/opi3/dist/qodana/report/results/qodana.sarif.json is too large for indexing
2026-05-27 17:23:27,919 [  28259]   INFO - #o.j.p.g.j.IdeVersionedDataUpdater - IDE versioned data for org.jetbrains.plugins.gradle.jvmcompat.GradleCompatibilitySupportUpdater was updated
2026-05-27 17:23:29,539 [  29879]   INFO - #c.i.u.i.UnindexedFilesIndexer - Finished for opi3. Unindexed files update took 2425ms; general responsiveness: ok; EDT responsiveness: ok
2026-05-27 17:23:29,541 [  29881]   INFO - #c.i.o.p.MergingQueueGuiExecutor - Task finished: (dumb mode task) UnindexedFilesIndexer[opi3, reasons: [On refresh of files in opi3]]
2026-05-27 17:23:29,545 [  29885]   INFO - STDOUT - [IDE]: Task 'Analyzing project to enable smart features' ended
2026-05-27 17:23:29,547 [  29887]   INFO - STDOUT - 'dumb-mode' is completed.
2026-05-27 17:23:29,549 [  29889]   INFO - STDOUT - 'Maven' is in progress...
2026-05-27 17:23:29,551 [  29891]   INFO - STDOUT - 'Maven' is completed.
2026-05-27 17:23:29,551 [  29891]   INFO - #c.i.o.p.DumbServiceImpl - exit dumb mode [opi3]
2026-05-27 17:23:29,558 [  29898]   INFO - #c.i.w.i.i.j.s.JpsGlobalModelSynchronizerImpl - Saving global entities com.intellij.platform.workspace.jps.entities.SdkEntity to files
2026-05-27 17:23:29,575 [  29915]   INFO - #c.i.w.i.i.j.s.JpsGlobalModelSynchronizerImpl - Saving global entities com.intellij.platform.workspace.jps.entities.LibraryEntity to files
2026-05-27 17:23:30,007 [  30347]   INFO - #c.i.a.o.PathMacrosImpl - Saved path macros: {MAVEN_REPOSITORY=/home/evgrart/.m2/repository}
2026-05-27 17:23:30,183 [  30523]   INFO - #c.i.c.ComponentStoreImpl - Saving appExtensionsRootType took 17 ms, FileTypeManager took 27 ms, Git.Application.Settings took 11 ms, GradleJvmSupportMatrix took 40 ms, HttpConfigurable took 14 ms, K2NewUserTracker took 12 ms, LicenseInfoStorage took 33 ms, LocalizationStateService took 33 ms, NotificationRemindLaterService took 80 ms, OsSpecificEditorSettings took 11 ms, PresentationAssistantIJ took 31 ms, Registry took 15 ms, ScratchFileService took 32 ms, ToolbarSettingsService took 23 ms, UISettings took 16 ms, com.intellij.ide.ui.customization.CustomActionsSchema took 22 ms
2026-05-27 17:23:30,207 [  30547]   INFO - #c.i.w.i.i.j.s.JpsGlobalModelSynchronizerImpl - Saving global entities com.intellij.platform.workspace.jps.entities.SdkEntity to files
2026-05-27 17:23:30,210 [  30550]   INFO - #c.i.w.i.i.j.s.JpsGlobalModelSynchronizerImpl - Saving global entities com.intellij.platform.workspace.jps.entities.LibraryEntity to files
2026-05-27 17:23:30,235 [  30575]   INFO - #git4idea.commands.GitHandler - [/home/evgrart/opi3] git -c core.quotepath=false -c log.showSignature=false version
2026-05-27 17:23:30,319 [  30659]   INFO - #c.i.a.o.PathMacrosImpl - Saved path macros: {MAVEN_REPOSITORY=/home/evgrart/.m2/repository}
2026-05-27 17:23:30,327 [  30667]   INFO - #git4idea.commands.GitHandler - git version 2.43.0
2026-05-27 17:23:30,345 [  30685]   INFO - #c.i.c.ComponentStoreImpl - Saving appFileTypeManager took 22 ms, SettingsSyncSettings took 17 ms
2026-05-27 17:23:30,373 [  30713]   INFO - #git4idea.config.GitExecutableFileTester - Git version for /usr/bin/git: 2.43.0.0 (UNIX)
2026-05-27 17:23:30,387 [  30727]   INFO - #o.j.k.i.script - [KOTLIN_SCRIPTING] Loading script definitions: classes=[], classpath=[]
2026-05-27 17:23:30,570 [  30910]   INFO - #c.i.c.ComponentStoreImpl - Saving Project(name=opi3, containerState=COMPONENT_CREATED, componentStore=/home/evgrart/opi3)ExternalProjectsManager took 37 ms, GradleSettings took 17 ms, MavenImportPreferences took 11 ms, XDebuggerManager took 73 ms
2026-05-27 17:23:30,571 [  30911]   INFO - STDOUT - Configuration phase 0 is completed. Initiating another phase to cover possible side effects...
2026-05-27 17:23:30,572 [  30912]   INFO - STDOUT - All configuration phases are completed.
2026-05-27 17:23:30,573 [  30913]   INFO - STDOUT - 'Queries for MergingUpdateQueue' is in progress...
2026-05-27 17:23:31,378 [  31718]   INFO - STDOUT - 'Queries for MergingUpdateQueue' is completed.
2026-05-27 17:23:31,378 [  31718]   INFO - #c.i.w.i.i.j.s.JpsGlobalModelSynchronizerImpl - Saving global entities com.intellij.platform.workspace.jps.entities.SdkEntity to files
2026-05-27 17:23:31,381 [  31721]   INFO - #c.i.w.i.i.j.s.JpsGlobalModelSynchronizerImpl - Saving global entities com.intellij.platform.workspace.jps.entities.LibraryEntity to files
2026-05-27 17:23:31,431 [  31771]   INFO - #c.i.a.o.PathMacrosImpl - Saved path macros: {MAVEN_REPOSITORY=/home/evgrart/.m2/repository}
2026-05-27 17:23:31,446 [  31786]   INFO - #c.i.c.ComponentStoreImpl - Saving appFileTypeManager took 11 ms
2026-05-27 17:23:31,451 [  31791]   INFO - #c.i.w.i.i.j.s.JpsGlobalModelSynchronizerImpl - Saving global entities com.intellij.platform.workspace.jps.entities.SdkEntity to files
2026-05-27 17:23:31,453 [  31793]   INFO - #c.i.w.i.i.j.s.JpsGlobalModelSynchronizerImpl - Saving global entities com.intellij.platform.workspace.jps.entities.LibraryEntity to files
2026-05-27 17:23:31,480 [  31820]   INFO - #c.i.a.o.PathMacrosImpl - Saved path macros: {MAVEN_REPOSITORY=/home/evgrart/.m2/repository}
2026-05-27 17:23:31,609 [  31949]   INFO - STDOUT - Configuration phase 1 is completed. Initiating another phase to cover possible side effects...
2026-05-27 17:23:31,609 [  31949]   INFO - STDOUT - All configuration phases are completed.
2026-05-27 17:23:31,609 [  31949]   INFO - STDOUT - 'Queries for MergingUpdateQueue' is in progress...
2026-05-27 17:23:32,513 [  32853]   INFO - STDOUT - 'Queries for MergingUpdateQueue' is completed.
2026-05-27 17:23:32,514 [  32854]   INFO - #c.i.w.i.i.j.s.JpsGlobalModelSynchronizerImpl - Saving global entities com.intellij.platform.workspace.jps.entities.SdkEntity to files
2026-05-27 17:23:32,515 [  32855]   INFO - #c.i.w.i.i.j.s.JpsGlobalModelSynchronizerImpl - Saving global entities com.intellij.platform.workspace.jps.entities.LibraryEntity to files
2026-05-27 17:23:32,548 [  32888]   INFO - #c.i.a.o.PathMacrosImpl - Saved path macros: {MAVEN_REPOSITORY=/home/evgrart/.m2/repository}
2026-05-27 17:23:32,556 [  32896]   INFO - #c.i.w.i.i.j.s.JpsGlobalModelSynchronizerImpl - Saving global entities com.intellij.platform.workspace.jps.entities.SdkEntity to files
2026-05-27 17:23:32,558 [  32898]   INFO - #c.i.w.i.i.j.s.JpsGlobalModelSynchronizerImpl - Saving global entities com.intellij.platform.workspace.jps.entities.LibraryEntity to files
2026-05-27 17:23:32,579 [  32919]   INFO - #c.i.a.o.PathMacrosImpl - Saved path macros: {MAVEN_REPOSITORY=/home/evgrart/.m2/repository}
2026-05-27 17:23:32,592 [  32932]   INFO - STDOUT - Configuration phase 2 is completed. Initiating another phase to cover possible side effects...
2026-05-27 17:23:32,593 [  32933]   INFO - STDOUT - All configuration phases are completed.
2026-05-27 17:23:32,774 [  33114]   INFO - #o.j.q.s.i.r.ConsoleLog - The Project opening stage completed in 13s
2026-05-27 17:23:32,774 [  33114]   INFO - STDOUT - The Project opening stage completed in 13s
2026-05-27 17:23:32,774 [  33114]   INFO - STDOUT - done.
2026-05-27 17:23:32,857 [  33197]   INFO - #c.i.o.p.DumbServiceImpl - enter dumb mode [opi3]
2026-05-27 17:23:32,857 [  33197]   INFO - #o.j.q.s.i.r.ConsoleLog - Preparing for the Project configuration stage ...
2026-05-27 17:23:32,857 [  33197]   INFO - STDOUT - Preparing for the Project configuration stage ...
2026-05-27 17:23:32,859 [  33199]   INFO - STDOUT - 'Queries for MergingUpdateQueue' is in progress...
2026-05-27 17:23:32,859 [  33199]   INFO - #c.i.o.p.MergingQueueGuiExecutor - Running task: (dumb mode task) com.intellij.openapi.roots.impl.PushedFilePropertiesUpdaterImpl$MyDumbModeTask@6d81f509 (reason: Push on VFS changes)
2026-05-27 17:23:32,867 [  33207]   INFO - #c.i.o.p.MergingQueueGuiExecutor - Task finished: (dumb mode task) com.intellij.openapi.roots.impl.PushedFilePropertiesUpdaterImpl$MyDumbModeTask@6d81f509 (reason: Push on VFS changes)
2026-05-27 17:23:32,867 [  33207]   INFO - #c.i.o.p.MergingQueueGuiExecutor - Running task: (dumb mode task) UnindexedFilesIndexer[opi3, reasons: [On refresh of files in opi3]]
2026-05-27 17:23:32,867 [  33207]   INFO - #c.i.u.i.FileBasedIndexImpl - Indexes are already loaded
2026-05-27 17:23:32,867 [  33207]   INFO - #c.i.u.i.c.IndexUpdateRunner - Using 8 workers for indexing and 4 for writing indexes
2026-05-27 17:23:32,874 [  33214]   INFO - #c.i.u.i.ProjectChangedFilesScanner - Retrieving changed during indexing files of opi3 : 11 to update, calculated in 6ms
2026-05-27 17:23:33,027 [  33367]   INFO - #c.i.c.m.CodeInsightContextEnabling - multiverse is enabled
2026-05-27 17:23:33,323 [  33663]   INFO - #c.i.u.i.UnindexedFilesIndexer - Finished for opi3. Unindexed files update took 456ms; general responsiveness: ok; EDT responsiveness: ok
2026-05-27 17:23:33,324 [  33664]   INFO - #c.i.o.p.MergingQueueGuiExecutor - Task finished: (dumb mode task) UnindexedFilesIndexer[opi3, reasons: [On refresh of files in opi3]]
2026-05-27 17:23:33,326 [  33666]   INFO - STDOUT - [IDE]: Task 'Analyzing project to enable smart features' ended
2026-05-27 17:23:33,327 [  33667]   INFO - #c.i.o.p.DumbServiceImpl - exit dumb mode [opi3]
2026-05-27 17:23:33,661 [  34001]   INFO - STDOUT - 'Queries for MergingUpdateQueue' is completed.
2026-05-27 17:23:33,662 [  34002]   INFO - #c.i.w.i.i.j.s.JpsGlobalModelSynchronizerImpl - Saving global entities com.intellij.platform.workspace.jps.entities.SdkEntity to files
2026-05-27 17:23:33,663 [  34003]   INFO - #c.i.w.i.i.j.s.JpsGlobalModelSynchronizerImpl - Saving global entities com.intellij.platform.workspace.jps.entities.LibraryEntity to files
2026-05-27 17:23:33,688 [  34028]   INFO - #c.i.a.o.PathMacrosImpl - Saved path macros: {MAVEN_REPOSITORY=/home/evgrart/.m2/repository}
2026-05-27 17:23:33,700 [  34040]   INFO - #c.i.w.i.i.j.s.JpsGlobalModelSynchronizerImpl - Saving global entities com.intellij.platform.workspace.jps.entities.SdkEntity to files
2026-05-27 17:23:33,700 [  34040]   INFO - #c.i.w.i.i.j.s.JpsGlobalModelSynchronizerImpl - Saving global entities com.intellij.platform.workspace.jps.entities.LibraryEntity to files
2026-05-27 17:23:33,715 [  34055]   INFO - #c.i.a.o.PathMacrosImpl - Saved path macros: {MAVEN_REPOSITORY=/home/evgrart/.m2/repository}
2026-05-27 17:23:33,729 [  34069]   INFO - STDOUT - Configuration phase 0 is completed. Initiating another phase to cover possible side effects...
2026-05-27 17:23:33,730 [  34070]   INFO - STDOUT - All configuration phases are completed.
2026-05-27 17:23:33,730 [  34070]   INFO - STDOUT - 'Queries for MergingUpdateQueue' is in progress...
2026-05-27 17:23:34,733 [  35073]   INFO - STDOUT - 'Queries for MergingUpdateQueue' is completed.
2026-05-27 17:23:34,736 [  35076]   INFO - #c.i.w.i.i.j.s.JpsGlobalModelSynchronizerImpl - Saving global entities com.intellij.platform.workspace.jps.entities.SdkEntity to files
2026-05-27 17:23:34,736 [  35076]   INFO - #c.i.w.i.i.j.s.JpsGlobalModelSynchronizerImpl - Saving global entities com.intellij.platform.workspace.jps.entities.LibraryEntity to files
2026-05-27 17:23:34,768 [  35108]   INFO - #c.i.a.o.PathMacrosImpl - Saved path macros: {MAVEN_REPOSITORY=/home/evgrart/.m2/repository}
2026-05-27 17:23:34,778 [  35118]   INFO - #c.i.w.i.i.j.s.JpsGlobalModelSynchronizerImpl - Saving global entities com.intellij.platform.workspace.jps.entities.SdkEntity to files
2026-05-27 17:23:34,779 [  35119]   INFO - #c.i.w.i.i.j.s.JpsGlobalModelSynchronizerImpl - Saving global entities com.intellij.platform.workspace.jps.entities.LibraryEntity to files
2026-05-27 17:23:34,797 [  35137]   INFO - #c.i.a.o.PathMacrosImpl - Saved path macros: {MAVEN_REPOSITORY=/home/evgrart/.m2/repository}
2026-05-27 17:23:34,808 [  35148]   INFO - STDOUT - Configuration phase 1 is completed. Initiating another phase to cover possible side effects...
2026-05-27 17:23:34,809 [  35149]   INFO - STDOUT - All configuration phases are completed.
2026-05-27 17:23:34,809 [  35149]   INFO - STDOUT - 'Queries for MergingUpdateQueue' is in progress...
2026-05-27 17:23:35,813 [  36153]   INFO - STDOUT - 'Queries for MergingUpdateQueue' is completed.
2026-05-27 17:23:35,814 [  36154]   INFO - #c.i.w.i.i.j.s.JpsGlobalModelSynchronizerImpl - Saving global entities com.intellij.platform.workspace.jps.entities.SdkEntity to files
2026-05-27 17:23:35,814 [  36154]   INFO - #c.i.w.i.i.j.s.JpsGlobalModelSynchronizerImpl - Saving global entities com.intellij.platform.workspace.jps.entities.LibraryEntity to files
2026-05-27 17:23:35,841 [  36181]   INFO - #c.i.a.o.PathMacrosImpl - Saved path macros: {MAVEN_REPOSITORY=/home/evgrart/.m2/repository}
2026-05-27 17:23:35,851 [  36191]   INFO - #c.i.w.i.i.j.s.JpsGlobalModelSynchronizerImpl - Saving global entities com.intellij.platform.workspace.jps.entities.SdkEntity to files
2026-05-27 17:23:35,853 [  36193]   INFO - #c.i.w.i.i.j.s.JpsGlobalModelSynchronizerImpl - Saving global entities com.intellij.platform.workspace.jps.entities.LibraryEntity to files
2026-05-27 17:23:35,866 [  36206]   INFO - #c.i.a.o.PathMacrosImpl - Saved path macros: {MAVEN_REPOSITORY=/home/evgrart/.m2/repository}
2026-05-27 17:23:35,873 [  36213]   INFO - STDOUT - Configuration phase 2 is completed. Initiating another phase to cover possible side effects...
2026-05-27 17:23:35,874 [  36214]   INFO - STDOUT - All configuration phases are completed.
2026-05-27 17:23:35,924 [  36264]   INFO - #o.j.q.s.i.r.s.QodanaProjectLoader - Configured project
2026-05-27 17:23:35,955 [  36295]   INFO - #c.i.o.p.UnindexedFilesScannerExecutor - [81207af4] Running task: com.intellij.util.indexing.UnindexedFilesScannerExecutorImpl$ScheduledScanningTask@8d620f7
2026-05-27 17:23:35,957 [  36297]   INFO - #c.i.w.i.i.EntitiesOrphanageImpl - Update orphanage. 0 modules added
2026-05-27 17:23:35,958 [  36298]   INFO - #c.i.w.i.i.WorkspaceModelImpl - Project model for project opi3 updated to version 8 in 17 ms: Sync global entities with project: opi3
2026-05-27 17:23:35,958 [  36298]   INFO - #c.i.w.i.i.GlobalWorkspaceModel - During global workspace model update the changes were also applied to project: opi3
2026-05-27 17:23:35,958 [  36298]   INFO - #c.i.w.i.i.GlobalWorkspaceModel - Global model updated to version 3 in 25 ms: Modifying SDK SdkId(name=17, type=JavaSDK)
2026-05-27 17:23:35,971 [  36311]   INFO - #c.i.u.i.UnindexedFilesScanner - [81207af4] scanning stage (scanning id=2): DelayedPushProperties
2026-05-27 17:23:35,972 [  36312]   INFO - #c.i.u.i.FileBasedIndexImpl - Indexes are already loaded
2026-05-27 17:23:35,972 [  36312]   INFO - #c.i.u.i.UnindexedFilesScanner - [81207af4] Started scanning for indexing of [opi3]. Reason: Changes from WorkspaceFileIndex (140 iterators)
2026-05-27 17:23:35,972 [  36312]   INFO - #c.i.u.i.UnindexedFilesScanner - [81207af4] scanning stage (scanning id=2): CreatingIterators
2026-05-27 17:23:35,972 [  36312]   INFO - #c.i.u.i.UnindexedFilesScanner - [81207af4] scanning stage (scanning id=2): CollectingIndexableFiles
2026-05-27 17:23:35,972 [  36312]   INFO - #c.i.u.i.UnindexedFilesScanner - Scanning of [opi3] uses 8 scanning threads
2026-05-27 17:23:37,154 [  37494]   INFO - #c.i.u.i.UnindexedFilesScanner - [81207af4] Scanning completed for [opi3]. Number of scanned files: 42297; number of files for indexing: 0
2026-05-27 17:23:37,158 [  37498]   INFO - #c.i.u.i.PerProjectIndexingQueue - Finished for [opi3]. No files to index with loading content.
2026-05-27 17:23:37,158 [  37498]   INFO - #c.i.o.p.UnindexedFilesScannerExecutor - [81207af4] Task finished (scanning id=2): com.intellij.util.indexing.UnindexedFilesScannerExecutorImpl$ScheduledScanningTask@8d620f7
2026-05-27 17:23:37,160 [  37500]   INFO - #c.i.o.p.UnindexedFilesScannerExecutor - [81207af4] Running task: com.intellij.util.indexing.UnindexedFilesScannerExecutorImpl$ScheduledScanningTask@54907593
2026-05-27 17:23:37,160 [  37500]   INFO - #c.i.o.p.UnindexedFilesScannerExecutor - [81207af4] Skipping task: com.intellij.util.indexing.UnindexedFilesScannerExecutorImpl$ScheduledScanningTask@54907593
2026-05-27 17:23:37,166 [  37506]   INFO - #o.j.q.s.i.r.ConsoleLog - The Project configuration stage completed in 4s
2026-05-27 17:23:37,166 [  37506]   INFO - STDOUT - The Project configuration stage completed in 4s
2026-05-27 17:23:40,681 [  41021]   INFO - STDOUT - Initializing project…Inspecting with the 'qodana.recommended' profile
2026-05-27 17:23:40,946 [  41286]   INFO - #o.j.q.s.p.QodanaProfile - The 'qodana.sanity' profile is configured for sanity checks
2026-05-27 17:23:44,028 [  44368]   INFO - #o.j.q.s.i.r.ConsoleLog - Preparing for the Project analysis stage ...
2026-05-27 17:23:44,028 [  44368]   INFO - STDOUT - Preparing for the Project analysis stage ...
2026-05-27 17:23:44,275 [  44615]   INFO - #c.i.a.AnalysisScope - Scanning scope took 133 ms
2026-05-27 17:23:44,298 [  44638]   INFO - #c.i.c.e.GlobalJavaInspectionContextImpl - Processing external usages finished in 1 ms
2026-05-27 17:23:44,514 [  44854]   INFO - STDOUT - Analyzing code 1%
2026-05-27 17:23:44,517 [  44857]   INFO - STDOUT - Analyzing code 1%
2026-05-27 17:23:44,517 [  44857]   INFO - STDOUT - Analyzing code 1%
2026-05-27 17:23:44,518 [  44858]   INFO - STDOUT - Analyzing code 2%
2026-05-27 17:23:44,663 [  45003]   INFO - #c.i.x.Html5SchemaProvider - HTML5_SCHEMA_LOCATION = /home/evgrart/.cache/JetBrains/Qodana/qodana-QDJVMC-261.24091.87.tar/lib/intellij.relaxng.jar!/resources/html5-schema/html5.rnc
2026-05-27 17:23:44,957 [  45297]   INFO - STDOUT - Analyzing code 3%
2026-05-27 17:23:44,992 [  45332]   INFO - STDOUT - Analyzing code 4%
2026-05-27 17:23:45,001 [  45341]   INFO - STDOUT - Analyzing code 5%
2026-05-27 17:23:45,007 [  45347]   INFO - STDOUT - Analyzing code 6%
2026-05-27 17:23:45,073 [  45413]   INFO - STDOUT - Analyzing code 7%
2026-05-27 17:23:45,109 [  45449]   INFO - STDOUT - Analyzing code 8%
2026-05-27 17:23:45,141 [  45481]   INFO - STDOUT - Analyzing code 9%
2026-05-27 17:23:45,157 [  45497]   INFO - STDOUT - Analyzing code 10%
2026-05-27 17:23:45,188 [  45528]   INFO - STDOUT - Analyzing code 11%
2026-05-27 17:23:45,218 [  45558]   INFO - STDOUT - Analyzing code 12%
2026-05-27 17:23:45,222 [  45562]   INFO - STDOUT - Analyzing code 12%
2026-05-27 17:23:45,225 [  45565]   INFO - STDOUT - Analyzing code 13%
2026-05-27 17:23:45,303 [  45643]   INFO - STDOUT - Analyzing code 14%
2026-05-27 17:23:45,333 [  45673]   INFO - STDOUT - Analyzing code 15%
2026-05-27 17:23:45,345 [  45685]   INFO - STDOUT - Analyzing code 16%
2026-05-27 17:23:45,369 [  45709]   INFO - STDOUT - Analyzing code 17%
2026-05-27 17:23:45,375 [  45715]   INFO - STDOUT - Analyzing code 17%
2026-05-27 17:23:45,465 [  45805]   INFO - STDOUT - Analyzing code 18%
2026-05-27 17:23:45,513 [  45853]   INFO - STDOUT - Analyzing code 19%
2026-05-27 17:23:45,585 [  45925]   INFO - STDOUT - Analyzing code 20%
2026-05-27 17:23:45,681 [  46021]   INFO - STDOUT - Analyzing code 21%
2026-05-27 17:23:45,709 [  46049]   INFO - STDOUT - Analyzing code 22%
2026-05-27 17:23:45,763 [  46103]   INFO - STDOUT - Analyzing code 23%
2026-05-27 17:23:45,784 [  46124]   INFO - STDOUT - Analyzing code 24%
2026-05-27 17:23:45,796 [  46136]   INFO - STDOUT - Analyzing code 25%
2026-05-27 17:23:45,842 [  46182]   INFO - STDOUT - Analyzing code 26%
2026-05-27 17:23:45,868 [  46208]   INFO - STDOUT - Analyzing code 27%
2026-05-27 17:23:45,901 [  46241]   INFO - STDOUT - Analyzing code 28%
2026-05-27 17:23:46,002 [  46342]   INFO - STDOUT - Analyzing code 29%
2026-05-27 17:23:46,034 [  46374]   INFO - STDOUT - Analyzing code 30%
2026-05-27 17:23:46,097 [  46437]   INFO - STDOUT - Analyzing code 31%
2026-05-27 17:23:46,116 [  46456]   INFO - STDOUT - Analyzing code 31%
2026-05-27 17:23:46,193 [  46533]   INFO - STDOUT - Analyzing code 32%
2026-05-27 17:23:46,244 [  46584]   INFO - STDOUT - Analyzing code 33%
2026-05-27 17:23:46,285 [  46625]   INFO - STDOUT - Analyzing code 34%
2026-05-27 17:23:46,391 [  46731]   INFO - STDOUT - Analyzing code 35%
2026-05-27 17:23:46,558 [  46898]   INFO - STDOUT - Analyzing code 36%
2026-05-27 17:23:46,684 [  47024]   INFO - STDOUT - Analyzing code 37%
2026-05-27 17:23:46,842 [  47182]   INFO - STDOUT - Analyzing code 38%
2026-05-27 17:23:46,862 [  47202]   INFO - STDOUT - Analyzing code 39%
2026-05-27 17:23:46,899 [  47239]   INFO - STDOUT - Analyzing code 40%
2026-05-27 17:23:47,097 [  47437]   INFO - #c.i.o.p.i.ProgressManagerImpl - checkCancelled is invoked while write-action is pending. nonCancellable: false, hasProgressIndicator: false, hasContextJob: false, hasNoneBehavior: false, hasOnlyHooksBehavior: true, cancelled: false
2026-05-27 17:23:47,950 [  48290]   INFO - STDOUT - Analyzing code 41%
2026-05-27 17:23:47,958 [  48298]   INFO - STDOUT - Analyzing code 42%
2026-05-27 17:23:47,960 [  48300]   INFO - STDOUT - Analyzing code 41%
2026-05-27 17:23:47,960 [  48300]   INFO - STDOUT - Analyzing code 41%
2026-05-27 17:23:47,981 [  48321]   INFO - STDOUT - Analyzing code 42%
2026-05-27 17:23:48,479 [  48819]   INFO - STDOUT - Analyzing code 43%
2026-05-27 17:23:48,828 [  49168]   INFO - STDOUT - Analyzing code 44%
2026-05-27 17:23:48,867 [  49207]   INFO - STDOUT - Analyzing code 45%
2026-05-27 17:23:48,959 [  49299]   INFO - STDOUT - Analyzing code 46%
2026-05-27 17:23:49,002 [  49342]   INFO - STDOUT - Analyzing code 47%
2026-05-27 17:23:49,026 [  49366]   INFO - STDOUT - Analyzing code 48%
2026-05-27 17:23:50,368 [  50708]   INFO - STDOUT - Analyzing code 49%
2026-05-27 17:23:51,544 [  51884]   INFO - #o.j.q.s.i.r.ConsoleLog - The Project analysis stage completed in 7s
2026-05-27 17:23:51,545 [  51885]   INFO - STDOUT - The Project analysis stage completed in 7s
2026-05-27 17:23:51,559 [  51899]   INFO - #o.j.q.s.i.r.AsyncInspectionToolResultWriter - Async result writer started
2026-05-27 17:23:51,642 [  51982]   INFO - #o.j.q.s.s.n.RuntimeNotificationCollector$NotificationReportContributor - No tool errors to report to sarif file
2026-05-27 17:23:51,643 [  51983]   WARN - #o.j.q.s.s.GitReportContributor - Unable to find the branch name, please set the environment variable QODANA_BRANCH
2026-05-27 17:23:51,643 [  51983]   WARN - #o.j.q.s.s.GitReportContributor - Unable to find the remote url, please set the environment variable QODANA_REMOTE_URL
2026-05-27 17:23:51,643 [  51983]   WARN - #o.j.q.s.s.GitReportContributor - Unable to find the revision, please set the environment variable QODANA_REVISION
2026-05-27 17:23:51,643 [  51983]   WARN - #o.j.q.s.s.GitReportContributor - Unable to parse the repository url, please set the environment variable QODANA_REPO_URL, should start with https://
2026-05-27 17:23:51,983 [  52323]   INFO - #c.i.c.ComponentStoreImpl - Saving Project(name=opi3, containerState=COMPONENT_CREATED, componentStore=/home/evgrart/opi3)Kotlin2JvmCompilerArguments took 16 ms
2026-05-27 17:23:52,029 [  52369]   INFO - #c.i.u.i.PersistentDirtyFilesQueue - Dirty file ids stored. Size: 0. Index: 2 Path: /home/evgrart/.cache/JetBrains/Qodana/ac8555c8-b0bfb7b1/cache/idea/261/index/dirty-file-queues/81207af4
2026-05-27 17:23:52,047 [  52387]   INFO - #c.i.p.p.ProjectEntitiesStorage - Project ProjectId#c5l8tnd1a8b2g8drv0h2 is disposed, removing entity
2026-05-27 17:23:52,056 [  52396]   INFO - #c.i.p.d.i.f.FrontendXBreakpointManager - Breakpoint removed for XBreakpointId(uid=1)
2026-05-27 17:23:52,078 [  52418]   INFO - #c.i.w.i.i.GlobalWorkspaceModel - Project opi3 is removed from the list of initializing and open projects. Project was disposed.
2026-05-27 17:23:52,162 [  52502]   INFO - #c.i.c.b.CompilerReferenceServiceBase - backward reference index reader is closed (didn't exist)
2026-05-27 17:23:52,230 [  52570]   INFO - STDOUT - 
2026-05-27 17:23:52,230 [  52570]   INFO - STDOUT - Qodana - Detailed summary
2026-05-27 17:23:52,230 [  52570]   INFO - STDOUT - Analysis results: 0 problem detected
2026-05-27 17:23:52,230 [  52570]   INFO - STDOUT - 
2026-05-27 17:23:52,524 [  52864]   INFO - #o.j.q.s.i.r.QodanaInspectionApplication - sessionId: 26052714-5a850fc035bd
2026-05-27 17:23:52,543 [  52883]   INFO - #c.i.w.i.i.j.s.JpsGlobalModelSynchronizerImpl - Saving global entities com.intellij.platform.workspace.jps.entities.SdkEntity to files
2026-05-27 17:23:52,549 [  52889]   INFO - #c.i.w.i.i.j.s.JpsGlobalModelSynchronizerImpl - Saving global entities com.intellij.platform.workspace.jps.entities.LibraryEntity to files
2026-05-27 17:23:52,569 [  52909]   INFO - #c.i.a.o.PathMacrosImpl - Saved path macros: {MAVEN_REPOSITORY=/home/evgrart/.m2/repository}
2026-05-27 17:23:52,602 [  52942]   INFO - #c.i.i.s.e.u.EventLogExternalUploader - Statistics. Started external process for uploading event log
2026-05-27 17:23:52,629 [  52969]   INFO - #c.i.o.f.i.FileTypeDetectionService - 5 auto-detected files. Detection took 14 ms
2026-05-27 17:23:52,667 [  53007]   INFO - #o.j.i.BuiltInServer - web server stopped
2026-05-27 17:23:52,676 [  53016]   INFO - #c.i.u.i.FileBasedIndexImpl - Index dispose started
2026-05-27 17:23:52,681 [  53021]   INFO - #c.i.u.i.PersistentDirtyFilesQueue - Dirty file ids stored. Size: 2. Index: 2 Path: /home/evgrart/.cache/JetBrains/Qodana/ac8555c8-b0bfb7b1/cache/idea/261/index/dirty-file-ids
2026-05-27 17:23:52,743 [  53083]   INFO - #c.i.p.s.StubIndexImpl - StubIndexExtension-s were unloaded
2026-05-27 17:23:52,744 [  53084]   INFO - #c.i.p.s.SerializationManagerImpl - Start shutting down /home/evgrart/.cache/JetBrains/Qodana/ac8555c8-b0bfb7b1/cache/idea/261/index/rep.names
2026-05-27 17:23:52,744 [  53084]   INFO - #c.i.p.s.SerializationManagerImpl - Finished shutting down /home/evgrart/.cache/JetBrains/Qodana/ac8555c8-b0bfb7b1/cache/idea/261/index/rep.names
2026-05-27 17:23:52,746 [  53086]   INFO - #c.i.u.i.FileBasedIndexImpl - Index dispose completed in 70ms.
2026-05-27 17:23:52,934 [  53274]   INFO - #c.i.o.v.n.p.PersistentFSImpl - VFS dispose started
2026-05-27 17:23:52,936 [  53276]   INFO - #c.i.o.v.n.p.FSRecordsImpl - VFS closing
2026-05-27 17:23:52,946 [  53286]   INFO - #c.i.o.v.n.p.PersistentFSImpl - VFS dispose completed in 8 ms.
2026-05-27 17:23:53,463 [  53803]   INFO - #c.i.p.i.b.AppStarter - ------------------------------------------------------ IDE SHUTDOWN ------------------------------------------------------
2026-05-27 19:09:21,616 [     21]   INFO - #c.i.p.i.b.AppStarter - ------------------------------------------------------ IDE STARTED ------------------------------------------------------
2026-05-27 19:09:21,624 [     29]   INFO - #c.i.p.i.b.AppStarter - loading shell environment is turned off
2026-05-27 19:09:21,631 [     36]   INFO - #c.i.p.i.b.AppStarter - Will skip the config import to directory "/home/evgrart/.cache/JetBrains/Qodana/ac8555c8-b0bfb7b1/config" (exists = true). Current entries: "event-log-metadata", "options", "ide.vmoptions", "bundled_plugins.txt", "ssl", "tasks", "workspace", "early-access-registry.txt".
2026-05-27 19:09:21,659 [     64]   INFO - #c.i.p.i.b.AppStarter - JNA library (64-bit) loaded in 35 ms
2026-05-27 19:09:21,668 [     73]   INFO - #c.i.p.i.b.AppStarter - IDE: Qodana for JVM (build #QDJVM-261.24091, Wed, 27 May 2026 19:09:21 +0300)
2026-05-27 19:09:21,668 [     73]   INFO - #c.i.p.i.b.AppStarter - OS: Linux (6.17.0-29-generic)
2026-05-27 19:09:21,668 [     73]   INFO - #c.i.p.i.b.AppStarter - JRE: 25.0.2+10-b329.111, amd64 (JetBrains s.r.o.)
2026-05-27 19:09:21,669 [     74]   INFO - #c.i.p.i.b.AppStarter - JVM: 25.0.2+10-b329.111 (OpenJDK 64-Bit Server VM)
2026-05-27 19:09:21,672 [     77]   INFO - #c.i.p.i.b.AppStarter - PID: 31364
2026-05-27 19:09:21,673 [     78]   INFO - #c.i.p.i.b.AppStarter - desktop: KDE
2026-05-27 19:09:21,674 [     79]   INFO - #c.i.p.i.b.AppStarter - toolkit: sun.awt.HeadlessToolkit
2026-05-27 19:09:21,698 [    103]   INFO - #c.i.p.i.b.AppStarter - JVM options: [abort, vfprintf, -XX:ErrorFile=/home/evgrart/java_error_in_idea_%p.log, -XX:HeapDumpPath=/home/evgrart/java_error_in_idea.hprof, -Xms128m, -XX:JbrShrinkingGcMaxHeapFreeRatio=40, -XX:ReservedCodeCacheSize=512m, -XX:+HeapDumpOnOutOfMemoryError, -XX:-OmitStackTraceInFastThrow, -XX:CICompilerCount=2, -XX:+IgnoreUnrecognizedVMOptions, -XX:+UnlockDiagnosticVMOptions, -XX:TieredOldPercentage=100000, -ea, -Dsun.io.useCanonCaches=false, -Dsun.java2d.metal=true, -Djbr.catch.SIGABRT=true, -Djdk.http.auth.tunneling.disabledSchemes="", -Djdk.attach.allowAttachSelf=true, -Djdk.module.illegalAccess.silent=true, -Djdk.nio.maxCachedBufferSize=2097152, -Djava.util.zip.use.nio.for.zip.file.access=true, -Dkotlinx.coroutines.debug=off, -Dskiko.rendering.useScreenMenuBar=false, -Djava.nio.file.spi.DefaultFileSystemProvider=com.intellij.platform.core.nio.fs.MultiRoutingFileSystemProvider, -Dintellij.plugins.custom.built.in.repository.url=https://buildserver.labs.intellij.net/guestAuth/repository/download/ijplatform_IjPlatform261_IdeaInstallersBuild/930158814:id/IU-plugins/plugins.xml,https://buildserver.labs.intellij.net/guestAuth/repository/download/ijplatform_IjPlatform261_IdeaInstallersBuild/930158814:id/IU-plugins/auto-uploading/plugins.xml, -Dsun.tools.attach.tmp.only=true, -Dawt.lock.fair=true, -Dawt.toolkit.name=auto, -Djava.awt.headless=true, -Didea.log.path=/mnt/agent/work/75485c7b3f73db93/logs/plugins/, -Ddisabled.plugins.file.path=/home/evgrart/.cache/JetBrains/Qodana/qodana-QDJVMC-261.24091.87.tar/disabled_plugins.txt, -Didea.config.path=/home/evgrart/.cache/JetBrains/Qodana/ac8555c8-b0bfb7b1/config, -Didea.headless.enable.statistics=true, -Didea.headless.statistics.device.id=200820300000000-0000-0000-0000-000000000000, -Didea.headless.statistics.salt=0229f593f62e84ad29a64cebb6a9b861, -Didea.log.path=dist/qodana/results/log, -Didea.plugins.path=/home/evgrart/.cache/JetBrains/Qodana/ac8555c8-b0bfb7b1/cache/plugins/261, -Didea.system.path=/home/evgrart/.cache/JetBrains/Qodana/ac8555c8-b0bfb7b1/cache/idea/261, -Dplugin.path=/home/evgrart/.cache/JetBrains/Qodana/qodana-QDJVMC-261.24091.87.tar/custom-plugins/devkit,/home/evgrart/.cache/JetBrains/Qodana/qodana-QDJVMC-261.24091.87.tar/custom-plugins/uiDesigner, -Dqodana.automation.guid=64113626-d655-41c6-957d-c6391fedfb7b, -Dqodana.coverage.input=/home/evgrart/opi3/.qodana/code-coverage, -Dqodana.path.to.project.dir.from.project.root=opi3, -XX:MaxRAMPercentage=70, -Xlog:gc*:dist/qodana/results/log/gc.log, -Djb.vmOptionsFile=/home/evgrart/.cache/JetBrains/Qodana/ac8555c8-b0bfb7b1/config/ide.vmoptions, -Djava.system.class.loader=com.intellij.util.lang.PathClassLoader, -Didea.vendor.name=JetBrains, -Didea.paths.selector=IntelliJIdea2026.1, -Djna.boot.library.path=/home/evgrart/.cache/JetBrains/Qodana/qodana-QDJVMC-261.24091.87.tar/lib/jna/amd64, -Djna.nosys=true, -Djna.noclasspath=true, -Dpty4j.preferred.native.folder=/home/evgrart/.cache/JetBrains/Qodana/qodana-QDJVMC-261.24091.87.tar/lib/pty4j, -Dio.netty.allocator.type=pooled, -Dskiko.library.path=/home/evgrart/.cache/JetBrains/Qodana/qodana-QDJVMC-261.24091.87.tar/lib/skiko-awt-runtime-all, -Dintellij.platform.runtime.repository.path=/home/evgrart/.cache/JetBrains/Qodana/qodana-QDJVMC-261.24091.87.tar/modules/module-descriptors.dat, -Dsplash=true, -Daether.connector.resumeDownloads=false, -Dcompose.swing.render.on.graphics=true, --enable-native-access=ALL-UNNAMED, --add-opens=java.base/java.io=ALL-UNNAMED, --add-opens=java.base/java.lang=ALL-UNNAMED, --add-opens=java.base/java.lang.ref=ALL-UNNAMED, --add-opens=java.base/java.lang.reflect=ALL-UNNAMED, --add-opens=java.base/java.net=ALL-UNNAMED, --add-opens=java.base/java.nio=ALL-UNNAMED, --add-opens=java.base/java.nio.charset=ALL-UNNAMED, --add-opens=java.base/java.text=ALL-UNNAMED, --add-opens=java.base/java.time=ALL-UNNAMED, --add-opens=java.base/java.util=ALL-UNNAMED, --add-opens=java.base/java.util.concurrent=ALL-UNNAMED, --add-opens=java.base/java.util.concurrent.atomic=ALL-UNNAMED, --add-opens=java.base/java.util.concurrent.locks=ALL-UNNAMED, --add-opens=java.base/jdk.internal.ref=ALL-UNNAMED, --add-opens=java.base/jdk.internal.vm=ALL-UNNAMED, --add-opens=java.base/sun.net.dns=ALL-UNNAMED, --add-opens=java.base/sun.nio=ALL-UNNAMED, --add-opens=java.base/sun.nio.ch=ALL-UNNAMED, --add-opens=java.base/sun.nio.fs=ALL-UNNAMED, --add-opens=java.base/sun.security.ssl=ALL-UNNAMED, --add-opens=java.base/sun.security.util=ALL-UNNAMED, --add-opens=java.desktop/com.sun.java.swing=ALL-UNNAMED, --add-opens=java.desktop/com.sun.java.swing.plaf.gtk=ALL-UNNAMED, --add-opens=java.desktop/java.awt=ALL-UNNAMED, --add-opens=java.desktop/java.awt.dnd.peer=ALL-UNNAMED, --add-opens=java.desktop/java.awt.event=ALL-UNNAMED, --add-opens=java.desktop/java.awt.font=ALL-UNNAMED, --add-opens=java.desktop/java.awt.image=ALL-UNNAMED, --add-opens=java.desktop/java.awt.peer=ALL-UNNAMED, --add-opens=java.desktop/javax.swing=ALL-UNNAMED, --add-opens=java.desktop/javax.swing.plaf.basic=ALL-UNNAMED, --add-opens=java.desktop/javax.swing.text=ALL-UNNAMED, --add-opens=java.desktop/javax.swing.text.html=ALL-UNNAMED, --add-opens=java.desktop/javax.swing.text.html.parser=ALL-UNNAMED, --add-opens=java.desktop/sun.awt=ALL-UNNAMED, --add-opens=java.desktop/sun.awt.X11=ALL-UNNAMED, --add-opens=java.desktop/sun.awt.datatransfer=ALL-UNNAMED, --add-opens=java.desktop/sun.awt.image=ALL-UNNAMED, --add-opens=java.desktop/sun.font=ALL-UNNAMED, --add-opens=java.desktop/sun.java2d=ALL-UNNAMED, --add-opens=java.desktop/sun.swing=ALL-UNNAMED, --add-opens=java.management/sun.management=ALL-UNNAMED, --add-opens=jdk.attach/sun.tools.attach=ALL-UNNAMED, --add-opens=jdk.compiler/com.sun.tools.javac.api=ALL-UNNAMED, --add-opens=jdk.internal.jvmstat/sun.jvmstat.monitor=ALL-UNNAMED, --add-opens=jdk.jdi/com.sun.tools.jdi=ALL-UNNAMED, -Dqodana.application=true, -Dintellij.platform.load.app.info.from.resources=true, -Dfus.internal.reduce.initial.delay=true, -Didea.headless.statistics.max.files.to.send=5000, -Djava.awt.headless=true, -Didea.qodana.thirdpartyplugins.accept=true, -Dide.warmup.use.predicates=false, -Dvcs.log.index.enable=false, -Didea.job.launcher.without.timeout=true, -Dscanning.in.smart.mode=false, -Deap.login.enabled=false, -Dsdk.download.consent=true, -Dide.activity.tracking.enable.debug=true, -Deslint.service.expiration.timeout.ms=5000, -Dphp.additional.library.manager.new.updater=true, -Dide.region.url.mapping.expiration.timeout=7200, -Dexternal.system.auto.import.headless.async=true, -Dmaven.default.headless.import=true, -Dide.do.not.check.ls.on.startup=true, -Dqodana.product.name=Qodana for JVM, -Dqodana.build.number=QDJVM-261.24091, -Dqodana.eap=false, -Dide.native.launcher=true]
2026-05-27 19:09:21,700 [    105]   INFO - #c.i.p.i.b.AppStarter - args: qodana --config qodana.yaml --config-dir /tmp/qd-effective-config-3650828918 /home/evgrart/opi3 dist/qodana/results
2026-05-27 19:09:21,700 [    105]   INFO - #c.i.p.i.b.AppStarter - library path: /usr/java/packages/lib:/usr/lib64:/lib64:/lib:/usr/lib
2026-05-27 19:09:21,700 [    105]   INFO - #c.i.p.i.b.AppStarter - boot library path: /home/evgrart/.cache/JetBrains/Qodana/qodana-QDJVMC-261.24091.87.tar/jbr/lib
2026-05-27 19:09:21,707 [    112]   INFO - #c.i.p.i.b.AppStarter - locale=en_US JNU=UTF-8 file.encoding=UTF-8
    idea.home.path=/home/evgrart/.cache/JetBrains/Qodana/qodana-QDJVMC-261.24091.87.tar
    idea.config.path=/home/evgrart/.cache/JetBrains/Qodana/ac8555c8-b0bfb7b1/config
    idea.system.path=/home/evgrart/.cache/JetBrains/Qodana/ac8555c8-b0bfb7b1/cache/idea/261
    idea.plugins.path=/home/evgrart/.cache/JetBrains/Qodana/ac8555c8-b0bfb7b1/cache/plugins/261 -> java.nio.file.NoSuchFileException: /home/evgrart/.cache/JetBrains/Qodana/ac8555c8-b0bfb7b1/cache/plugins/261
    idea.log.path=/home/evgrart/opi3/dist/qodana/results/log
2026-05-27 19:09:21,715 [    120]   INFO - #c.i.p.i.b.AppStarter - CPU cores: 8; ForkJoinPool.commonPool: java.util.concurrent.ForkJoinPool@435aab88[Running, parallelism = 8, size = 0, active = 0, running = 0, steals = 0, tasks = 0, submissions = 0]; factory: com.intellij.concurrency.IdeaForkJoinWorkerThreadFactory@ddd96fa
2026-05-27 19:09:22,097 [    502]   INFO - #c.i.i.p.DisabledPluginsState - Plugins to disable: [com.intellij.modules.ultimate],  was already disabled, nothing changed
2026-05-27 19:09:22,115 [    520]   WARN - #c.i.i.p.PluginManager - Dist index is missing or corrupted; an OLD, DEPRECATED, SOON-TO-BE-REMOVED implementation will be used
2026-05-27 19:09:22,496 [    901]   INFO - #c.i.i.p.PluginManager - Ignoring cached broken plugins file from an earlier IDE build (IU-261.24091)
2026-05-27 19:09:22,622 [   1027]   INFO - #c.i.i.p.PluginManager - Plugin set resolution:
Module intellij.json.frontend.split is not enabled because dependency intellij.platform.frontend.split is not available
Module intellij.properties.copyright is not enabled because dependency com.intellij.copyright is not available
Module intellij.platform.identifiers.highlighting.backend is not enabled because dependency com.jetbrains.remoteDevelopment is not available
Module intellij.editorconfig.frontend.split is not enabled because dependency intellij.platform.frontend.split is not available
Module intellij.vcs.git.terminal is not enabled because dependency org.jetbrains.plugins.terminal is not available
Module intellij.devkit.mcp is not enabled because dependency com.intellij.mcpServer is not available
Module intellij.kotlin.devkit.k1 is not enabled because dependency com.intellij.modules.kotlin.k1 is not available
Module intellij.devkit.workspaceModel.k1 is not enabled because dependency com.intellij.modules.kotlin.k1 is not available
Module intellij.kotlin.performanceExtendedPlugin is not enabled because dependency intellij.performanceTesting.vcs is not available
Module intellij.kotlin.jvm.decompiler is not enabled because dependency org.jetbrains.java.decompiler is not available
Module intellij.kotlin.completion.ml is not enabled because dependency com.intellij.completion.ml.ranking is not available
Module intellij.kotlin.grazie is not enabled because dependency tanvd.grazi is not available
Module intellij.kotlin.coverage is not enabled because dependency Coverage is not available
Module intellij.kotlin.copyright is not enabled because dependency com.intellij.copyright is not available
Module kotlin-ultimate.profiler is not enabled because dependency com.intellij.LineProfiler is not available
Module kotlin-ultimate.wasm.debugger is not enabled because dependency intellij.javascript.debugger.backend is not available
Module kotlin-ultimate.javascript.nodeJs is not enabled because dependency intellij.javascript.codeinsight is not available
Module kotlin-ultimate.javascript.debugger is not enabled because dependency intellij.javascript.debugger.backend is not available
Module intellij.java.promo is not enabled because dependency com.intellij.modules.idea.community is not available
Module intellij.java.copyright is not enabled because dependency com.intellij.copyright is not available
Module intellij.profiler.ultimate is not enabled because dependency com.intellij.modules.ultimate is not available
Module intellij.java.duplicates.analysis is not enabled because dependency com.intellij.modules.ultimate is not available
Module intellij.java.duplicates is not enabled because dependency com.intellij.modules.ultimate is not available
Module intellij.java.duplicatesDetection is not enabled because dependency intellij.java.duplicates is not available
Module intellij.java.terminal is not enabled because dependency org.jetbrains.plugins.terminal is not available
Module intellij.java.performancePlugin is not enabled because dependency intellij.performanceTesting.vcs is not available
Module intellij.java.featuresTrainer is not enabled because dependency training is not available
Module intellij.kotlin.featuresTrainer is not enabled because dependency intellij.java.featuresTrainer is not available
Module intellij.java.backend.split is not enabled because dependency intellij.platform.backend.split is not available
Module intellij.java.frontend.split is not enabled because dependency intellij.platform.frontend.split is not available
Module kotlin-ultimate.native-debugger is not enabled because dependency intellij.cidr.runner is not available
Module kotlin-ultimate.ultimate-native is not enabled because dependency kotlin-ultimate.native-debugger is not available
Module intellij.gradle.java.coverage is not enabled because dependency Coverage is not available
Module intellij.gradle.java.toml is not enabled because dependency intellij.toml.core is not available
Module intellij.gradle.dependencyUpdater is not enabled because dependency org.jetbrains.idea.gradle.dsl is not available
Module intellij.gradle.analysis is not enabled because dependency org.jetbrains.idea.gradle.dsl is not available
Module intellij.java.ide.customization.training is not enabled because dependency intellij.java.featuresTrainer is not available
Module intellij.qodana.rust is not enabled because dependency com.intellij.modules.rustrover is not available
Module intellij.qodana.jvm.swagger is not enabled because dependency com.intellij.swagger is not available
Module intellij.qodana.python.community is not enabled because dependency com.intellij.modules.python is not available
Module intellij.qodana.inspectionKts is not enabled because dependency com.intellij.modules.ultimate is not available
Module intellij.qodana.inspectionKts.mcp is not enabled because dependency intellij.qodana.inspectionKts is not available
Module intellij.qodana.inspectionKts.java is not enabled because dependency intellij.qodana.inspectionKts is not available
Module intellij.qodana.inspectionKts.kotlin is not enabled because dependency intellij.qodana.inspectionKts is not available
Module intellij.qodana.inspectionKts.js is not enabled because dependency intellij.qodana.inspectionKts is not available
Module intellij.qodana.cpp is not enabled because dependency intellij.cidr.projectModel is not available
Module intellij.qodana.jvm.coverage is not enabled because dependency Coverage is not available
Module intellij.qodana.python.coverage is not enabled because dependency intellij.python is not available
Module intellij.qodana.php is not enabled because dependency com.jetbrains.php is not available
Module intellij.qodana.js is not enabled because dependency JavaScript is not available
Module intellij.qodana.go is not enabled because dependency intellij.go.coverage is not available
Module intellij.qodana/yaml is not enabled because dependency intellij.yaml.backend is not available
Module intellij.gradle.java.groovy.ml is not enabled because dependency com.intellij.completion.ml.ranking is not available
Module intellij.gradle.java.groovy.toml is not enabled because dependency intellij.gradle.java.toml is not available
Module intellij.groovy.byteCodeViewer is not enabled because dependency ByteCodeViewer is not available
Module intellij.groovy.copyright is not enabled because dependency intellij.java.copyright is not available
Module intellij.groovy.ant is not enabled because dependency AntSupport is not available
Module intellij.groovy.duplicates is not enabled because dependency com.intellij.modules.ultimate is not available
Module intellij.gradle.toml is not enabled because dependency intellij.toml.core is not available
Module intellij.kotlin.gradle.codeInsight.toml is not enabled because dependency intellij.gradle.java.toml is not available
Module intellij.kotlin.gradle.codeInsight.toml.k2 is not enabled because dependency intellij.gradle.java.toml is not available
Module intellij.maven.profiler is not enabled because dependency intellij.profiler.ultimate is not available
Module intellij.gradle.java.performance is not enabled because dependency com.jetbrains.performancePlugin is not available
Module intellij.gradle.profiler is not enabled because dependency intellij.profiler.ultimate is not available
2026-05-27 19:09:22,653 [   1058]   INFO - #c.i.p.i.b.AppStarter - Loaded bundled plugins: IDEA CORE (261.24091), DevKit Runtime (261.24091.0), Gradle (261.24091.0), Java (261.24091.0), Properties (261.24091.0), Qodana (261.24091.0), XPathView + XSLT (261.24091.0), JSON (261.24091.0), Git (261.24091.0), Configuration Script (261.24091.0), EditorConfig (261.24091.0), Kotlin (261.24091.0-IJ), Lombok (261.24091.0), JUnit (261.24091.0), TestNG (261.24091.0), Gradle for Java (261.24091.0), Java IDE Customization (261.24091.0), Java Internationalization (261.24091.0), Eclipse Interoperability (261.24091.0), Groovy (261.24091.0), Artifacts Repository Search (261.24091.0), Maven (261.24091.0)
2026-05-27 19:09:22,653 [   1058]   INFO - #c.i.p.i.b.AppStarter - Loaded custom plugins: Plugin DevKit (261.24091.0), Swing UI Designer (261.24091.0)
2026-05-27 19:09:22,715 [   1120]   WARN - #c.i.p.instanceContainer - InstanceNotOverridableException: Override failed for com.intellij.openapi.project.impl.ProjectStoreFactory: com.intellij.configurationScript.providers.ConfigurationScriptProjectStoreFactory attempts to override com.intellij.configurationStore.PlatformLangProjectStoreFactory, but the existing implementation is not overriddable (not declared as 'open=true')
2026-05-27 19:09:22,910 [   1315]   INFO - #o.j.q.s.i.s.QodanaApplicationStarter - Command line arguments: [qodana, --config, qodana.yaml, --config-dir, /tmp/qd-effective-config-3650828918, /home/evgrart/opi3, dist/qodana/results]
2026-05-27 19:09:22,955 [   1360]   INFO - #c.i.u.i.PageCacheUtils - File page caching params:
	DEFAULT_PAGE_SIZE: 10485760
	Direct memory to use, max: 11563696128
	FilePageCache: regular
	Regular FilePageCache: 629145600 bytes
	DirectByteBuffers pool: 104857600 bytes
2026-05-27 19:09:22,977 [   1382]   INFO - #c.i.u.s.JBUIScale - System scale factor: 1.0 (IDE-managed HiDPI)
2026-05-27 19:09:22,982 [   1387]   INFO - #c.i.p.e.i.f.EelMultiRoutingFileSystemBackendInitializationService - Eel MultiRoutingFileSystem backend is initialized
2026-05-27 19:09:22,984 [   1389]   INFO - #c.i.o.v.n.i.VfsData - Use SoftReference in VFS cache: true
2026-05-27 19:09:23,048 [   1453]   INFO - #c.i.o.v.n.p.PersistentFSLoader - VFS uses names enumerator over mmapped file
2026-05-27 19:09:23,052 [   1457]   INFO - #c.i.o.v.n.p.PersistentFSLoader - VFS uses streamlined attributes storage (over mmapped file)
2026-05-27 19:09:23,054 [   1459]   INFO - #c.i.o.v.n.p.PersistentFSLoader - VFS uses content storage over memory-mapped file, with compression algo: LZ4[ > 8000b ]
2026-05-27 19:09:23,062 [   1467]   INFO - #c.i.o.v.n.p.PersistentFSLoader - VFS uses OverMMappedFile(pageSize=67108864, acquireStorageOwnership=true) storage for main file records table
2026-05-27 19:09:23,085 [   1490]   INFO - #c.i.o.v.n.p.PersistentFSLoader - VFS: impl (expected) version=65, 111973 file records, 236 content blobs
2026-05-27 19:09:23,094 [   1499]   INFO - #c.i.a.o.PathMacrosImpl - Loaded path macros: {MAVEN_REPOSITORY=/home/evgrart/.m2/repository}
2026-05-27 19:09:23,100 [   1505]   INFO - #c.i.o.v.n.p.FSRecordsImpl - VFS initialized: 60 ms, 0 failed attempts, 0 error(s) were recovered
2026-05-27 19:09:23,147 [   1552]   INFO - #c.i.o.u.LowMemoryWatcherManager - Use ExponentiallySmoothingTracker(90000 ms)
2026-05-27 19:09:23,169 [   1574]   INFO - #c.i.o.u.LowMemoryWatcherManager - Subscribing to MemoryPool[G1 Old Gen]{max: 11584667648, threshold: 11005433856 (0.95 * max)}
2026-05-27 19:09:23,170 [   1575]   INFO - #c.i.o.u.LowMemoryWatcherManager - Schedule GC-time updating: each 15000ms
2026-05-27 19:09:23,180 [   1585]   INFO - #c.i.o.v.n.p.PersistentFSImpl - VFS.MAX_FILE_LENGTH_TO_CACHE: 1048576
2026-05-27 19:09:23,193 [   1598]   INFO - c.i.p.i.IdeFingerprint - Calculated dependencies fingerprint in 325 ms (hash=35i336b77eeb0, buildTime=1779898161, appVersion=QDJVM-261.24091)
2026-05-27 19:09:23,244 [   1649]   INFO - #c.i.o.v.n.p.FSRecordsImpl - VFS scanned: file-by-name index was populated
2026-05-27 19:09:23,843 [   2248]   INFO - #c.i.p.k.b.BackendKernelServiceKt - Backend started Kernel
2026-05-27 19:09:23,870 [   2275]   INFO - #c.i.l.LocalizationStateServiceImpl - [i18n] Localization property from registry is null
2026-05-27 19:09:23,896 [   2301]   INFO - #c.i.i.p.ExpiredPluginsState - Plugins to skip: []
2026-05-27 19:09:23,929 [   2334]   INFO - #c.i.i.s.StatisticsRegionSettingsServiceImpl - Statistics. Region code is not_set
2026-05-27 19:09:24,010 [   2415]   INFO - #c.i.p.trialPromotion - IDE is not managed
2026-05-27 19:09:24,078 [   2483]   INFO - #c.i.o.v.n.p.FSRecords - VFS health-check enabled: first after 600000 ms, and each following 43200000 ms, wrap in RA: true
2026-05-27 19:09:24,161 [   2566]   INFO - #fleet.kernel.Transactor - Very long change!!! Duration: 256.418524ms, change from: fleet.tracing.runtime.Span$Noop@690d648
2026-05-27 19:09:24,351 [   2756]   INFO - #o.j.i.BuiltInServerManager - built-in server started, port 63342
2026-05-27 19:09:24,389 [   2794]   INFO - #c.i.u.i.c.d.IndexWriter - Use com.intellij.util.indexing.contentQueue.dev.MultiThreadedWithSuspendIndexWriter@4a852277 as (parallel) index writer implementation
2026-05-27 19:09:24,391 [   2796]   INFO - #c.i.u.n.s.CertificateManager - Default SSL context initialized
2026-05-27 19:09:24,397 [   2802]   INFO - #c.i.o.v.i.l.NativeFileWatcherImpl - Native file watcher is disabled
2026-05-27 19:09:24,398 [   2803]   INFO - #c.i.u.i.i.SlruIndexStorageCacheProvider - SLRU cache will be used for indexes
2026-05-27 19:09:24,398 [   2803]   INFO - #c.i.u.i.i.MapIndexStorageCacheProvider$Companion - Default index storage cache provider [com.intellij.util.indexing.impl.SlruIndexStorageCacheProvider@53360d3e] is used
2026-05-27 19:09:24,402 [   2807]   INFO - #c.i.u.i.FileBasedIndexImpl - Loading indexes
2026-05-27 19:09:24,414 [   2819]   INFO - #c.i.u.i.PersistentDirtyFilesQueue - Dirty file ids read. Size: 2. Index: 2 Path: /home/evgrart/.cache/JetBrains/Qodana/ac8555c8-b0bfb7b1/cache/idea/261/index/dirty-file-ids.
2026-05-27 19:09:24,437 [   2842]   INFO - #c.i.f.n.TrigramIndexFilter - Filter exclude extensions is enabled: CustomizableExcludeExtensions([com.intellij.java.JavaLibrarySourcesExcludingIndexFilterExtension@1e28b7dc])
2026-05-27 19:09:24,697 [   3102]   INFO - #c.i.u.i.FileBasedIndexImpl - Indices to be built:FilenameIndex(v = 258)
2026-05-27 19:09:24,699 [   3104]   INFO - #c.i.u.i.FileBasedIndexImpl - Using simple flusher for indexes
2026-05-27 19:09:24,711 [   3116]   INFO - #c.i.u.i.IndexDataInitializer - Index data initialization done: 301 ms. Initialized indexes: [FilenameIndex, XsltSymbolIndex, Trigram.Index, XmlTagNames, filetypes, XmlNamespaces, SchemaTypeInheritance, TodoIndex, FrameworkDetectionIndex, HashFragmentIndex, fileIncludes, IdIndex, html5.custom.attributes.index, RelaxSymbolIndex, xmlProperties, DomFileIndex, json.file.root.values, editorconfig.index.name, java.auto.module.name, java.fun.expression, java.source.module.name, java.null.method.argument, PluginIdModuleIndex, java.binary.plus.expression, bytecodeAnalysis, org.jetbrains.kotlin.idea.versions.KotlinJvmMetadataVersionIndex, IdeaPluginRegistrationIndex, PluginIdDependenciesIndex, org.jetbrains.kotlin.idea.vfilefinder.KotlinClassFileIndex, devkit.ExtensionPointIndex, devkit.ExtensionPointClassIndex, org.jetbrains.kotlin.idea.vfilefinder.KotlinMetadataFilePackageIndex, org.jetbrains.kotlin.idea.versions.KotlinJsMetadataVersionIndex, org.jetbrains.kotlin.idea.vfilefinder.KotlinJavaScriptMetaFileIndex, org.jetbrains.kotlin.idea.vfilefinder.KotlinMetadataFileIndex, org.jetbrains.kotlin.idea.vfilefinder.KotlinModuleMappingIndex, org.jetbrains.kotlin.idea.vfilefinder.KotlinPartialPackageNamesIndex, KotlinPackageSourcesMemberNamesIndex, org.jetbrains.kotlin.idea.vfilefinder.KotlinStdlibIndex, org.jetbrains.kotlin.idea.vfilefinder.KotlinJvmModuleAnnotationsIndex, org.jetbrains.kotlin.idea.vfilefinder.KotlinBuiltInsMetadataIndex, org.jetbrains.kotlin.idea.vfilefinder.KlibMetaFileIndex, KotlinTopLevelCallableByPackageShortNameIndex, Stubs, KotlinTopLevelClassLikeDeclarationByPackageShortNameIndex, KotlinBinaryRootToPackageIndex, com.intellij.uiDesigner.FormClassIndex, LombokConfigIndex].
2026-05-27 19:09:24,956 [   3361]   INFO - #c.i.u.i.IndexDataInitializer - Index data initialization done: 244 ms. Initialized stub indexes: {java.module.name, gr.method.name, org.jetbrains.kotlin.idea.stubindex.KotlinFileFacadeFqNameIndex, org.jetbrains.kotlin.idea.stubindex.KotlinExactPackagesIndex, org.jetbrains.kotlin.idea.stubindex.KotlinPropertyShortNameIndex, java.field.name, KotlinTopLevelExpectPropertyFqNameIndex, KotlinProbablyContractedFunctionShortNameIndex, KotlinTopLevelExpectFunctionFqNameIndex, org.jetbrains.kotlin.idea.stubindex.KotlinFunctionShortNameIndex, java.anonymous.baseref, org.jetbrains.kotlin.idea.stubindex.KotlinAnnotationsIndex, KotlinTopLevelPropertyByPackageIndex, org.jetbrains.kotlin.idea.stubindex.KotlinSuperClassIndex, org.jetbrains.kotlin.idea.stubindex.KotlinTopLevelTypeAliasFqNameIndex, gr.anonymous.class, jvm.static.member.name, gr.script.fqn.s, org.jetbrains.kotlin.idea.stubindex.KotlinTopLevelPropertyFqnNameIndex, KotlinTopLevelFunctionByPackageIndex, org.jetbrains.kotlin.idea.stubindex.KotlinScriptFqnIndex, org.jetbrains.kotlin.idea.stubindex.KotlinMultifileClassPartIndex, KotlinTopLevelExtensionsByReceiverTypeIndex, properties.index, jvm.static.member.type, org.jetbrains.kotlin.idea.stubindex.KotlinInnerTypeAliasClassIdIndex, KotlinProbablyNothingPropertyShortNameIndex, org.jetbrains.kotlin.idea.stubindex.KotlinTypeAliasShortNameIndex, KotlinProbablyNothingFunctionShortNameIndex, java.unnamed.class, KotlinFileFacadeClassByPackageIndex, java.class.shortname, KotlinExtensionsInObjectsByReceiverTypeIndex, gr.class.fqn.s, kotlin.primeIndexKey, org.jetbrains.kotlin.idea.stubindex.KotlinFilePartClassIndex, gr.annot.members, dom.elementClass, org.jetbrains.kotlin.idea.stubindex.KotlinTopLevelClassByPackageIndex, KotlinTypeAliasByExpansionShortNameIndex, org.jetbrains.kotlin.idea.stubindex.KotlinFileFacadeShortNameIndex, KotlinOverridableInternalMembersShortNameIndex, org.jetbrains.kotlin.idea.stubindex.KotlinFullClassNameIndex, gr.annot.method.name, KotlinTopLevelTypeAliasByPackageIndex, org.jetbrains.kotlin.idea.stubindex.KotlinTopLevelFunctionFqnNameIndex, gr.class.super, org.jetbrains.kotlin.idea.stubindex.KotlinSubclassObjectNameIndex, org.jetbrains.kotlin.idea.stubindex.KotlinClassShortNameIndex, java.annotations, gr.script.class, java.method.parameter.types, org.jetbrains.kotlin.idea.stubindex.KotlinJvmNameAnnotationIndex, KotlinProbablyInjectedFunctionShortNameIndex, gr.field.name, java.class.fqn, java.record.component.name, dom.namespaceKey, java.class.extlist, java.method.name}.
2026-05-27 19:09:25,608 [   4013]   INFO - o.j.q.s.i.r.cloud - QODANA_TOKEN environment variable is not defined
2026-05-27 19:09:25,617 [   4022]   INFO - STDOUT - By using this linter, you agree to
2026-05-27 19:09:25,618 [   4023]   INFO - STDOUT - - JetBrains Privacy Policy (https://jb.gg/jetbrains-privacy-policy)
2026-05-27 19:09:25,618 [   4023]   INFO - STDOUT - - Qodana Community Linters Agreement (https://jb.gg/qodana-community-linters)
2026-05-27 19:09:25,618 [   4023]   INFO - STDOUT - Qodana license plan: Community
2026-05-27 19:09:25,634 [   4039]   WARN - org.jline - Unable to create a system terminal, creating a dumb terminal (enable debug logging for more information)
2026-05-27 19:09:25,674 [   4079]   WARN - org.jline - Unable to create a system terminal, creating a dumb terminal (enable debug logging for more information)
2026-05-27 19:09:25,687 [   4092]   INFO - STDOUT -                                         
2026-05-27 19:09:25,688 [   4093]   INFO - STDOUT -           _              _       
2026-05-27 19:09:25,688 [   4093]   INFO - STDOUT -          /\ \           /\ \        Qodana for JVM 2026.1.2 Preview
2026-05-27 19:09:25,688 [   4093]   INFO - STDOUT -         /  \ \         /  \ \       Documentation
2026-05-27 19:09:25,688 [   4093]   INFO - STDOUT -        / /\ \ \       / /\ \ \      https://jb.gg/qodana-docs
2026-05-27 19:09:25,688 [   4093]   INFO - STDOUT -       / / /\ \ \     / / /\ \ \     Contact us at
2026-05-27 19:09:25,688 [   4093]   INFO - STDOUT -      / / /  \ \_\   / / /  \ \_\    qodana-support@jetbrains.com
2026-05-27 19:09:25,688 [   4093]   INFO - STDOUT -     / / / _ / / /  / / /   / / /    Or via our issue tracker
2026-05-27 19:09:25,689 [   4094]   INFO - STDOUT -    / / / /\ \/ /  / / /   / / /     https://jb.gg/qodana-issue
2026-05-27 19:09:25,689 [   4094]   INFO - STDOUT -   / / /__\ \ \/  / / /___/ / /      Or share your feedback at our forum
2026-05-27 19:09:25,689 [   4094]   INFO - STDOUT -  / / /____\ \ \ / / /____\/ /       https://jb.gg/qodana-forum
2026-05-27 19:09:25,689 [   4094]   INFO - STDOUT -  \/________\_\/ \/_________/     
2026-05-27 19:09:25,689 [   4094]   INFO - STDOUT -                                                    
2026-05-27 19:09:25,689 [   4094]   INFO - STDOUT -                                         
2026-05-27 19:09:25,689 [   4094]   INFO - STDOUT - Starting up Qodana for JVM 2026.1.2 Preview (build QDJVM-261.24091)…done.
2026-05-27 19:09:29,107 [   7512]   INFO - #c.i.i.s.e.StatisticsEventLoggerProvider - Initialize event logger provider for 'FUS'
2026-05-27 19:09:29,113 [   7518]   INFO - #c.i.i.s.e.StatisticsEventLoggerProvider - Initialize event logger provider for 'MP'
2026-05-27 19:09:29,114 [   7519]   INFO - #c.i.i.s.e.StatisticsEventLoggerProvider - Initialize event logger provider for 'TRACE'
2026-05-27 19:09:29,115 [   7520]   INFO - #c.i.i.s.e.StatisticsEventLoggerProvider - Initialize event logger provider for 'ML'
2026-05-27 19:09:43,613 [  22018]   INFO - #o.j.q.j.j.QodanaConfigJdkService - Setting up JDK '17' from Qodana config
2026-05-27 19:09:43,686 [  22091]   INFO - #c.i.o.p.i.j.JdkAuto - Looking for a local SDK for JDK with name 17
2026-05-27 19:09:43,771 [  22176]   INFO - #c.i.o.p.i.j.JdkAuto - The following local JDKs were found: [/home/evgrart/.jdks/openjdk-23.0.2, 23.0.2, 23], [/usr/lib/jvm/default-java, 21.0.10, 21], [/usr/lib/jvm/java-1.21.0-openjdk-amd64, 21.0.10, 21], [/usr/lib/jvm/java-21-openjdk-amd64, 21.0.10, 21], [/home/evgrart/.jdks/corretto-21.0.6, 21.0.6, 21], [/home/evgrart/.jdks/ms-17.0.15, 17.0.15, 17], [/home/evgrart/.jdks/corretto-17.0.14, 17.0.14, 17]
2026-05-27 19:09:44,042 [  22447]   INFO - #c.i.w.i.i.GlobalWorkspaceModel - Load global workspace model from cache in 174 ms
2026-05-27 19:09:44,141 [  22546]   INFO - #c.i.u.s.JBUIScale - Computed user scale factor: 1.0 (IDE-managed HiDPI)
2026-05-27 19:09:44,622 [  23027]   WARN - #c.i.o.p.i.UnknownMissingSdkFix - SDK with name 17 already exists: clash=SdkEntity-:-0, new=17 Version:java version "17.0.15" Path:(/home/evgrart/.jdks/ms-17.0.15)
2026-05-27 19:09:44,622 [  23027]   INFO - #c.i.o.p.i.UnknownMissingSdkFixLocal - Automatically set Sdk SdkLookup{JDK, name=17, withSdkHomeFilter} to /home/evgrart/.jdks/ms-17.0.15
2026-05-27 19:09:44,623 [  23028]   INFO - #o.j.q.j.j.QodanaConfigJdkService - Setting up JDK '17' from Qodana config completed
2026-05-27 19:09:44,633 [  23038]   INFO - #o.j.q.s.i.r.ConsoleLog - Preparing for the Project opening stage ...
2026-05-27 19:09:44,634 [  23039]   INFO - STDOUT - Opening project…Preparing for the Project opening stage ...
2026-05-27 19:09:44,725 [  23130]   INFO - #c.i.p.p.ProjectEntitiesStorage - Creating entity for project ProjectId#vj9ff6nnjt7rqrtu11mb
2026-05-27 19:09:44,731 [  23136]   INFO - #c.i.p.p.ProjectEntitiesStorage - Entity for project ProjectId#vj9ff6nnjt7rqrtu11mb created successfully
2026-05-27 19:09:44,787 [  23192]   INFO - #c.i.c.ComponentStoreImpl - Project store initialization started for path: /home/evgrart/opi3 and template: null
2026-05-27 19:09:44,829 [  23234]   INFO - #c.i.c.ComponentStoreImpl - Project store initialized with paths: [Macro(key=$PROJECT_CONFIG_DIR$, value=/home/evgrart/opi3/.idea), Macro(key=$WORKSPACE_FILE$, value=/home/evgrart/opi3/.idea/workspace.xml), Macro(key=$PROJECT_FILE$, value=/home/evgrart/opi3/.idea/misc.xml), Macro(key=$CACHE_FILE$, value=/home/evgrart/.cache/JetBrains/Qodana/ac8555c8-b0bfb7b1/cache/idea/261/projects/opi3.81207af4/cache-state.xml), Macro(key=$PRODUCT_WORKSPACE_FILE$, value=/home/evgrart/.cache/JetBrains/Qodana/ac8555c8-b0bfb7b1/config/workspace/3EHXA4451pJsqYen3Po3FpoM8bh.xml)]
2026-05-27 19:09:45,041 [  23446]   INFO - #c.i.w.i.i.WorkspaceModelImpl - Load workspace model from cache in 100 ms
2026-05-27 19:09:45,044 [  23449]   INFO - #c.i.w.i.i.GlobalWorkspaceModel - Project opi3 is added to the list of initializing and open projects
2026-05-27 19:09:45,048 [  23453]   INFO - #c.i.w.i.i.l.m.ModuleBridgeLoaderService - Workspace model loaded from cache.
2026-05-27 19:09:45,115 [  23520]   INFO - #c.i.w.i.i.WorkspaceModelImpl - Project model updated silently to version 1 in 13 ms: Add module mapping
2026-05-27 19:09:45,138 [  23543]   INFO - #c.i.w.i.i.l.l.ProjectLibraryTableBridgeImpl - Initial load of project-level (project=opi3) libraries. There are 49 libraries to load.
2026-05-27 19:09:45,139 [  23544]   INFO - #c.i.w.i.i.l.l.ProjectLibraryTableBridgeImpl - Applying project-level (project=opi3) libraries directly to project WSM.
2026-05-27 19:09:45,143 [  23548]   INFO - #c.i.w.i.i.WorkspaceModelImpl - Project model updated silently to version 2 in 2 ms: Add project library mapping
2026-05-27 19:09:45,284 [  23689]   INFO - #c.i.w.i.i.EntitiesOrphanageImpl - Update orphanage. 0 modules added
2026-05-27 19:09:45,301 [  23706]   INFO - #c.i.w.i.i.WorkspaceModelImpl - Project model for project opi3 updated to version 3 in 113 ms: Sync global entities with project: opi3
2026-05-27 19:09:45,636 [  24041]   INFO - #c.i.w.i.i.EntitiesOrphanageImpl - Update orphanage. 0 modules added
2026-05-27 19:09:45,637 [  24042]   INFO - #c.i.w.i.i.WorkspaceModelImpl - Project model for project opi3 updated to version 4 in 32 ms: Change entity sources to externally imported
2026-05-27 19:09:45,657 [  24062]   INFO - #c.i.c.m.CodeInsightContextEnabling - multiverse is enabled
2026-05-27 19:09:45,736 [  24141]   INFO - #c.i.p.c.ProjectCodeStyleSettingsManager - Initialized from default code style settings.
2026-05-27 19:09:45,760 [  24165]   INFO - #c.i.o.p.i.ProjectManagerImpl - Project opi3 was added to the list of open projects
2026-05-27 19:09:45,865 [  24270]   INFO - #c.i.o.p.MergingQueueGuiExecutor - Running task: (dumb mode task) com.intellij.openapi.project.InitialDumbTaskRequiredForSmartMode@546d2256
2026-05-27 19:09:45,874 [  24279]   INFO - #c.i.o.p.DumbServiceMergingTaskQueue - Initializing DumbServiceMergingTaskQueue...
2026-05-27 19:09:45,895 [  24300]   INFO - #c.i.o.p.InitialDumbTaskRequiredForSmartMode - Running task required for smart mode: com.intellij.util.indexing.ProjectFileBasedIndexStartupActivity@677d76f0
2026-05-27 19:09:45,908 [  24313]   INFO - STDOUT - 'dumb-mode' is in progress...
2026-05-27 19:09:45,937 [  24342]   INFO - #c.i.u.i.FileBasedIndexImpl - Indexes are already loaded
2026-05-27 19:09:45,937 [  24342]   INFO - #c.i.u.i.PersistentDirtyFilesQueue - Dirty file ids read. Size: 0. Index: 2 Path: /home/evgrart/.cache/JetBrains/Qodana/ac8555c8-b0bfb7b1/cache/idea/261/index/dirty-file-queues/81207af4.
2026-05-27 19:09:45,950 [  24355]   INFO - #c.i.u.i.p.IncrementalProjectIndexableFilesFilterHolder - PersistentProjectIndexableFilesFilterFactory is chosen as indexable files filter factory for project: opi3
2026-05-27 19:09:45,997 [  24402]   INFO - #c.i.u.i.FileBasedIndexImpl - Indexes are already loaded
2026-05-27 19:09:46,030 [  24435]   INFO - #c.i.u.i.d.AppIndexingDependenciesService - Invalidating all indexing flags. Reason: App fingerprint changed: FingerprintImpl(fingerprint=-43059041355139808) to FingerprintImpl(fingerprint=-3507367049847221524)
2026-05-27 19:09:46,107 [  24512]   INFO - #c.i.u.i.UnindexedFilesScanner - Full scanning on startup will NOT be skipped for project [opi3] because of following unsatisfied conditions:
FILTER_IS_NOT_UP_TO_DATE: Persistent indexable files filter is NOT up-to-date because of following unsatisfied conditions: [INDEXING_REQUEST_ID_DID_NOT_CHANGE_AFTER_LAST_SCANNING]
2026-05-27 19:09:46,140 [  24545]   INFO - #c.i.d.PerformanceWatcherImpl - Post-startup activities under progress took 279ms; general responsiveness: ok; EDT responsiveness: ok
2026-05-27 19:09:46,147 [  24552]   INFO - #c.i.o.p.InitialDumbTaskRequiredForSmartMode - Finished task required for smart mode: com.intellij.util.indexing.ProjectFileBasedIndexStartupActivity@677d76f0
2026-05-27 19:09:46,147 [  24552]   INFO - #c.i.o.p.InitialDumbTaskRequiredForSmartMode - Running task required for smart mode: com.intellij.util.indexing.FileBasedIndexInfrastructureExtensionStartup@3712789d
2026-05-27 19:09:46,147 [  24552]   INFO - #c.i.o.p.InitialDumbTaskRequiredForSmartMode - Finished task required for smart mode: com.intellij.util.indexing.FileBasedIndexInfrastructureExtensionStartup@3712789d
2026-05-27 19:09:46,148 [  24553]   INFO - #c.i.o.p.InitialDumbTaskRequiredForSmartMode - Running task required for smart mode: com.intellij.util.indexing.DumbModeWhileScanningSubscriber@2120d437
2026-05-27 19:09:46,148 [  24553]   INFO - #c.i.o.p.UnindexedFilesScannerExecutor - [81207af4] Running task: com.intellij.util.indexing.UnindexedFilesScannerExecutorImpl$ScheduledScanningTask@4fb2a361
2026-05-27 19:09:46,156 [  24561]   INFO - #c.i.o.p.InitialDumbTaskRequiredForSmartMode - Finished task required for smart mode: com.intellij.util.indexing.DumbModeWhileScanningSubscriber@2120d437
2026-05-27 19:09:46,158 [  24563]   INFO - #c.i.o.p.InitialDumbTaskRequiredForSmartMode - Running task required for smart mode: com.intellij.ide.projectWizard.generators.SdkPreIndexingRequiredForSmartModeActivity@17daea47
2026-05-27 19:09:46,162 [  24567]   INFO - #c.i.o.e.s.p.m.ExternalProjectsDataStorage - Load external projects data in 62 millis (read time: 4)
2026-05-27 19:09:46,170 [  24575]   INFO - #c.i.o.p.InitialDumbTaskRequiredForSmartMode - Finished task required for smart mode: com.intellij.ide.projectWizard.generators.SdkPreIndexingRequiredForSmartModeActivity@17daea47
2026-05-27 19:09:46,172 [  24577]   INFO - #c.i.o.p.MergingQueueGuiExecutor - Task finished: (dumb mode task) com.intellij.openapi.project.InitialDumbTaskRequiredForSmartMode@546d2256
2026-05-27 19:09:46,193 [  24598]   INFO - #c.i.u.i.UnindexedFilesScanner - [81207af4] scanning stage (scanning id=0): DelayedPushProperties
2026-05-27 19:09:46,210 [  24615]   INFO - #o.j.k.i.PluginStartupActivity - Kotlin plugin mode: K2
2026-05-27 19:09:46,233 [  24638]   INFO - #o.j.q.s.i.r.ConsoleLog - Setting project JDK 17
2026-05-27 19:09:46,234 [  24639]   INFO - STDOUT - Setting project JDK 17
2026-05-27 19:09:46,240 [  24645]   INFO - #c.i.i.s.IdeStartupScripts - 0 startup script(s) found
2026-05-27 19:09:46,328 [  24733]   INFO - #c.i.u.i.FileBasedIndexImpl - Indexes are already loaded
2026-05-27 19:09:46,328 [  24733]   INFO - STDOUT - [IDE]: Task 'Analyzing project to enable smart features' ended
2026-05-27 19:09:46,328 [  24733]   INFO - #c.i.u.i.UnindexedFilesScanner - [81207af4] Started scanning for indexing of [opi3]. Reason: On project open
2026-05-27 19:09:46,333 [  24738]   INFO - #c.i.u.i.UnindexedFilesScanner - [81207af4] scanning stage (scanning id=0): CreatingIterators
2026-05-27 19:09:46,346 [  24751]   INFO - #c.i.o.a.i.NonBlockingReadActionImpl - OTel monitoring for NonBlockingReadAction is enabled
2026-05-27 19:09:46,361 [  24766]   INFO - #c.i.o.p.i.ProgressManagerImpl - checkCancelled is invoked while write-action is pending. nonCancellable: true, hasProgressIndicator: false, hasContextJob: false, hasNoneBehavior: false, hasOnlyHooksBehavior: false, cancelled: false
2026-05-27 19:09:46,470 [  24875]   INFO - #c.i.w.i.i.EntitiesOrphanageImpl - Update orphanage. 0 modules added
2026-05-27 19:09:46,470 [  24875]   INFO - #c.i.w.i.i.WorkspaceModelImpl - Project model for project opi3 updated to version 5 in 7 ms: setOrClearProjectSdkName: SdkId(name=17, type=JavaSDK)
2026-05-27 19:09:46,504 [  24909]   INFO - #c.i.p.d.i.f.FrontendXBreakpointManager - Breakpoint created for XBreakpointId(uid=1)
2026-05-27 19:09:46,510 [  24915]   INFO - #o.j.i.maven - Updating index list for project Project(name=opi3, containerState=COMPONENT_CREATED, componentStore=/home/evgrart/opi3)
2026-05-27 19:09:46,513 [  24918]   INFO - #o.j.i.maven - updating index list for Project(name=opi3, containerState=COMPONENT_CREATED, componentStore=/home/evgrart/opi3) - will add repository local:local:/home/evgrart/.m2/repository, before was null
2026-05-27 19:09:46,522 [  24927]   INFO - #o.j.i.maven - Starting update maven index for local:local:/home/evgrart/.m2/repository
2026-05-27 19:09:46,526 [  24931]   INFO - #c.i.o.p.DumbServiceImpl - exit dumb mode [opi3]
2026-05-27 19:09:46,678 [  25083]   INFO - #c.i.u.i.UnindexedFilesScanner - [81207af4] scanning stage (scanning id=0): CollectingIndexableFiles
2026-05-27 19:09:46,684 [  25089]   INFO - #c.i.u.i.UnindexedFilesScanner - Scanning of [opi3] uses 8 scanning threads
2026-05-27 19:09:46,779 [  25184]   INFO - #c.i.p.u.i.s.e.DurableEnumeratorFactory - [enumerator.mmapped]: .valueHashToId (in memory) was filled (31 records)
2026-05-27 19:09:46,844 [  25249]   INFO - #c.i.p.i.c.i.i.JavaIdIndexer - skipSourceFilesInLibraries: false (registry: 'ide.index.id.skip.java.sources.in.libs')
2026-05-27 19:09:46,850 [  25255]   INFO - #c.i.p.i.c.i.i.JavaIdIndexer - skipSourceFilesInLibraries: false (registry: 'ide.index.id.skip.java.sources.in.libs')
2026-05-27 19:09:46,875 [  25280]   INFO - #o.j.i.maven - GAV index updated for repo /home/evgrart/.m2/repository, 1458 files processed in 199 groups in 342 millis, succeed = true
2026-05-27 19:09:47,741 [  26146]   INFO - STDOUT - [IDE]: Task 'Resolving SDKs…' started
2026-05-27 19:09:47,741 [  26146]   INFO - STDOUT - [IDE]: Validating existing SDKs
2026-05-27 19:09:47,750 [  26155]   INFO - STDOUT - [IDE]: Task 'Resolving SDKs…' ended in 9 ms
2026-05-27 19:09:47,989 [  26394]   INFO - #c.i.u.i.IndexingReasonExplanationLogger - Scanner has updated file qodana.sarif.json (id=111942) with appliers: [SingleIndexValueApplier{indexId=filetypes, inputId=111942, fileInfo='qodana.sarif.json(id=111942)'}] and removers: []; 
2026-05-27 19:09:48,022 [  26427]   INFO - #c.i.u.i.IndexingReasonExplanationLogger - Scanner has updated file qodana.sarif.json (id=111886) with appliers: [SingleIndexValueApplier{indexId=filetypes, inputId=111886, fileInfo='qodana.sarif.json(id=111886)'}] and removers: []; 
2026-05-27 19:09:49,105 [  27510]   INFO - #c.i.w.i.i.j.s.JpsGlobalModelSynchronizerImpl - Loading global entities com.intellij.platform.workspace.jps.entities.SdkEntity from files
2026-05-27 19:09:49,130 [  27535]   INFO - #c.i.w.i.i.j.s.JpsGlobalModelSynchronizerImpl - Loading global entities com.intellij.platform.workspace.jps.entities.LibraryEntity from files
2026-05-27 19:09:49,133 [  27538]   INFO - #c.i.o.p.i.ProgressManagerImpl - checkCancelled is invoked while write-action is pending. nonCancellable: false, hasProgressIndicator: false, hasContextJob: true, hasNoneBehavior: true, hasOnlyHooksBehavior: false, cancelled: false
2026-05-27 19:09:49,199 [  27604]   INFO - #c.i.w.i.i.EntitiesOrphanageImpl - Update orphanage. 0 modules added
2026-05-27 19:09:49,207 [  27612]   INFO - #c.i.w.i.i.WorkspaceModelImpl - Project model for project opi3 updated to version 6 in 61 ms: Sync global entities with project: opi3
2026-05-27 19:09:49,207 [  27612]   INFO - #c.i.w.i.i.GlobalWorkspaceModel - During global workspace model update the changes were also applied to project: opi3
2026-05-27 19:09:49,207 [  27612]   INFO - #c.i.w.i.i.GlobalWorkspaceModel - Global model updated to version 2 in 71 ms: Sync global entities with state
2026-05-27 19:09:50,117 [  28522]   INFO - #c.i.u.i.UnindexedFilesScanner - [81207af4] Scanning completed for [opi3]. Number of scanned files: 63404; number of files for indexing: 0
2026-05-27 19:09:50,118 [  28523]   INFO - #c.i.o.p.InitialVfsRefreshService - 81207af4: marking roots for initial VFS refresh
2026-05-27 19:09:50,148 [  28553]   INFO - #c.i.o.p.InitialVfsRefreshService - 81207af4: starting initial VFS refresh of 59 roots
2026-05-27 19:09:50,453 [  28858]   INFO - #c.i.o.p.InitialVfsRefreshService - 81207af4: initial VFS refresh finished in 303 ms
2026-05-27 19:09:50,456 [  28861]   INFO - #c.i.o.p.DumbServiceImpl - enter dumb mode [opi3]
2026-05-27 19:09:50,459 [  28864]   INFO - #c.i.o.p.MergingQueueGuiExecutor - Running task: (dumb mode task) com.intellij.openapi.roots.impl.PushedFilePropertiesUpdaterImpl$MyDumbModeTask@ff93618 (reason: Push on VFS changes)
2026-05-27 19:09:50,472 [  28877]   INFO - #c.i.u.i.PerProjectIndexingQueue - Finished for [opi3]. No files to index with loading content.
2026-05-27 19:09:50,474 [  28879]   INFO - #c.i.o.p.UnindexedFilesScannerExecutor - [81207af4] Task finished (scanning id=0): com.intellij.util.indexing.UnindexedFilesScannerExecutorImpl$ScheduledScanningTask@4fb2a361
2026-05-27 19:09:50,478 [  28883]   INFO - #c.i.o.p.UnindexedFilesScannerExecutor - [81207af4] Running task: com.intellij.util.indexing.UnindexedFilesScannerExecutorImpl$ScheduledScanningTask@42668922
2026-05-27 19:09:50,479 [  28884]   INFO - #c.i.u.i.UnindexedFilesScanner - [81207af4] scanning stage (scanning id=1): DelayedPushProperties
2026-05-27 19:09:50,507 [  28912]   INFO - #c.i.u.i.FileBasedIndexImpl - Indexes are already loaded
2026-05-27 19:09:50,508 [  28913]   INFO - #c.i.u.i.UnindexedFilesScanner - [81207af4] Started scanning for indexing of [opi3]. Reason: Changes from WorkspaceFileIndex (140 iterators)
2026-05-27 19:09:50,514 [  28919]   INFO - #c.i.u.i.UnindexedFilesScanner - [81207af4] scanning stage (scanning id=1): CreatingIterators
2026-05-27 19:09:50,517 [  28922]   INFO - #c.i.u.i.UnindexedFilesScanner - [81207af4] scanning stage (scanning id=1): CollectingIndexableFiles
2026-05-27 19:09:50,518 [  28923]   INFO - #c.i.u.i.UnindexedFilesScanner - Scanning of [opi3] uses 8 scanning threads
2026-05-27 19:09:50,608 [  29013]   INFO - #c.i.o.p.MergingQueueGuiExecutor - Task finished: (dumb mode task) com.intellij.openapi.roots.impl.PushedFilePropertiesUpdaterImpl$MyDumbModeTask@ff93618 (reason: Push on VFS changes)
2026-05-27 19:09:50,608 [  29013]   INFO - #c.i.o.p.MergingQueueGuiExecutor - Running task: (dumb mode task) UnindexedFilesIndexer[opi3, reasons: [On refresh of files in opi3 (x2)]]
2026-05-27 19:09:50,777 [  29182]   INFO - #c.i.c.CompilerWorkspaceConfiguration - Available processors: 8
2026-05-27 19:09:51,222 [  29627]   INFO - #c.i.d.ReporterIdLoggerActivity - Exception reporter ID: 150325361655e8e-e1ca-48eb-b585-380a0d34456f
2026-05-27 19:09:51,230 [  29635]   INFO - #c.i.o.e.s.p.m.ReprocessContentRootDataActivity - Ignored reprocess of content root data service for new projects
2026-05-27 19:09:51,378 [  29783]   INFO - #o.j.q.s.QodanaLinterBackgroundStartupActivity - Executed Qodana backgroundPostStartupActivity
2026-05-27 19:09:51,390 [  29795]   INFO - #o.j.p.g.j.IdeVersionedDataUpdater - Updating version compatibility for org.jetbrains.plugins.gradle.jvmcompat.GradleCompatibilitySupportUpdater. Last update was: 0. Update interval: 1d Url to update https://download.jetbrains.com/resources/intellij/plugins/gradle/v1/compatibility.json
2026-05-27 19:09:51,435 [  29840]   INFO - #o.j.j.b.i.CompilerReferenceIndex - backward reference index version doesn't exist
2026-05-27 19:09:51,469 [  29874]   INFO - #c.i.c.b.IsUpToDateCheckStartupActivity - suitable consumer is not found
2026-05-27 19:09:51,694 [  30099]   INFO - #c.i.w.i.i.GlobalWorkspaceModel - Sync global entities with mutable entity storage
2026-05-27 19:09:51,708 [  30113]   INFO - #c.i.w.i.i.j.s.JpsProjectModelSynchronizer - Attempt 1: Apply JPS storage (iml files)
2026-05-27 19:09:51,803 [  30208]   INFO - #c.i.o.p.i.ProgressManagerImpl - checkCancelled is invoked while write-action is pending. nonCancellable: false, hasProgressIndicator: false, hasContextJob: true, hasNoneBehavior: true, hasOnlyHooksBehavior: false, cancelled: false
2026-05-27 19:09:51,807 [  30212]   INFO - #c.i.w.i.i.EntitiesOrphanageImpl - Update orphanage. 0 modules added
2026-05-27 19:09:51,814 [  30219]   INFO - #c.i.w.i.i.WorkspaceModelImpl - Project model for project opi3 updated to version 7
2026-05-27 19:09:51,819 [  30224]   INFO - #c.i.w.i.i.j.s.JpsProjectModelSynchronizer - Attempt 1: Changes were successfully applied
2026-05-27 19:09:51,823 [  30228]   INFO - #c.i.w.i.i.j.s.DelayedProjectSynchronizer$Util - Workspace model loaded from cache. Syncing real project state into workspace model in 609 ms. Thread[#121,DefaultDispatcher-worker-33,5,main]
2026-05-27 19:09:51,899 [  30304]   INFO - #c.i.u.i.UnindexedFilesScanner - [81207af4] Scanning completed for [opi3]. Number of scanned files: 42297; number of files for indexing: 0
2026-05-27 19:09:51,905 [  30310]   INFO - #c.i.u.i.PerProjectIndexingQueue - Finished for [opi3]. No files to index with loading content.
2026-05-27 19:09:51,905 [  30310]   INFO - #c.i.o.p.UnindexedFilesScannerExecutor - [81207af4] Task finished (scanning id=1): com.intellij.util.indexing.UnindexedFilesScannerExecutorImpl$ScheduledScanningTask@42668922
2026-05-27 19:09:51,905 [  30310]   INFO - #c.i.u.i.FileBasedIndexImpl - Indexes are already loaded
2026-05-27 19:09:51,923 [  30328]   INFO - #c.i.u.i.c.IndexUpdateRunner - Using 8 workers for indexing and 4 for writing indexes
2026-05-27 19:09:51,931 [  30336]   INFO - #c.i.u.i.ProjectChangedFilesScanner - Retrieving changed during indexing files of opi3 : 63 to update, calculated in 1ms
2026-05-27 19:09:51,950 [  30355]   INFO - #c.i.u.i.FileBasedIndexImpl - File: file:///home/evgrart/opi3/dist/qodana/results/qodana.sarif.json is too large for indexing
2026-05-27 19:09:52,153 [  30558]   INFO - #o.j.p.g.j.IdeVersionedDataUpdater - IDE versioned data for org.jetbrains.plugins.gradle.jvmcompat.GradleCompatibilitySupportUpdater was updated
2026-05-27 19:09:52,610 [  31015]   INFO - #c.i.u.i.FileBasedIndexImpl - File: file:///home/evgrart/opi3/dist/qodana/report/results/qodana.sarif.json is too large for indexing
2026-05-27 19:09:54,091 [  32496]   INFO - #c.i.u.i.UnindexedFilesIndexer - Finished for opi3. Unindexed files update took 2180ms; general responsiveness: ok; EDT responsiveness: ok
2026-05-27 19:09:54,097 [  32502]   INFO - #c.i.o.p.MergingQueueGuiExecutor - Task finished: (dumb mode task) UnindexedFilesIndexer[opi3, reasons: [On refresh of files in opi3 (x2)]]
2026-05-27 19:09:54,105 [  32510]   INFO - STDOUT - 'dumb-mode' is completed.
2026-05-27 19:09:54,106 [  32511]   INFO - STDOUT - 'Maven' is in progress...
2026-05-27 19:09:54,127 [  32532]   INFO - STDOUT - 'Maven' is completed.
2026-05-27 19:09:54,127 [  32532]   INFO - STDOUT - [IDE]: Task 'Analyzing project to enable smart features' ended
2026-05-27 19:09:54,133 [  32538]   INFO - #c.i.o.p.DumbServiceImpl - exit dumb mode [opi3]
2026-05-27 19:09:54,144 [  32549]   INFO - #c.i.w.i.i.j.s.JpsGlobalModelSynchronizerImpl - Saving global entities com.intellij.platform.workspace.jps.entities.SdkEntity to files
2026-05-27 19:09:54,163 [  32568]   INFO - #c.i.w.i.i.j.s.JpsGlobalModelSynchronizerImpl - Saving global entities com.intellij.platform.workspace.jps.entities.LibraryEntity to files
2026-05-27 19:09:54,602 [  33007]   INFO - #git4idea.commands.GitHandler - [/home/evgrart/opi3] git -c core.quotepath=false -c log.showSignature=false version
2026-05-27 19:09:54,617 [  33022]   INFO - #c.i.a.o.PathMacrosImpl - Saved path macros: {MAVEN_REPOSITORY=/home/evgrart/.m2/repository}
2026-05-27 19:09:54,635 [  33040]   INFO - #o.j.k.i.script - [KOTLIN_SCRIPTING] Loading script definitions: classes=[], classpath=[]
2026-05-27 19:09:54,657 [  33062]   INFO - #git4idea.commands.GitHandler - git version 2.43.0
2026-05-27 19:09:54,686 [  33091]   INFO - #git4idea.config.GitExecutableFileTester - Git version for /usr/bin/git: 2.43.0.0 (UNIX)
2026-05-27 19:09:54,698 [  33103]   INFO - #c.i.c.ComponentStoreImpl - Saving appEditorSettings took 12 ms, ExtensionsRootType took 26 ms, FeatureUsageStatistics took 35 ms, FileTypeManager took 78 ms, FindSettings took 36 ms, GradleJvmSupportMatrix took 15 ms, KeymapManager took 14 ms, LicenseInfoStorage took 21 ms, LocalizationStateService took 20 ms, PathMacrosImpl took 20 ms, PresentationAssistantIJ took 12 ms, ProfilerRunConfigurations took 16 ms, PropertyService took 27 ms
2026-05-27 19:09:54,712 [  33117]   INFO - #c.i.w.i.i.j.s.JpsGlobalModelSynchronizerImpl - Saving global entities com.intellij.platform.workspace.jps.entities.SdkEntity to files
2026-05-27 19:09:54,717 [  33122]   INFO - #c.i.w.i.i.j.s.JpsGlobalModelSynchronizerImpl - Saving global entities com.intellij.platform.workspace.jps.entities.LibraryEntity to files
2026-05-27 19:09:54,784 [  33189]   INFO - #c.i.a.o.PathMacrosImpl - Saved path macros: {MAVEN_REPOSITORY=/home/evgrart/.m2/repository}
2026-05-27 19:09:54,792 [  33197]   INFO - #c.i.c.ComponentStoreImpl - Saving appFileTypeManager took 18 ms, InspectionProfileManager took 11 ms
2026-05-27 19:09:55,020 [  33425]   INFO - #c.i.c.ComponentStoreImpl - Saving Project(name=opi3, containerState=COMPONENT_CREATED, componentStore=/home/evgrart/opi3)GradleSettings took 16 ms, XDebuggerManager took 38 ms
2026-05-27 19:09:55,023 [  33428]   INFO - STDOUT - Configuration phase 0 is completed. Initiating another phase to cover possible side effects...
2026-05-27 19:09:55,023 [  33428]   INFO - STDOUT - All configuration phases are completed.
2026-05-27 19:09:55,024 [  33429]   INFO - STDOUT - 'Queries for MergingUpdateQueue' is in progress...
2026-05-27 19:09:55,828 [  34233]   INFO - STDOUT - 'Queries for MergingUpdateQueue' is completed.
2026-05-27 19:09:55,832 [  34237]   INFO - #c.i.w.i.i.j.s.JpsGlobalModelSynchronizerImpl - Saving global entities com.intellij.platform.workspace.jps.entities.SdkEntity to files
2026-05-27 19:09:55,835 [  34240]   INFO - #c.i.w.i.i.j.s.JpsGlobalModelSynchronizerImpl - Saving global entities com.intellij.platform.workspace.jps.entities.LibraryEntity to files
2026-05-27 19:09:55,912 [  34317]   INFO - #c.i.a.o.PathMacrosImpl - Saved path macros: {MAVEN_REPOSITORY=/home/evgrart/.m2/repository}
2026-05-27 19:09:55,918 [  34323]   INFO - #c.i.c.ComponentStoreImpl - Saving appActionMacroManager took 34 ms
2026-05-27 19:09:55,925 [  34330]   INFO - #c.i.w.i.i.j.s.JpsGlobalModelSynchronizerImpl - Saving global entities com.intellij.platform.workspace.jps.entities.SdkEntity to files
2026-05-27 19:09:55,926 [  34331]   INFO - #c.i.w.i.i.j.s.JpsGlobalModelSynchronizerImpl - Saving global entities com.intellij.platform.workspace.jps.entities.LibraryEntity to files
2026-05-27 19:09:55,952 [  34357]   INFO - #c.i.a.o.PathMacrosImpl - Saved path macros: {MAVEN_REPOSITORY=/home/evgrart/.m2/repository}
2026-05-27 19:09:55,958 [  34363]   INFO - STDOUT - Configuration phase 1 is completed. Initiating another phase to cover possible side effects...
2026-05-27 19:09:55,958 [  34363]   INFO - STDOUT - All configuration phases are completed.
2026-05-27 19:09:55,958 [  34363]   INFO - STDOUT - 'Queries for MergingUpdateQueue' is in progress...
2026-05-27 19:09:56,962 [  35367]   INFO - STDOUT - 'Queries for MergingUpdateQueue' is completed.
2026-05-27 19:09:56,963 [  35368]   INFO - #c.i.w.i.i.j.s.JpsGlobalModelSynchronizerImpl - Saving global entities com.intellij.platform.workspace.jps.entities.SdkEntity to files
2026-05-27 19:09:56,966 [  35371]   INFO - #c.i.w.i.i.j.s.JpsGlobalModelSynchronizerImpl - Saving global entities com.intellij.platform.workspace.jps.entities.LibraryEntity to files
2026-05-27 19:09:57,003 [  35408]   INFO - #c.i.a.o.PathMacrosImpl - Saved path macros: {MAVEN_REPOSITORY=/home/evgrart/.m2/repository}
2026-05-27 19:09:57,012 [  35417]   INFO - #c.i.w.i.i.j.s.JpsGlobalModelSynchronizerImpl - Saving global entities com.intellij.platform.workspace.jps.entities.SdkEntity to files
2026-05-27 19:09:57,013 [  35418]   INFO - #c.i.w.i.i.j.s.JpsGlobalModelSynchronizerImpl - Saving global entities com.intellij.platform.workspace.jps.entities.LibraryEntity to files
2026-05-27 19:09:57,037 [  35442]   INFO - #c.i.a.o.PathMacrosImpl - Saved path macros: {MAVEN_REPOSITORY=/home/evgrart/.m2/repository}
2026-05-27 19:09:57,049 [  35454]   INFO - STDOUT - Configuration phase 2 is completed. Initiating another phase to cover possible side effects...
2026-05-27 19:09:57,049 [  35454]   INFO - STDOUT - All configuration phases are completed.
2026-05-27 19:09:57,191 [  35596]   INFO - #o.j.q.s.i.r.ConsoleLog - The Project opening stage completed in 12s
2026-05-27 19:09:57,192 [  35597]   INFO - STDOUT - The Project opening stage completed in 12s
2026-05-27 19:09:57,192 [  35597]   INFO - STDOUT - done.
2026-05-27 19:09:57,281 [  35686]   INFO - #o.j.q.s.i.r.ConsoleLog - Preparing for the Project configuration stage ...
2026-05-27 19:09:57,281 [  35686]   INFO - STDOUT - Preparing for the Project configuration stage ...
2026-05-27 19:09:57,281 [  35686]   INFO - #c.i.o.p.DumbServiceImpl - enter dumb mode [opi3]
2026-05-27 19:09:57,282 [  35687]   INFO - STDOUT - 'Queries for MergingUpdateQueue' is in progress...
2026-05-27 19:09:57,283 [  35688]   INFO - #c.i.o.p.MergingQueueGuiExecutor - Running task: (dumb mode task) com.intellij.openapi.roots.impl.PushedFilePropertiesUpdaterImpl$MyDumbModeTask@31a45937 (reason: Push on VFS changes)
2026-05-27 19:09:57,288 [  35693]   INFO - #c.i.o.p.MergingQueueGuiExecutor - Task finished: (dumb mode task) com.intellij.openapi.roots.impl.PushedFilePropertiesUpdaterImpl$MyDumbModeTask@31a45937 (reason: Push on VFS changes)
2026-05-27 19:09:57,288 [  35693]   INFO - #c.i.o.p.MergingQueueGuiExecutor - Running task: (dumb mode task) UnindexedFilesIndexer[opi3, reasons: [On refresh of files in opi3]]
2026-05-27 19:09:57,289 [  35694]   INFO - #c.i.u.i.FileBasedIndexImpl - Indexes are already loaded
2026-05-27 19:09:57,289 [  35694]   INFO - #c.i.u.i.c.IndexUpdateRunner - Using 8 workers for indexing and 4 for writing indexes
2026-05-27 19:09:57,296 [  35701]   INFO - #c.i.u.i.ProjectChangedFilesScanner - Retrieving changed during indexing files of opi3 : 11 to update, calculated in 6ms
2026-05-27 19:09:57,366 [  35771]   INFO - #c.i.c.m.CodeInsightContextEnabling - multiverse is enabled
2026-05-27 19:09:57,689 [  36094]   INFO - #c.i.u.i.UnindexedFilesIndexer - Finished for opi3. Unindexed files update took 400ms; general responsiveness: ok; EDT responsiveness: ok
2026-05-27 19:09:57,690 [  36095]   INFO - #c.i.o.p.MergingQueueGuiExecutor - Task finished: (dumb mode task) UnindexedFilesIndexer[opi3, reasons: [On refresh of files in opi3]]
2026-05-27 19:09:57,694 [  36099]   INFO - STDOUT - [IDE]: Task 'Analyzing project to enable smart features' ended
2026-05-27 19:09:57,695 [  36100]   INFO - #c.i.o.p.DumbServiceImpl - exit dumb mode [opi3]
2026-05-27 19:09:58,085 [  36490]   INFO - STDOUT - 'Queries for MergingUpdateQueue' is completed.
2026-05-27 19:09:58,085 [  36490]   INFO - #c.i.w.i.i.j.s.JpsGlobalModelSynchronizerImpl - Saving global entities com.intellij.platform.workspace.jps.entities.SdkEntity to files
2026-05-27 19:09:58,086 [  36491]   INFO - #c.i.w.i.i.j.s.JpsGlobalModelSynchronizerImpl - Saving global entities com.intellij.platform.workspace.jps.entities.LibraryEntity to files
2026-05-27 19:09:58,116 [  36521]   INFO - #c.i.a.o.PathMacrosImpl - Saved path macros: {MAVEN_REPOSITORY=/home/evgrart/.m2/repository}
2026-05-27 19:09:58,126 [  36531]   INFO - #c.i.w.i.i.j.s.JpsGlobalModelSynchronizerImpl - Saving global entities com.intellij.platform.workspace.jps.entities.SdkEntity to files
2026-05-27 19:09:58,128 [  36533]   INFO - #c.i.w.i.i.j.s.JpsGlobalModelSynchronizerImpl - Saving global entities com.intellij.platform.workspace.jps.entities.LibraryEntity to files
2026-05-27 19:09:58,146 [  36551]   INFO - #c.i.a.o.PathMacrosImpl - Saved path macros: {MAVEN_REPOSITORY=/home/evgrart/.m2/repository}
2026-05-27 19:09:58,152 [  36557]   INFO - STDOUT - Configuration phase 0 is completed. Initiating another phase to cover possible side effects...
2026-05-27 19:09:58,153 [  36558]   INFO - STDOUT - All configuration phases are completed.
2026-05-27 19:09:58,153 [  36558]   INFO - STDOUT - 'Queries for MergingUpdateQueue' is in progress...
2026-05-27 19:09:59,157 [  37562]   INFO - STDOUT - 'Queries for MergingUpdateQueue' is completed.
2026-05-27 19:09:59,158 [  37563]   INFO - #c.i.w.i.i.j.s.JpsGlobalModelSynchronizerImpl - Saving global entities com.intellij.platform.workspace.jps.entities.SdkEntity to files
2026-05-27 19:09:59,159 [  37564]   INFO - #c.i.w.i.i.j.s.JpsGlobalModelSynchronizerImpl - Saving global entities com.intellij.platform.workspace.jps.entities.LibraryEntity to files
2026-05-27 19:09:59,188 [  37593]   INFO - #c.i.a.o.PathMacrosImpl - Saved path macros: {MAVEN_REPOSITORY=/home/evgrart/.m2/repository}
2026-05-27 19:09:59,195 [  37600]   INFO - #c.i.w.i.i.j.s.JpsGlobalModelSynchronizerImpl - Saving global entities com.intellij.platform.workspace.jps.entities.SdkEntity to files
2026-05-27 19:09:59,196 [  37601]   INFO - #c.i.w.i.i.j.s.JpsGlobalModelSynchronizerImpl - Saving global entities com.intellij.platform.workspace.jps.entities.LibraryEntity to files
2026-05-27 19:09:59,214 [  37619]   INFO - #c.i.a.o.PathMacrosImpl - Saved path macros: {MAVEN_REPOSITORY=/home/evgrart/.m2/repository}
2026-05-27 19:09:59,226 [  37631]   INFO - STDOUT - Configuration phase 1 is completed. Initiating another phase to cover possible side effects...
2026-05-27 19:09:59,227 [  37632]   INFO - STDOUT - All configuration phases are completed.
2026-05-27 19:09:59,227 [  37632]   INFO - STDOUT - 'Queries for MergingUpdateQueue' is in progress...
2026-05-27 19:10:00,231 [  38636]   INFO - STDOUT - 'Queries for MergingUpdateQueue' is completed.
2026-05-27 19:10:00,232 [  38637]   INFO - #c.i.w.i.i.j.s.JpsGlobalModelSynchronizerImpl - Saving global entities com.intellij.platform.workspace.jps.entities.SdkEntity to files
2026-05-27 19:10:00,233 [  38638]   INFO - #c.i.w.i.i.j.s.JpsGlobalModelSynchronizerImpl - Saving global entities com.intellij.platform.workspace.jps.entities.LibraryEntity to files
2026-05-27 19:10:00,261 [  38666]   INFO - #c.i.a.o.PathMacrosImpl - Saved path macros: {MAVEN_REPOSITORY=/home/evgrart/.m2/repository}
2026-05-27 19:10:00,272 [  38677]   INFO - #c.i.w.i.i.j.s.JpsGlobalModelSynchronizerImpl - Saving global entities com.intellij.platform.workspace.jps.entities.SdkEntity to files
2026-05-27 19:10:00,273 [  38678]   INFO - #c.i.w.i.i.j.s.JpsGlobalModelSynchronizerImpl - Saving global entities com.intellij.platform.workspace.jps.entities.LibraryEntity to files
2026-05-27 19:10:00,292 [  38697]   INFO - #c.i.a.o.PathMacrosImpl - Saved path macros: {MAVEN_REPOSITORY=/home/evgrart/.m2/repository}
2026-05-27 19:10:00,297 [  38702]   INFO - STDOUT - Configuration phase 2 is completed. Initiating another phase to cover possible side effects...
2026-05-27 19:10:00,298 [  38703]   INFO - STDOUT - All configuration phases are completed.
2026-05-27 19:10:00,340 [  38745]   INFO - #o.j.q.s.i.r.s.QodanaProjectLoader - Configured project
2026-05-27 19:10:00,379 [  38784]   INFO - #c.i.o.p.UnindexedFilesScannerExecutor - [81207af4] Running task: com.intellij.util.indexing.UnindexedFilesScannerExecutorImpl$ScheduledScanningTask@257d2660
2026-05-27 19:10:00,380 [  38785]   INFO - #c.i.w.i.i.EntitiesOrphanageImpl - Update orphanage. 0 modules added
2026-05-27 19:10:00,382 [  38787]   INFO - #c.i.w.i.i.WorkspaceModelImpl - Project model for project opi3 updated to version 8 in 18 ms: Sync global entities with project: opi3
2026-05-27 19:10:00,382 [  38787]   INFO - #c.i.w.i.i.GlobalWorkspaceModel - During global workspace model update the changes were also applied to project: opi3
2026-05-27 19:10:00,382 [  38787]   INFO - #c.i.w.i.i.GlobalWorkspaceModel - Global model updated to version 3 in 28 ms: Modifying SDK SdkId(name=17, type=JavaSDK)
2026-05-27 19:10:00,392 [  38797]   INFO - #c.i.u.i.UnindexedFilesScanner - [81207af4] scanning stage (scanning id=2): DelayedPushProperties
2026-05-27 19:10:00,393 [  38798]   INFO - #c.i.u.i.FileBasedIndexImpl - Indexes are already loaded
2026-05-27 19:10:00,393 [  38798]   INFO - #c.i.u.i.UnindexedFilesScanner - [81207af4] Started scanning for indexing of [opi3]. Reason: Changes from WorkspaceFileIndex (140 iterators)
2026-05-27 19:10:00,393 [  38798]   INFO - #c.i.u.i.UnindexedFilesScanner - [81207af4] scanning stage (scanning id=2): CreatingIterators
2026-05-27 19:10:00,394 [  38799]   INFO - #c.i.u.i.UnindexedFilesScanner - [81207af4] scanning stage (scanning id=2): CollectingIndexableFiles
2026-05-27 19:10:00,394 [  38799]   INFO - #c.i.u.i.UnindexedFilesScanner - Scanning of [opi3] uses 8 scanning threads
2026-05-27 19:10:01,335 [  39740]   INFO - #c.i.u.i.UnindexedFilesScanner - [81207af4] Scanning completed for [opi3]. Number of scanned files: 42297; number of files for indexing: 0
2026-05-27 19:10:01,341 [  39746]   INFO - #c.i.u.i.PerProjectIndexingQueue - Finished for [opi3]. No files to index with loading content.
2026-05-27 19:10:01,341 [  39746]   INFO - #c.i.o.p.UnindexedFilesScannerExecutor - [81207af4] Task finished (scanning id=2): com.intellij.util.indexing.UnindexedFilesScannerExecutorImpl$ScheduledScanningTask@257d2660
2026-05-27 19:10:01,348 [  39753]   INFO - #c.i.o.p.UnindexedFilesScannerExecutor - [81207af4] Running task: com.intellij.util.indexing.UnindexedFilesScannerExecutorImpl$ScheduledScanningTask@7034eedb
2026-05-27 19:10:01,349 [  39754]   INFO - #c.i.o.p.UnindexedFilesScannerExecutor - [81207af4] Skipping task: com.intellij.util.indexing.UnindexedFilesScannerExecutorImpl$ScheduledScanningTask@7034eedb
2026-05-27 19:10:01,356 [  39761]   INFO - #o.j.q.s.i.r.ConsoleLog - The Project configuration stage completed in 4s
2026-05-27 19:10:01,356 [  39761]   INFO - STDOUT - The Project configuration stage completed in 4s
2026-05-27 19:10:04,187 [  42592]   INFO - STDOUT - Initializing project…Inspecting with the 'qodana.recommended' profile
2026-05-27 19:10:04,381 [  42786]   INFO - #o.j.q.s.p.QodanaProfile - The 'qodana.sanity' profile is configured for sanity checks
2026-05-27 19:10:07,501 [  45906]   INFO - #o.j.q.s.i.r.ConsoleLog - Preparing for the Project analysis stage ...
2026-05-27 19:10:07,501 [  45906]   INFO - STDOUT - Preparing for the Project analysis stage ...
2026-05-27 19:10:07,713 [  46118]   INFO - #c.i.a.AnalysisScope - Scanning scope took 101 ms
2026-05-27 19:10:07,728 [  46133]   INFO - #c.i.c.e.GlobalJavaInspectionContextImpl - Processing external usages finished in 0 ms
2026-05-27 19:10:08,110 [  46515]   INFO - #c.i.x.Html5SchemaProvider - HTML5_SCHEMA_LOCATION = /home/evgrart/.cache/JetBrains/Qodana/qodana-QDJVMC-261.24091.87.tar/lib/intellij.relaxng.jar!/resources/html5-schema/html5.rnc
2026-05-27 19:10:08,471 [  46876]   INFO - STDOUT - Analyzing code 1%
2026-05-27 19:10:08,487 [  46892]   INFO - STDOUT - Analyzing code 2%
2026-05-27 19:10:08,494 [  46899]   INFO - STDOUT - Analyzing code 3%
2026-05-27 19:10:08,495 [  46900]   INFO - STDOUT - Analyzing code 3%
2026-05-27 19:10:08,569 [  46974]   INFO - STDOUT - Analyzing code 4%
2026-05-27 19:10:08,624 [  47029]   INFO - STDOUT - Analyzing code 5%
2026-05-27 19:10:08,638 [  47043]   INFO - STDOUT - Analyzing code 6%
2026-05-27 19:10:08,661 [  47066]   INFO - STDOUT - Analyzing code 7%
2026-05-27 19:10:08,676 [  47081]   INFO - STDOUT - Analyzing code 8%
2026-05-27 19:10:08,693 [  47098]   INFO - STDOUT - Analyzing code 9%
2026-05-27 19:10:08,708 [  47113]   INFO - STDOUT - Analyzing code 10%
2026-05-27 19:10:08,818 [  47223]   INFO - STDOUT - Analyzing code 11%
2026-05-27 19:10:08,847 [  47252]   INFO - STDOUT - Analyzing code 12%
2026-05-27 19:10:08,856 [  47261]   INFO - STDOUT - Analyzing code 13%
2026-05-27 19:10:08,891 [  47296]   INFO - STDOUT - Analyzing code 14%
2026-05-27 19:10:08,930 [  47335]   INFO - STDOUT - Analyzing code 15%
2026-05-27 19:10:09,094 [  47499]   INFO - STDOUT - Analyzing code 16%
2026-05-27 19:10:09,144 [  47549]   INFO - STDOUT - Analyzing code 17%
2026-05-27 19:10:09,207 [  47612]   INFO - STDOUT - Analyzing code 18%
2026-05-27 19:10:09,217 [  47622]   INFO - STDOUT - Analyzing code 19%
2026-05-27 19:10:09,230 [  47635]   INFO - STDOUT - Analyzing code 20%
2026-05-27 19:10:09,253 [  47658]   INFO - STDOUT - Analyzing code 21%
2026-05-27 19:10:09,296 [  47701]   INFO - STDOUT - Analyzing code 22%
2026-05-27 19:10:09,323 [  47728]   INFO - STDOUT - Analyzing code 23%
2026-05-27 19:10:09,344 [  47749]   INFO - STDOUT - Analyzing code 24%
2026-05-27 19:10:09,363 [  47768]   INFO - STDOUT - Analyzing code 25%
2026-05-27 19:10:09,379 [  47784]   INFO - STDOUT - Analyzing code 26%
2026-05-27 19:10:09,403 [  47808]   INFO - STDOUT - Analyzing code 27%
2026-05-27 19:10:09,456 [  47861]   INFO - STDOUT - Analyzing code 28%
2026-05-27 19:10:09,468 [  47873]   INFO - STDOUT - Analyzing code 29%
2026-05-27 19:10:09,539 [  47944]   INFO - STDOUT - Analyzing code 30%
2026-05-27 19:10:09,543 [  47948]   INFO - STDOUT - Analyzing code 30%
2026-05-27 19:10:09,546 [  47951]   INFO - STDOUT - Analyzing code 31%
2026-05-27 19:10:09,555 [  47960]   INFO - STDOUT - Analyzing code 32%
2026-05-27 19:10:09,555 [  47960]   INFO - STDOUT - Analyzing code 32%
2026-05-27 19:10:09,561 [  47966]   INFO - STDOUT - Analyzing code 33%
2026-05-27 19:10:09,566 [  47971]   INFO - STDOUT - Analyzing code 34%
2026-05-27 19:10:09,576 [  47981]   INFO - STDOUT - Analyzing code 35%
2026-05-27 19:10:09,738 [  48143]   INFO - STDOUT - Analyzing code 36%
2026-05-27 19:10:09,793 [  48198]   INFO - STDOUT - Analyzing code 37%
2026-05-27 19:10:09,981 [  48386]   INFO - STDOUT - Analyzing code 38%
2026-05-27 19:10:10,207 [  48612]   INFO - STDOUT - Analyzing code 39%
2026-05-27 19:10:10,211 [  48616]   INFO - STDOUT - Analyzing code 39%
2026-05-27 19:10:10,220 [  48625]   INFO - STDOUT - Analyzing code 40%
2026-05-27 19:10:10,398 [  48803]   INFO - STDOUT - Analyzing code 41%
2026-05-27 19:10:10,449 [  48854]   INFO - STDOUT - Analyzing code 42%
2026-05-27 19:10:10,481 [  48886]   INFO - STDOUT - Analyzing code 43%
2026-05-27 19:10:10,559 [  48964]   INFO - STDOUT - Analyzing code 44%
2026-05-27 19:10:10,594 [  48999]   INFO - STDOUT - Analyzing code 45%
2026-05-27 19:10:10,630 [  49035]   INFO - STDOUT - Analyzing code 46%
2026-05-27 19:10:10,668 [  49073]   INFO - STDOUT - Analyzing code 47%
2026-05-27 19:10:10,751 [  49156]   INFO - STDOUT - Analyzing code 48%
2026-05-27 19:10:10,810 [  49215]   INFO - STDOUT - Analyzing code 49%
2026-05-27 19:10:10,848 [  49253]   INFO - STDOUT - Analyzing code 50%
2026-05-27 19:10:10,879 [  49284]   INFO - STDOUT - Analyzing code 51%
2026-05-27 19:10:12,108 [  50513]   INFO - STDOUT - Analyzing code 52%
2026-05-27 19:10:12,589 [  50994]   INFO - #o.j.q.s.i.r.ConsoleLog - The Project analysis stage completed in 5s
2026-05-27 19:10:12,589 [  50994]   INFO - STDOUT - The Project analysis stage completed in 5s
2026-05-27 19:10:12,594 [  50999]   INFO - #o.j.q.s.i.r.AsyncInspectionToolResultWriter - Async result writer started
2026-05-27 19:10:12,625 [  51030]   INFO - #o.j.q.s.s.n.RuntimeNotificationCollector$NotificationReportContributor - No tool errors to report to sarif file
2026-05-27 19:10:12,625 [  51030]   WARN - #o.j.q.s.s.GitReportContributor - Unable to find the branch name, please set the environment variable QODANA_BRANCH
2026-05-27 19:10:12,625 [  51030]   WARN - #o.j.q.s.s.GitReportContributor - Unable to find the remote url, please set the environment variable QODANA_REMOTE_URL
2026-05-27 19:10:12,625 [  51030]   WARN - #o.j.q.s.s.GitReportContributor - Unable to find the revision, please set the environment variable QODANA_REVISION
2026-05-27 19:10:12,625 [  51030]   WARN - #o.j.q.s.s.GitReportContributor - Unable to parse the repository url, please set the environment variable QODANA_REPO_URL, should start with https://
2026-05-27 19:10:12,841 [  51246]   INFO - #c.i.u.i.PersistentDirtyFilesQueue - Dirty file ids stored. Size: 0. Index: 2 Path: /home/evgrart/.cache/JetBrains/Qodana/ac8555c8-b0bfb7b1/cache/idea/261/index/dirty-file-queues/81207af4
2026-05-27 19:10:12,856 [  51261]   INFO - #c.i.p.p.ProjectEntitiesStorage - Project ProjectId#vj9ff6nnjt7rqrtu11mb is disposed, removing entity
2026-05-27 19:10:12,860 [  51265]   INFO - #c.i.p.d.i.f.FrontendXBreakpointManager - Breakpoint removed for XBreakpointId(uid=1)
2026-05-27 19:10:12,884 [  51289]   INFO - #c.i.w.i.i.GlobalWorkspaceModel - Project opi3 is removed from the list of initializing and open projects. Project was disposed.
2026-05-27 19:10:12,920 [  51325]   INFO - #c.i.c.b.CompilerReferenceServiceBase - backward reference index reader is closed (didn't exist)
2026-05-27 19:10:12,961 [  51366]   INFO - STDOUT - 
2026-05-27 19:10:12,961 [  51366]   INFO - STDOUT - Qodana - Detailed summary
2026-05-27 19:10:12,962 [  51367]   INFO - STDOUT - Analysis results: 0 problem detected
2026-05-27 19:10:12,962 [  51367]   INFO - STDOUT - 
2026-05-27 19:10:13,215 [  51620]   INFO - #o.j.q.s.i.r.QodanaInspectionApplication - sessionId: 26052716-ce61bb57e5d8
2026-05-27 19:10:13,227 [  51632]   INFO - #c.i.w.i.i.j.s.JpsGlobalModelSynchronizerImpl - Saving global entities com.intellij.platform.workspace.jps.entities.SdkEntity to files
2026-05-27 19:10:13,228 [  51633]   INFO - #c.i.w.i.i.j.s.JpsGlobalModelSynchronizerImpl - Saving global entities com.intellij.platform.workspace.jps.entities.LibraryEntity to files
2026-05-27 19:10:13,239 [  51644]   INFO - #c.i.a.o.PathMacrosImpl - Saved path macros: {MAVEN_REPOSITORY=/home/evgrart/.m2/repository}
2026-05-27 19:10:13,264 [  51669]   INFO - #c.i.i.s.e.u.EventLogExternalUploader - Statistics. Started external process for uploading event log
2026-05-27 19:10:13,290 [  51695]   INFO - #c.i.o.f.i.FileTypeDetectionService - 3 auto-detected files. Detection took 10 ms
2026-05-27 19:10:13,303 [  51708]   INFO - #o.j.i.BuiltInServer - web server stopped
2026-05-27 19:10:13,309 [  51714]   INFO - #c.i.u.i.FileBasedIndexImpl - Index dispose started
2026-05-27 19:10:13,312 [  51717]   INFO - #c.i.u.i.PersistentDirtyFilesQueue - Dirty file ids stored. Size: 2. Index: 2 Path: /home/evgrart/.cache/JetBrains/Qodana/ac8555c8-b0bfb7b1/cache/idea/261/index/dirty-file-ids
2026-05-27 19:10:13,345 [  51750]   INFO - #c.i.p.s.StubIndexImpl - StubIndexExtension-s were unloaded
2026-05-27 19:10:13,345 [  51750]   INFO - #c.i.p.s.SerializationManagerImpl - Start shutting down /home/evgrart/.cache/JetBrains/Qodana/ac8555c8-b0bfb7b1/cache/idea/261/index/rep.names
2026-05-27 19:10:13,346 [  51751]   INFO - #c.i.p.s.SerializationManagerImpl - Finished shutting down /home/evgrart/.cache/JetBrains/Qodana/ac8555c8-b0bfb7b1/cache/idea/261/index/rep.names
2026-05-27 19:10:13,346 [  51751]   INFO - #c.i.u.i.FileBasedIndexImpl - Index dispose completed in 37ms.
2026-05-27 19:10:13,457 [  51862]   INFO - #c.i.o.v.n.p.PersistentFSImpl - VFS dispose started
2026-05-27 19:10:13,458 [  51863]   INFO - #c.i.o.v.n.p.FSRecordsImpl - VFS closing
2026-05-27 19:10:13,461 [  51866]   INFO - #c.i.o.v.n.p.PersistentFSImpl - VFS dispose completed in 3 ms.
2026-05-27 19:10:13,801 [  52206]   INFO - #c.i.p.i.b.AppStarter - ------------------------------------------------------ IDE SHUTDOWN ------------------------------------------------------
